Date,Open,High,Low,Close,Adj Close,Volume
2002-07-01,4.5,5.099999904632568,4.5,5.099999904632568,3.992577314376831,20808
2002-07-02,5.5,6.150000095367432,5.5,6.050000190734863,4.736292839050293,44766
2002-07-03,6.300000190734863,6.300000190734863,5.199999809265137,5.25,4.110006332397461,27430
2002-07-04,5.5,6.0,5.5,5.849999904632568,4.579720973968506,19876
2002-07-05,6.099999904632568,7.050000190734863,6.099999904632568,7.050000190734863,5.519151210784912,72157
2002-07-08,7.5,8.5,7.150000095367432,8.449999809265137,6.615152835845947,138818
2002-07-09,8.850000381469727,10.149999618530273,8.399999618530273,9.100000381469727,7.124011039733887,216293
2002-07-10,9.75,9.75,7.849999904632568,8.300000190734863,6.4977240562438965,66475
2002-07-11,7.75,7.75,7.0,7.349999904632568,5.7540082931518555,27748
2002-07-12,7.050000190734863,7.349999904632568,6.75,7.25,5.675722599029541,13338
2002-07-15,7.0,7.0,6.5,6.550000190734863,5.127722263336182,12519
2002-07-16,6.5,6.949999809265137,6.099999904632568,6.599999904632568,5.16686487197876,14695
2002-07-17,6.5,6.5,5.300000190734863,5.75,4.50143575668335,32162
2002-07-18,5.900000095367432,6.900000095367432,5.900000095367432,6.900000095367432,5.401722431182861,46477
2002-07-19,7.0,7.400000095367432,6.75,6.900000095367432,5.401722431182861,31102
2002-07-22,6.150000095367432,6.400000095367432,5.550000190734863,5.900000095367432,4.6188645362854,18349
2002-07-23,5.800000190734863,6.099999904632568,5.550000190734863,6.0,4.697150230407715,7480
2002-07-24,5.599999904632568,6.099999904632568,5.400000095367432,5.5,4.305720806121826,3941
2002-07-25,5.5,5.650000095367432,5.5,5.5,4.305720806121826,3200
2002-07-26,5.150000095367432,5.199999809265137,4.800000190734863,4.949999809265137,3.8751485347747803,8392
2002-07-29,4.5,4.800000190734863,4.0,4.099999904632568,3.209719181060791,15809
2002-07-30,4.199999809265137,4.650000095367432,3.5,3.75,2.935718536376953,12777
2002-07-31,4.5,4.5,3.450000047683716,3.75,2.935718536376953,6803
2002-08-01,4.050000190734863,4.349999904632568,4.0,4.050000190734863,3.170576333999634,3550
2002-08-02,4.050000190734863,4.25,3.8499999046325684,4.199999809265137,3.2880048751831055,5551
2002-08-05,3.75,4.5,3.6500000953674316,4.400000095367432,3.4445767402648926,6838
2002-08-06,4.5,4.550000190734863,4.199999809265137,4.5,3.522862672805786,3582
2002-08-07,5.0,5.400000095367432,5.0,5.150000095367432,4.0317206382751465,19162
2002-08-08,5.150000095367432,5.199999809265137,4.900000095367432,5.0,3.9142918586730957,15535
2002-08-09,5.0,5.0,4.699999809265137,4.900000095367432,3.836005926132202,6846
2002-08-12,4.699999809265137,5.0,4.699999809265137,4.949999809265137,3.8751485347747803,2400
2002-08-13,4.800000190734863,5.0,4.800000190734863,5.0,3.9142918586730957,192
2002-08-14,4.800000190734863,4.800000190734863,4.599999904632568,4.75,3.7185769081115723,2800
2002-08-16,4.400000095367432,4.699999809265137,4.400000095367432,4.699999809265137,3.679434299468994,2
2002-08-19,4.25,4.25,4.099999904632568,4.099999904632568,3.209719181060791,2000
2002-08-20,4.25,4.400000095367432,4.0,4.199999809265137,3.2880048751831055,5100
2002-08-21,4.150000095367432,4.150000095367432,4.099999904632568,4.099999904632568,3.209719181060791,3000
2002-08-22,4.150000095367432,4.150000095367432,4.150000095367432,4.150000095367432,3.2488620281219482,1800
2002-08-23,4.150000095367432,4.5,4.050000190734863,4.199999809265137,3.2880048751831055,4500
2002-08-26,4.0,4.150000095367432,3.9000000953674316,4.0,3.1314334869384766,2700
2002-08-27,4.0,4.25,4.0,4.0,3.1314334869384766,1000
2002-08-28,4.050000190734863,4.050000190734863,4.0,4.0,3.1314334869384766,300
2002-08-29,3.9000000953674316,4.050000190734863,3.9000000953674316,3.9000000953674316,3.053147792816162,4000
2002-08-30,4.150000095367432,4.150000095367432,4.099999904632568,4.150000095367432,3.2488620281219482,651
2002-09-02,4.300000190734863,4.300000190734863,4.25,4.300000190734863,3.366291046142578,200
2002-09-03,4.099999904632568,4.099999904632568,4.0,4.0,3.1314334869384766,856
2002-09-04,3.75,3.9000000953674316,3.75,3.799999952316284,2.9748613834381104,1264
2002-09-05,3.9000000953674316,3.9000000953674316,3.799999952316284,3.8499999046325684,3.014004707336426,1182
2002-09-06,3.450000047683716,3.5999999046325684,3.4000000953674316,3.450000047683716,2.7008612155914307,4300
2002-09-09,3.450000047683716,3.700000047683716,3.450000047683716,3.450000047683716,2.7008612155914307,900
2002-09-11,3.6500000953674316,3.6500000953674316,3.5999999046325684,3.5999999046325684,2.8182899951934814,4300
2002-09-12,3.5999999046325684,3.5999999046325684,3.5999999046325684,3.5999999046325684,2.8182899951934814,200
2002-09-16,3.4000000953674316,4.25,3.4000000953674316,4.25,3.327147960662842,2500
2002-09-17,3.450000047683716,3.75,3.450000047683716,3.549999952316284,2.779147148132324,1200
2002-09-18,3.1500000953674316,3.950000047683716,3.1500000953674316,3.950000047683716,3.0922906398773193,2500
2002-09-19,4.0,4.0,3.75,3.75,2.935718536376953,274
2002-09-20,3.549999952316284,3.5999999046325684,3.549999952316284,3.5999999046325684,2.8182899951934814,600
2002-09-23,3.75,3.75,3.5,3.5,2.740004062652588,2000
2002-09-24,3.5,3.5,3.5,3.5,2.740004062652588,500
2002-09-25,3.5999999046325684,4.199999809265137,3.5999999046325684,4.0,3.1314334869384766,2200
2002-09-27,3.950000047683716,3.950000047683716,3.5,3.5999999046325684,2.8182899951934814,1600
2002-09-30,4.0,4.0,4.0,4.0,3.1314334869384766,950
2002-10-01,3.4000000953674316,3.6500000953674316,3.4000000953674316,3.6500000953674316,2.8574328422546387,2000
2002-10-03,3.5,3.5,3.5,3.5,2.740004062652588,500
2002-10-04,3.5999999046325684,3.9000000953674316,3.549999952316284,3.5999999046325684,2.8182899951934814,5200
2002-10-08,3.3499999046325684,3.799999952316284,3.3499999046325684,3.4000000953674316,2.6617183685302734,5100
2002-10-11,3.25,3.25,3.25,3.25,2.5442895889282227,100
2002-10-14,3.5,3.5,3.25,3.25,2.5442895889282227,4700
2002-10-16,3.549999952316284,3.700000047683716,3.549999952316284,3.5999999046325684,2.8182899951934814,1489
2002-10-18,3.8499999046325684,3.9000000953674316,3.299999952316284,3.549999952316284,2.779147148132324,1800
2002-10-21,3.4000000953674316,3.4000000953674316,3.299999952316284,3.299999952316284,2.58343243598938,2600
2002-10-22,3.25,3.25,3.25,3.25,2.5442895889282227,254
2002-10-23,3.5,3.5,3.1500000953674316,3.1500000953674316,2.466003894805908,3800
2002-10-25,3.0,3.0999999046325684,3.0,3.049999952316284,2.3877179622650146,1700
2002-10-28,3.0,3.1500000953674316,3.0,3.049999952316284,2.3877179622650146,1000
2002-10-29,2.9000000953674316,2.9000000953674316,2.9000000953674316,2.9000000953674316,2.270289182662964,300
2002-10-30,3.0,3.0,3.0,3.0,2.3485751152038574,500
2002-10-31,3.450000047683716,3.450000047683716,3.450000047683716,3.450000047683716,2.7008612155914307,2
2002-11-05,3.25,3.25,3.25,3.25,2.5442895889282227,100
2002-11-07,3.25,3.25,3.0,3.25,2.5442895889282227,2200
2002-11-08,3.299999952316284,3.3499999046325684,3.25,3.25,2.5442895889282227,1200
2002-11-11,3.5,3.5,2.9000000953674316,3.299999952316284,2.58343243598938,1380
2002-11-12,3.0999999046325684,3.0999999046325684,3.0999999046325684,3.0999999046325684,2.4268605709075928,160
2002-11-13,3.049999952316284,3.049999952316284,3.0,3.049999952316284,2.3877179622650146,1600
2002-11-14,3.049999952316284,3.049999952316284,3.049999952316284,3.049999952316284,2.3877179622650146,157
2002-11-15,3.5,3.5,3.049999952316284,3.5,2.740004062652588,295
2002-11-18,3.1500000953674316,3.5,3.0999999046325684,3.450000047683716,2.7008612155914307,682
2002-11-20,3.75,3.75,3.25,3.25,2.5442895889282227,500
2002-11-21,3.8499999046325684,3.8499999046325684,3.5,3.5,2.740004062652588,9600
2002-11-22,3.5,3.6500000953674316,3.5,3.6500000953674316,2.8574328422546387,1000
2002-11-25,3.200000047683716,3.5999999046325684,3.200000047683716,3.549999952316284,2.779147148132324,5500
2002-11-26,3.9000000953674316,3.9000000953674316,3.549999952316284,3.5999999046325684,2.8182899951934814,1200
2002-11-27,3.200000047683716,3.549999952316284,3.1500000953674316,3.25,2.5442895889282227,7100
2002-11-28,3.25,3.5,3.25,3.5,2.740004062652588,232
2002-11-29,3.549999952316284,3.9000000953674316,3.549999952316284,3.75,2.935718536376953,5152
2002-12-02,3.8499999046325684,4.5,3.8499999046325684,4.0,3.1314334869384766,11400
2002-12-03,4.099999904632568,4.400000095367432,3.9000000953674316,4.199999809265137,3.2880048751831055,6000
2002-12-04,4.25,4.25,3.75,4.099999904632568,3.209719181060791,3800
2002-12-05,4.050000190734863,4.099999904632568,3.950000047683716,4.099999904632568,3.209719181060791,1900
2002-12-06,4.25,4.25,4.0,4.050000190734863,3.170576333999634,4600
2002-12-09,3.950000047683716,4.050000190734863,3.700000047683716,3.700000047683716,2.896575689315796,3500
2002-12-10,3.700000047683716,4.0,3.700000047683716,4.0,3.1314334869384766,3600
2002-12-11,3.950000047683716,3.950000047683716,3.700000047683716,3.75,2.935718536376953,1300
2002-12-12,3.950000047683716,4.0,3.75,3.9000000953674316,3.053147792816162,2800
2002-12-13,3.6500000953674316,3.6500000953674316,3.6500000953674316,3.6500000953674316,2.8574328422546387,182
2002-12-16,3.950000047683716,3.950000047683716,3.950000047683716,3.950000047683716,3.0922906398773193,100
2002-12-17,4.0,4.0,3.5999999046325684,3.5999999046325684,2.8182899951934814,1100
2002-12-19,3.4000000953674316,3.4000000953674316,3.299999952316284,3.299999952316284,2.58343243598938,2900
2002-12-20,3.75,3.75,3.4000000953674316,3.4000000953674316,2.6617183685302734,1000
2002-12-23,3.299999952316284,3.299999952316284,3.049999952316284,3.25,2.5442895889282227,1000
2002-12-24,3.25,3.5999999046325684,3.200000047683716,3.549999952316284,2.779147148132324,1300
2002-12-26,3.5,3.5,3.5,3.5,2.740004062652588,432
2002-12-27,3.5,3.5,3.5,3.5,2.740004062652588,1600
2002-12-30,3.549999952316284,3.549999952316284,3.200000047683716,3.200000047683716,2.5051465034484863,1400
2002-12-31,3.200000047683716,3.75,3.200000047683716,3.25,2.5442895889282227,1800
2003-01-01,3.5,3.5,3.5,3.5,2.740004062652588,100
2003-01-03,3.049999952316284,3.4000000953674316,3.049999952316284,3.25,2.5442895889282227,1300
2003-01-07,3.5,3.8499999046325684,3.5,3.700000047683716,2.896575689315796,20
2003-01-08,3.5999999046325684,3.5999999046325684,3.299999952316284,3.5,2.740004062652588,4400
2003-01-09,3.4000000953674316,3.75,3.200000047683716,3.4000000953674316,2.6617183685302734,2200
2003-01-10,3.3499999046325684,3.4000000953674316,3.299999952316284,3.3499999046325684,2.622575283050537,1700
2003-01-13,3.3499999046325684,3.450000047683716,3.3499999046325684,3.450000047683716,2.7008612155914307,3000
2003-01-14,3.700000047683716,3.700000047683716,3.5,3.5,2.740004062652588,1000
2003-01-15,3.299999952316284,3.6500000953674316,3.299999952316284,3.4000000953674316,2.6617183685302734,1600
2003-01-16,3.0999999046325684,3.5,3.0999999046325684,3.450000047683716,2.7008612155914307,2500
2003-01-17,3.450000047683716,3.450000047683716,3.0,3.049999952316284,2.3877179622650146,13100
2003-01-20,3.0999999046325684,3.25,3.0,3.0,2.3485751152038574,12800
2003-01-21,3.3499999046325684,3.3499999046325684,3.0,3.0,2.3485751152038574,1400
2003-01-22,3.0,3.049999952316284,3.0,3.0,2.3485751152038574,2800
2003-01-23,3.0,3.0,2.950000047683716,2.950000047683716,2.3094322681427,500
2003-01-24,3.200000047683716,3.200000047683716,2.6500000953674316,2.8499999046325684,2.2311460971832275,2000
2003-01-27,2.700000047683716,2.700000047683716,2.700000047683716,2.700000047683716,2.113717794418335,750
2003-01-29,2.700000047683716,3.0,2.700000047683716,2.700000047683716,2.113717794418335,750
2003-01-30,2.549999952316284,2.549999952316284,2.549999952316284,2.549999952316284,1.9962886571884155,200
2003-01-31,2.700000047683716,3.0999999046325684,2.700000047683716,3.0999999046325684,2.4268605709075928,400
2003-02-03,2.75,2.75,2.75,2.75,2.152860403060913,100
2003-02-05,2.950000047683716,3.0,2.950000047683716,3.0,2.3485751152038574,4800
2003-02-07,2.950000047683716,2.950000047683716,2.950000047683716,2.950000047683716,2.3094322681427,200
2003-02-10,2.549999952316284,2.549999952316284,2.549999952316284,2.549999952316284,1.9962886571884155,82
2003-02-11,2.200000047683716,2.549999952316284,2.200000047683716,2.4000000953674316,1.8788602352142334,2000
2003-02-12,2.049999952316284,2.9000000953674316,2.049999952316284,2.9000000953674316,2.270289182662964,1200
2003-02-14,2.700000047683716,2.700000047683716,2.4000000953674316,2.700000047683716,2.113717794418335,1300
2003-02-17,3.200000047683716,3.200000047683716,2.6500000953674316,2.799999952316284,2.1920034885406494,1193
2003-02-18,2.9000000953674316,2.9000000953674316,2.75,2.799999952316284,2.1920034885406494,2200
2003-02-19,2.700000047683716,2.8499999046325684,2.700000047683716,2.8499999046325684,2.2311460971832275,2500
2003-02-20,2.700000047683716,2.75,2.700000047683716,2.75,2.152860403060913,446
2003-02-21,2.75,2.75,2.75,2.75,2.152860403060913,650
2003-02-24,2.75,2.799999952316284,2.75,2.799999952316284,2.1920034885406494,265
2003-02-25,2.8499999046325684,3.0,2.8499999046325684,3.0,2.3485751152038574,400
2003-02-26,3.0,3.0,2.799999952316284,3.0,2.3485751152038574,632
2003-02-27,2.5,3.0,2.5,3.0,2.3485751152038574,1500
2003-02-28,2.75,3.200000047683716,2.549999952316284,2.75,2.152860403060913,8300
2003-03-03,2.75,2.799999952316284,2.75,2.75,2.152860403060913,289
2003-03-05,2.75,2.75,2.75,2.75,2.152860403060913,850
2003-03-11,2.299999952316284,2.299999952316284,2.299999952316284,2.299999952316284,1.8005740642547607,15
2003-03-12,2.299999952316284,2.5999999046325684,2.299999952316284,2.5999999046325684,2.0354316234588623,300
2003-03-13,2.299999952316284,2.299999952316284,2.299999952316284,2.299999952316284,1.8005740642547607,82
2003-03-17,2.4000000953674316,2.450000047683716,2.299999952316284,2.450000047683716,1.918002963066101,773
2003-03-19,2.3499999046325684,2.3499999046325684,2.3499999046325684,2.3499999046325684,1.839717149734497,670
2003-03-20,2.3499999046325684,2.3499999046325684,2.200000047683716,2.3499999046325684,1.839717149734497,11300
2003-03-21,2.8499999046325684,2.8499999046325684,2.4000000953674316,2.4000000953674316,1.8788602352142334,557
2003-03-24,2.0999999046325684,2.450000047683716,2.0999999046325684,2.450000047683716,1.918002963066101,12000
2003-03-25,2.25,2.450000047683716,2.1500000953674316,2.1500000953674316,1.683145523071289,900
2003-03-26,2.5,2.5,2.0,2.049999952316284,1.6048595905303955,6300
2003-03-27,1.850000023841858,1.850000023841858,1.850000023841858,1.850000023841858,1.448287844657898,2500
2003-03-28,1.850000023841858,1.850000023841858,1.7999999523162842,1.7999999523162842,1.4091449975967407,250
2003-03-31,1.850000023841858,1.850000023841858,1.850000023841858,1.850000023841858,1.448287844657898,200
2003-04-01,1.899999976158142,2.25,1.899999976158142,2.200000047683716,1.7222883701324463,286
2003-04-02,1.9500000476837158,2.200000047683716,1.9500000476837158,2.200000047683716,1.7222883701324463,264
2003-04-04,2.0999999046325684,2.549999952316284,2.049999952316284,2.450000047683716,1.918002963066101,992
2003-04-07,2.450000047683716,2.450000047683716,2.450000047683716,2.450000047683716,1.918002963066101,218
2003-04-08,2.8499999046325684,2.950000047683716,2.5999999046325684,2.700000047683716,2.113717794418335,4300
2003-04-09,2.9000000953674316,2.9000000953674316,2.5,2.5,1.9571459293365479,3700
2003-04-15,2.700000047683716,2.700000047683716,2.3499999046325684,2.4000000953674316,1.8788602352142334,2900
2003-04-16,2.4000000953674316,2.450000047683716,2.4000000953674316,2.450000047683716,1.918002963066101,1100
2003-04-17,2.4000000953674316,2.4000000953674316,2.4000000953674316,2.4000000953674316,1.8788602352142334,100
2003-04-21,2.25,2.25,2.1500000953674316,2.200000047683716,1.7222883701324463,1800
2003-04-23,2.25,2.3499999046325684,2.25,2.299999952316284,1.8005740642547607,4000
2003-04-24,2.3499999046325684,2.3499999046325684,2.3499999046325684,2.3499999046325684,1.839717149734497,110
2003-04-25,2.299999952316284,2.299999952316284,2.299999952316284,2.299999952316284,1.8005740642547607,900
2003-04-28,2.299999952316284,2.299999952316284,2.200000047683716,2.25,1.761431336402893,1600
2003-04-29,2.25,2.25,2.200000047683716,2.200000047683716,1.7222883701324463,2200
2003-04-30,2.1500000953674316,2.299999952316284,2.1500000953674316,2.299999952316284,1.8005740642547607,1500
2003-05-02,2.299999952316284,2.299999952316284,2.1500000953674316,2.200000047683716,1.7222883701324463,1600
2003-05-05,2.3499999046325684,2.3499999046325684,2.3499999046325684,2.3499999046325684,1.839717149734497,435
2003-05-06,2.5,2.5999999046325684,2.5,2.549999952316284,1.9962886571884155,2100
2003-05-07,2.5999999046325684,2.5999999046325684,2.450000047683716,2.5,1.9571459293365479,1400
2003-05-08,2.450000047683716,2.5,2.4000000953674316,2.450000047683716,1.918002963066101,2400
2003-05-09,2.5999999046325684,2.950000047683716,2.5999999046325684,2.950000047683716,2.3094322681427,3100
2003-05-12,3.1500000953674316,3.549999952316284,3.1500000953674316,3.549999952316284,2.779147148132324,4000
2003-05-13,3.799999952316284,4.300000190734863,3.799999952316284,4.25,3.327147960662842,23300
2003-05-14,4.949999809265137,4.949999809265137,3.549999952316284,3.75,2.935718536376953,13100
2003-05-15,4.099999904632568,4.400000095367432,3.799999952316284,4.0,3.1314334869384766,10300
2003-05-16,4.150000095367432,4.150000095367432,3.75,3.799999952316284,2.9748613834381104,9500
2003-05-19,3.75,4.349999904632568,3.75,3.799999952316284,2.9748613834381104,3500
2003-05-20,3.9000000953674316,3.9000000953674316,3.549999952316284,3.5999999046325684,2.8182899951934814,2200
2003-05-21,3.5999999046325684,3.9000000953674316,3.5,3.5999999046325684,2.8182899951934814,2400
2003-05-22,3.5,3.75,3.450000047683716,3.5,2.740004062652588,5100
2003-05-23,3.5,3.5999999046325684,3.4000000953674316,3.450000047683716,2.7008612155914307,2100
2003-05-26,3.299999952316284,4.050000190734863,3.299999952316284,3.9000000953674316,3.053147792816162,8500
2003-05-27,3.799999952316284,3.950000047683716,3.6500000953674316,3.700000047683716,2.896575689315796,7600
2003-05-28,3.5,3.700000047683716,3.25,3.4000000953674316,2.6617183685302734,8000
2003-05-29,4.0,4.0,3.4000000953674316,3.5999999046325684,2.8182899951934814,7200
2003-05-30,3.5999999046325684,4.0,3.5999999046325684,3.950000047683716,3.0922906398773193,8400
2003-06-02,4.099999904632568,4.099999904632568,3.6500000953674316,3.799999952316284,2.9748613834381104,4200
2003-06-03,3.799999952316284,3.950000047683716,3.700000047683716,3.700000047683716,2.896575689315796,3600
2003-06-04,3.5999999046325684,4.0,3.5999999046325684,3.9000000953674316,3.053147792816162,6700
2003-06-05,4.0,4.150000095367432,3.8499999046325684,4.050000190734863,3.170576333999634,8500
2003-06-06,4.099999904632568,4.25,4.0,4.150000095367432,3.2488620281219482,9400
2003-06-09,4.5,4.5,4.0,4.199999809265137,3.2880048751831055,17500
2003-06-10,5.0,5.0,4.050000190734863,4.150000095367432,3.2488620281219482,7200
2003-06-11,4.150000095367432,4.349999904632568,3.950000047683716,4.0,3.1314334869384766,6400
2003-06-12,4.050000190734863,4.150000095367432,4.0,4.150000095367432,3.2488620281219482,6100
2003-06-13,3.549999952316284,4.150000095367432,3.549999952316284,4.0,3.1314334869384766,8600
2003-06-16,3.9000000953674316,4.099999904632568,3.9000000953674316,4.0,3.1314334869384766,3800
2003-06-17,4.0,4.0,3.799999952316284,3.9000000953674316,3.053147792816162,1700
2003-06-18,3.5,4.050000190734863,3.5,3.950000047683716,3.0922906398773193,7200
2003-06-19,3.5,4.050000190734863,3.5,4.0,3.1314334869384766,11800
2003-06-20,3.549999952316284,4.150000095367432,3.549999952316284,3.700000047683716,2.896575689315796,10000
2003-06-23,3.799999952316284,3.8499999046325684,3.75,3.75,2.935718536376953,3300
2003-06-24,3.75,3.9000000953674316,3.5,3.8499999046325684,3.014004707336426,6300
2003-06-25,4.050000190734863,4.099999904632568,3.75,3.9000000953674316,3.053147792816162,8300
2003-06-26,4.150000095367432,4.699999809265137,4.099999904632568,4.699999809265137,3.679434299468994,34100
2003-06-27,4.900000095367432,5.25,4.650000095367432,4.900000095367432,3.836005926132202,44200
2003-06-30,4.949999809265137,4.949999809265137,4.699999809265137,4.699999809265137,3.679434299468994,14500
2003-07-01,4.400000095367432,5.599999904632568,4.400000095367432,5.199999809265137,4.070863246917725,49900
2003-07-02,5.0,5.699999809265137,5.0,5.400000095367432,4.22743558883667,39900
2003-07-03,5.699999809265137,5.699999809265137,5.300000190734863,5.300000190734863,4.149149417877197,19800
2003-07-04,5.349999904632568,5.349999904632568,5.050000190734863,5.199999809265137,4.070863246917725,8200
2003-07-07,5.199999809265137,5.400000095367432,5.050000190734863,5.150000095367432,4.0317206382751465,20500
2003-07-08,5.300000190734863,5.400000095367432,5.050000190734863,5.199999809265137,4.070863246917725,5500
2003-07-09,5.0,5.300000190734863,5.0,5.099999904632568,3.992577314376831,14100
2003-07-10,5.050000190734863,5.050000190734863,4.75,4.75,3.7185769081115723,6200
2003-07-11,4.0,4.75,4.0,4.400000095367432,3.4445767402648926,4700
2003-07-14,4.5,4.949999809265137,4.25,4.900000095367432,3.836005926132202,2600
2003-07-15,4.5,4.5,4.25,4.25,3.327147960662842,3500
2003-07-16,4.650000095367432,4.699999809265137,4.400000095367432,4.650000095367432,3.640291690826416,3600
2003-07-17,4.099999904632568,4.800000190734863,4.099999904632568,4.5,3.522862672805786,1600
2003-07-18,4.25,4.75,4.199999809265137,4.599999904632568,3.6011481285095215,10100
2003-07-21,4.5,4.75,4.5,4.5,3.522862672805786,900
2003-07-22,4.449999809265137,5.0,4.199999809265137,4.349999904632568,3.4054336547851562,10400
2003-07-23,4.349999904632568,4.550000190734863,4.300000190734863,4.349999904632568,3.4054336547851562,1700
2003-07-24,4.849999904632568,4.849999904632568,4.400000095367432,4.449999809265137,3.4837193489074707,1400
2003-07-25,4.25,4.650000095367432,4.25,4.349999904632568,3.4054336547851562,4500
2003-07-28,4.400000095367432,5.050000190734863,4.400000095367432,4.550000190734863,3.5620055198669434,3400
2003-07-29,4.849999904632568,4.949999809265137,4.0,4.25,3.327147960662842,13800
2003-07-30,4.050000190734863,4.75,4.050000190734863,4.550000190734863,3.5620055198669434,2600
2003-07-31,4.5,4.5,4.099999904632568,4.150000095367432,3.2488620281219482,4400
2003-08-01,4.300000190734863,4.400000095367432,4.199999809265137,4.25,3.327147960662842,2000
2003-08-04,4.099999904632568,4.400000095367432,4.099999904632568,4.349999904632568,3.4054336547851562,5100
2003-08-05,4.199999809265137,4.349999904632568,3.75,4.150000095367432,3.2488620281219482,11400
2003-08-06,4.25,4.300000190734863,3.950000047683716,4.25,3.327147960662842,2000
2003-08-07,4.25,4.949999809265137,4.099999904632568,4.800000190734863,3.757720470428467,35700
2003-08-08,4.800000190734863,5.25,4.800000190734863,5.150000095367432,4.0317206382751465,41300
2003-08-11,5.0,6.199999809265137,5.0,6.199999809265137,4.8537211418151855,52900
2003-08-12,7.400000095367432,7.400000095367432,6.25,6.849999904632568,5.362579822540283,66500
2003-08-13,7.0,7.349999904632568,6.75,7.0,5.480008125305176,84500
2003-08-14,7.400000095367432,8.199999809265137,7.400000095367432,7.900000095367432,6.184581279754639,66400
2003-08-18,8.550000190734863,9.300000190734863,8.300000190734863,9.149999618530273,7.163153171539307,96100
2003-08-19,9.5,10.5,7.349999904632568,7.699999809265137,6.028009414672852,49100
2003-08-20,8.100000381469727,8.399999618530273,7.25,7.699999809265137,6.028009414672852,37600
2003-08-21,7.699999809265137,8.350000381469727,7.550000190734863,7.699999809265137,6.028009414672852,22200
2003-08-22,7.900000095367432,8.25,7.199999809265137,7.349999904632568,5.7540082931518555,27900
2003-08-25,7.0,7.050000190734863,6.650000095367432,6.650000095367432,5.206007957458496,15200
2003-08-26,7.0,7.0,6.25,6.75,5.2842936515808105,13800
2003-08-27,7.099999904632568,7.25,6.650000095367432,6.800000190734863,5.323436737060547,9300
2003-08-28,6.900000095367432,7.449999809265137,6.300000190734863,6.5,5.088579177856445,10400
2003-08-29,5.949999809265137,7.0,5.949999809265137,6.25,4.89286470413208,16000
2003-09-01,6.550000190734863,6.75,6.0,6.300000190734863,4.932007789611816,7800
2003-09-02,6.5,6.5,5.900000095367432,5.949999809265137,4.6580071449279785,10700
2003-09-03,5.849999904632568,6.150000095367432,5.699999809265137,5.900000095367432,4.6188645362854,8600
2003-09-04,5.900000095367432,6.0,5.400000095367432,5.599999904632568,4.384006977081299,21300
2003-09-05,5.449999809265137,5.699999809265137,5.300000190734863,5.449999809265137,4.26657772064209,10400
2003-09-08,5.050000190734863,5.449999809265137,5.0,5.050000190734863,3.953435182571411,7900
2003-09-09,4.550000190734863,5.099999904632568,4.550000190734863,4.699999809265137,3.679434299468994,16900
2003-09-15,4.0,5.099999904632568,4.550000190734863,4.0,3.1314334869384766,500
2003-10-03,3.6500000953674316,3.6500000953674316,3.5999999046325684,3.5999999046325684,2.8182899951934814,800
2003-10-06,3.75,3.75,3.75,3.75,2.935718536376953,2000
2003-10-07,3.75,3.75,3.75,3.75,2.935718536376953,588
2003-10-08,4.0,4.0,4.0,4.0,3.1314334869384766,1100
2003-10-09,4.0,4.400000095367432,4.0,4.400000095367432,3.4445767402648926,3400
2003-10-10,4.300000190734863,4.300000190734863,4.300000190734863,4.300000190734863,3.366291046142578,1300
2003-10-14,3.950000047683716,4.25,3.950000047683716,3.950000047683716,3.0922906398773193,2200
2003-10-15,4.099999904632568,4.349999904632568,4.099999904632568,4.349999904632568,3.4054336547851562,128
2003-10-16,4.5,4.5,4.5,4.5,3.522862672805786,400
2003-10-17,4.75,4.949999809265137,4.349999904632568,4.949999809265137,3.8751485347747803,3200
2003-10-20,4.599999904632568,4.800000190734863,4.599999904632568,4.800000190734863,3.757720470428467,777
2003-10-21,4.849999904632568,4.949999809265137,4.849999904632568,4.949999809265137,3.8751485347747803,300
2003-10-22,4.849999904632568,4.900000095367432,4.800000190734863,4.900000095367432,3.836005926132202,2100
2003-10-23,5.0,5.0,4.900000095367432,4.900000095367432,3.836005926132202,1100
2003-10-24,5.25,5.400000095367432,5.150000095367432,5.150000095367432,4.0317206382751465,2500
2003-10-29,5.199999809265137,5.199999809265137,4.699999809265137,4.699999809265137,3.679434299468994,800
2003-10-30,5.0,5.199999809265137,5.0,5.199999809265137,4.070863246917725,4500
2003-10-31,4.900000095367432,4.900000095367432,4.699999809265137,4.699999809265137,3.679434299468994,1000
2003-11-03,4.300000190734863,5.0,4.300000190734863,5.0,3.9142918586730957,400
2003-11-04,4.5,4.5,4.5,4.5,3.522862672805786,400
2003-11-05,4.099999904632568,4.099999904632568,4.050000190734863,4.050000190734863,3.170576333999634,2100
2003-11-06,4.050000190734863,4.050000190734863,4.050000190734863,4.050000190734863,3.170576333999634,600
2003-11-11,4.050000190734863,4.400000095367432,4.050000190734863,4.400000095367432,3.4445767402648926,300
2003-11-12,4.050000190734863,4.099999904632568,4.0,4.099999904632568,3.209719181060791,6200
2003-11-13,4.0,4.400000095367432,4.0,4.400000095367432,3.4445767402648926,492
2003-11-27,4.949999809265137,5.0,4.449999809265137,4.75,3.7185769081115723,738
2003-11-28,5.0,5.0,5.0,5.0,3.9142918586730957,2000
2003-12-01,4.650000095367432,4.650000095367432,4.650000095367432,4.650000095367432,3.640291690826416,200
2003-12-02,4.699999809265137,4.699999809265137,4.699999809265137,4.699999809265137,3.679434299468994,300
2003-12-03,4.5,4.599999904632568,4.5,4.599999904632568,3.6011481285095215,332
2003-12-04,4.650000095367432,5.0,4.650000095367432,5.0,3.9142918586730957,1200
2003-12-05,4.949999809265137,5.050000190734863,4.75,4.849999904632568,3.796863079071045,1000
2003-12-08,5.0,5.099999904632568,5.0,5.099999904632568,3.992577314376831,1200
2003-12-10,5.099999904632568,5.599999904632568,5.099999904632568,5.599999904632568,4.384006977081299,3800
2003-12-11,6.0,6.0,5.699999809265137,5.699999809265137,4.462292194366455,632
2003-12-12,6.0,6.0,5.75,5.800000190734863,4.540578365325928,2600
2003-12-15,6.099999904632568,6.400000095367432,6.099999904632568,6.400000095367432,5.010293006896973,2700
2003-12-16,6.25,6.5,6.25,6.5,5.088579177856445,6300
2003-12-17,6.0,6.0,6.0,6.0,4.697150230407715,1271
2003-12-18,5.599999904632568,6.400000095367432,5.550000190734863,6.0,4.697150230407715,7100
2003-12-19,5.75,6.199999809265137,5.75,6.0,4.697150230407715,3100
2003-12-22,6.0,6.0,6.0,6.0,4.697150230407715,600
2003-12-23,6.099999904632568,6.199999809265137,6.099999904632568,6.199999809265137,4.8537211418151855,1200
2003-12-24,6.0,6.849999904632568,6.0,6.849999904632568,5.362579822540283,15500
2003-12-26,7.25,7.400000095367432,6.449999809265137,7.349999904632568,5.7540082931518555,11400
2003-12-29,8.0,8.100000381469727,7.650000095367432,8.100000381469727,6.341152667999268,9300
2003-12-30,7.900000095367432,8.800000190734863,7.550000190734863,7.599999904632568,5.949722766876221,8200
2003-12-31,7.5,7.949999809265137,7.349999904632568,7.449999809265137,5.832294464111328,10200
2004-01-01,7.199999809265137,7.75,7.0,7.300000190734863,5.714865684509277,10100
2004-01-02,7.5,7.599999904632568,7.150000095367432,7.150000095367432,5.597436904907227,9400
2004-01-05,6.849999904632568,7.150000095367432,6.5,6.800000190734863,5.323436737060547,8300
2004-01-06,6.400000095367432,6.75,6.300000190734863,6.300000190734863,4.932007789611816,9400
2004-01-07,5.849999904632568,6.5,5.849999904632568,6.25,4.89286470413208,2100
2004-01-08,6.300000190734863,6.699999809265137,6.300000190734863,6.699999809265137,5.245150566101074,6800
2004-01-09,6.300000190734863,6.5,6.050000190734863,6.050000190734863,4.736292839050293,5300
2004-01-12,5.75,6.449999809265137,5.75,5.900000095367432,4.6188645362854,5000
2004-01-13,5.550000190734863,5.800000190734863,5.550000190734863,5.75,4.50143575668335,5200
2004-01-14,5.75,5.75,5.349999904632568,5.550000190734863,4.3448638916015625,5400
2004-01-15,5.150000095367432,5.199999809265137,5.0,5.050000190734863,3.953435182571411,7300
2004-01-16,5.5,5.5,4.900000095367432,5.050000190734863,3.953435182571411,2000
2004-01-19,5.0,5.5,4.949999809265137,5.0,3.9142918586730957,1200
2004-01-20,4.800000190734863,5.050000190734863,4.800000190734863,4.849999904632568,3.796863079071045,2700
2004-01-21,4.75,4.75,4.400000095367432,4.400000095367432,3.4445767402648926,6000
2004-01-22,4.5,4.5,4.050000190734863,4.050000190734863,3.170576333999634,1600
2004-01-23,4.099999904632568,4.099999904632568,4.050000190734863,4.099999904632568,3.209719181060791,2100
2004-01-28,4.199999809265137,4.550000190734863,4.199999809265137,4.550000190734863,3.5620055198669434,600
2004-01-29,4.449999809265137,4.449999809265137,4.099999904632568,4.099999904632568,3.209719181060791,4200
2004-01-30,4.300000190734863,4.300000190734863,4.0,4.300000190734863,3.366291046142578,1300
2004-02-03,4.25,4.300000190734863,3.9000000953674316,3.9000000953674316,3.053147792816162,1500
2004-02-04,4.199999809265137,4.199999809265137,3.6500000953674316,4.050000190734863,3.170576333999634,1600
2004-02-05,4.25,4.449999809265137,4.199999809265137,4.199999809265137,3.2880048751831055,2700
2004-02-06,4.0,4.0,3.8499999046325684,3.9000000953674316,3.053147792816162,3600
2004-02-09,3.799999952316284,4.050000190734863,3.700000047683716,3.9000000953674316,3.053147792816162,4900
2004-02-10,3.9000000953674316,3.9000000953674316,3.75,3.8499999046325684,3.014004707336426,5400
2004-02-12,3.950000047683716,4.099999904632568,3.950000047683716,4.099999904632568,3.209719181060791,757
2004-02-13,3.950000047683716,4.099999904632568,3.950000047683716,4.099999904632568,3.209719181060791,2100
2004-02-16,4.0,4.400000095367432,4.0,4.349999904632568,3.4054336547851562,2400
2004-02-17,4.400000095367432,4.449999809265137,3.950000047683716,4.0,3.1314334869384766,900
2004-02-18,4.25,4.25,4.25,4.25,3.327147960662842,132
2004-02-19,4.349999904632568,4.650000095367432,4.150000095367432,4.550000190734863,3.5620055198669434,9000
2004-02-20,4.199999809265137,4.199999809265137,4.099999904632568,4.150000095367432,3.2488620281219482,2000
2004-02-23,4.050000190734863,4.5,4.050000190734863,4.5,3.522862672805786,400
2004-02-24,4.5,4.5,4.099999904632568,4.099999904632568,3.209719181060791,863
2004-02-25,4.599999904632568,4.599999904632568,3.9000000953674316,4.199999809265137,3.2880048751831055,91
2004-02-26,4.400000095367432,4.400000095367432,3.799999952316284,3.799999952316284,2.9748613834381104,100
2004-02-27,3.700000047683716,4.449999809265137,3.450000047683716,3.700000047683716,2.896575689315796,2100
2004-03-01,3.3499999046325684,3.700000047683716,3.3499999046325684,3.700000047683716,2.896575689315796,1900
2004-03-03,3.700000047683716,3.9000000953674316,3.200000047683716,3.4000000953674316,2.6617183685302734,8500
2004-03-04,3.450000047683716,3.700000047683716,3.4000000953674316,3.700000047683716,2.896575689315796,1500
2004-03-05,3.700000047683716,3.700000047683716,3.200000047683716,3.4000000953674316,2.6617183685302734,1800
2004-03-08,3.299999952316284,3.299999952316284,3.200000047683716,3.200000047683716,2.5051465034484863,2000
2004-03-09,3.049999952316284,3.1500000953674316,3.049999952316284,3.0999999046325684,2.4268605709075928,1200
2004-03-10,3.4000000953674316,3.4000000953674316,3.1500000953674316,3.1500000953674316,2.466003894805908,5800
2004-03-11,3.200000047683716,3.299999952316284,3.200000047683716,3.299999952316284,2.58343243598938,1100
2004-03-12,3.200000047683716,3.200000047683716,3.1500000953674316,3.1500000953674316,2.466003894805908,1300
2004-03-16,3.200000047683716,3.200000047683716,2.8499999046325684,3.0,2.3485751152038574,8100
2004-03-17,2.9000000953674316,3.4000000953674316,2.4000000953674316,2.700000047683716,2.113717794418335,19800
2004-03-18,2.799999952316284,2.799999952316284,2.5,2.549999952316284,1.9962886571884155,11100
2004-03-19,2.950000047683716,2.950000047683716,2.5999999046325684,2.799999952316284,2.1920034885406494,2600
2004-03-22,3.0999999046325684,3.200000047683716,2.5999999046325684,2.9000000953674316,2.270289182662964,8600
2004-03-23,2.8499999046325684,2.8499999046325684,2.6500000953674316,2.6500000953674316,2.0745747089385986,1500
2004-03-24,2.799999952316284,2.8499999046325684,2.799999952316284,2.8499999046325684,2.2311460971832275,1271
2004-03-25,2.5,2.8499999046325684,2.5,2.8499999046325684,2.2311460971832275,2100
2004-03-26,2.8499999046325684,2.9000000953674316,2.75,2.75,2.152860403060913,3000
2004-03-29,2.6500000953674316,2.6500000953674316,2.6500000953674316,2.6500000953674316,2.0745747089385986,152
2004-03-30,2.6500000953674316,2.9000000953674316,2.6500000953674316,2.9000000953674316,2.270289182662964,2000
2004-03-31,3.0,3.3499999046325684,3.0,3.25,2.5442895889282227,1097
2004-04-02,3.0,3.5,3.0,3.4000000953674316,2.6617183685302734,5100
2004-04-05,3.4000000953674316,3.75,3.4000000953674316,3.549999952316284,2.779147148132324,3800
2004-04-06,3.5,3.75,3.4000000953674316,3.549999952316284,2.779147148132324,980
2004-04-07,3.0999999046325684,3.9000000953674316,3.0999999046325684,3.4000000953674316,2.6617183685302734,466
2004-04-08,3.200000047683716,3.8499999046325684,3.200000047683716,3.4000000953674316,2.6617183685302734,1200
2004-04-12,3.049999952316284,3.450000047683716,3.049999952316284,3.4000000953674316,2.6617183685302734,196
2004-04-13,3.700000047683716,3.700000047683716,3.450000047683716,3.450000047683716,2.7008612155914307,1600
2004-04-15,3.8499999046325684,3.950000047683716,3.799999952316284,3.799999952316284,2.9748613834381104,1700
2004-04-16,4.150000095367432,4.150000095367432,3.799999952316284,3.9000000953674316,3.053147792816162,4808
2004-04-22,3.450000047683716,4.0,3.450000047683716,3.549999952316284,2.779147148132324,1800
2004-04-23,3.0,4.099999904632568,3.0,3.700000047683716,2.896575689315796,3200
2004-04-27,3.9000000953674316,3.9000000953674316,3.700000047683716,3.700000047683716,2.896575689315796,3500
2004-04-28,3.700000047683716,3.700000047683716,3.700000047683716,3.700000047683716,2.896575689315796,1000
2004-04-29,4.150000095367432,4.150000095367432,3.450000047683716,3.8499999046325684,3.014004707336426,700
2004-05-04,3.299999952316284,3.700000047683716,3.299999952316284,3.4000000953674316,2.6617183685302734,362
2004-05-06,3.6500000953674316,3.6500000953674316,3.6500000953674316,3.6500000953674316,2.8574328422546387,2400
2004-05-07,3.799999952316284,3.9000000953674316,3.799999952316284,3.9000000953674316,3.053147792816162,1500
2004-05-10,3.6500000953674316,3.6500000953674316,3.6500000953674316,3.6500000953674316,2.8574328422546387,150
2004-05-11,4.349999904632568,4.349999904632568,3.6500000953674316,3.6500000953674316,2.8574328422546387,100
2004-05-12,3.6500000953674316,3.6500000953674316,3.5,3.5,2.740004062652588,1700
2004-05-13,3.0,4.150000095367432,3.0,4.0,3.1314334869384766,2300
2004-05-14,4.150000095367432,4.150000095367432,4.150000095367432,4.150000095367432,3.2488620281219482,200
2004-05-20,3.5999999046325684,4.300000190734863,3.5999999046325684,3.9000000953674316,3.053147792816162,200
2004-05-21,3.9000000953674316,4.0,3.9000000953674316,4.0,3.1314334869384766,1700
2004-05-24,3.8499999046325684,4.699999809265137,3.8499999046325684,4.449999809265137,3.4837193489074707,5000
2004-05-25,4.900000095367432,5.0,3.9000000953674316,3.950000047683716,3.0922906398773193,100
2004-05-26,4.0,4.0,4.0,4.0,3.1314334869384766,500
2004-05-28,3.549999952316284,4.099999904632568,3.549999952316284,3.6500000953674316,2.8574328422546387,1400
2004-05-31,3.4000000953674316,4.150000095367432,3.3499999046325684,3.5,2.740004062652588,1276
2004-06-01,3.4000000953674316,3.4000000953674316,3.4000000953674316,3.4000000953674316,2.6617183685302734,50
2004-06-04,3.4000000953674316,4.0,3.4000000953674316,3.950000047683716,3.0922906398773193,500
2004-06-07,4.550000190734863,4.550000190734863,4.050000190734863,4.050000190734863,3.170576333999634,2
2004-06-08,4.75,4.75,3.3499999046325684,3.8499999046325684,3.014004707336426,200
2004-06-09,4.550000190734863,4.550000190734863,3.5,3.5,2.740004062652588,500
2004-06-10,3.5,3.8499999046325684,3.3499999046325684,3.5,2.740004062652588,2600
2004-06-11,3.5999999046325684,3.5999999046325684,3.5999999046325684,3.5999999046325684,2.8182899951934814,300
2004-06-15,3.299999952316284,3.299999952316284,3.299999952316284,3.299999952316284,2.58343243598938,15
2004-06-16,3.299999952316284,3.299999952316284,3.299999952316284,3.299999952316284,2.58343243598938,500
2004-06-21,3.25,3.25,3.25,3.25,2.5442895889282227,100
2004-06-22,3.549999952316284,3.549999952316284,3.549999952316284,3.549999952316284,2.779147148132324,200
2004-06-23,3.200000047683716,3.200000047683716,3.200000047683716,3.200000047683716,2.5051465034484863,500
2004-06-24,3.1500000953674316,3.1500000953674316,3.1500000953674316,3.1500000953674316,2.466003894805908,380
2004-06-30,3.5,3.5,3.5,3.5,2.740004062652588,200
2004-07-02,3.700000047683716,3.700000047683716,3.5,3.5,2.740004062652588,2000
2004-07-05,3.450000047683716,3.450000047683716,3.450000047683716,3.450000047683716,2.7008612155914307,200
2004-07-06,3.8499999046325684,3.8499999046325684,3.8499999046325684,3.8499999046325684,3.014004707336426,1000
2004-07-07,3.5999999046325684,3.5999999046325684,3.5999999046325684,3.5999999046325684,2.8182899951934814,1000
2004-07-08,4.0,4.0,3.5,3.5,2.740004062652588,2200
2004-07-13,3.0,3.700000047683716,3.0,3.700000047683716,2.896575689315796,300
2004-07-16,3.950000047683716,3.950000047683716,3.9000000953674316,3.9000000953674316,3.053147792816162,1100
2004-07-20,3.6500000953674316,4.0,3.6500000953674316,4.0,3.1314334869384766,1096
2004-07-21,3.5999999046325684,3.5999999046325684,3.5999999046325684,3.5999999046325684,2.8182899951934814,2000
2004-07-22,4.0,4.0,3.5,3.549999952316284,2.779147148132324,500
2004-07-23,3.549999952316284,4.199999809265137,3.549999952316284,4.199999809265137,3.2880048751831055,649
2004-07-26,4.75,4.75,3.799999952316284,4.0,3.1314334869384766,400
2004-07-28,4.0,4.0,4.0,4.0,3.1314334869384766,500
2004-07-29,4.300000190734863,4.300000190734863,3.700000047683716,3.75,2.935718536376953,795
2004-08-03,3.75,4.0,3.75,4.0,3.1314334869384766,1800
2004-08-04,4.199999809265137,4.199999809265137,4.0,4.199999809265137,3.2880048751831055,8100
2004-08-05,4.150000095367432,4.5,4.150000095367432,4.300000190734863,3.366291046142578,2200
2004-08-06,4.0,4.949999809265137,4.0,4.449999809265137,3.4837193489074707,3400
2004-08-09,4.550000190734863,4.650000095367432,4.400000095367432,4.650000095367432,3.640291690826416,4000
2004-08-10,4.699999809265137,5.150000095367432,4.5,5.099999904632568,3.992577314376831,10800
2004-08-11,5.0,5.25,4.599999904632568,4.599999904632568,3.6011481285095215,7400
2004-08-12,4.75,4.75,4.400000095367432,4.449999809265137,3.4837193489074707,1101
2004-08-13,4.5,4.650000095367432,4.5,4.550000190734863,3.5620055198669434,2700
2004-08-16,4.599999904632568,4.800000190734863,4.5,4.650000095367432,3.640291690826416,10900
2004-08-17,5.050000190734863,5.050000190734863,4.599999904632568,4.650000095367432,3.640291690826416,3600
2004-08-18,4.5,4.75,4.5,4.550000190734863,3.5620055198669434,3200
2004-08-19,4.699999809265137,4.900000095367432,4.599999904632568,4.599999904632568,3.6011481285095215,2000
2004-08-20,4.400000095367432,4.900000095367432,4.400000095367432,4.900000095367432,3.836005926132202,1600
2004-08-23,4.599999904632568,4.75,4.599999904632568,4.75,3.7185769081115723,2500
2004-08-24,4.400000095367432,4.599999904632568,4.349999904632568,4.550000190734863,3.5620055198669434,1900
2004-08-25,4.400000095367432,4.400000095367432,4.300000190734863,4.300000190734863,3.366291046142578,1200
2004-08-26,4.5,4.650000095367432,4.400000095367432,4.5,3.522862672805786,15300
2004-08-27,4.699999809265137,4.699999809265137,4.349999904632568,4.400000095367432,3.4445767402648926,1400
2004-08-31,4.449999809265137,4.849999904632568,4.449999809265137,4.75,3.7185769081115723,700
2004-09-01,5.099999904632568,5.25,4.800000190734863,4.849999904632568,3.796863079071045,18200
2004-09-02,5.199999809265137,5.349999904632568,5.099999904632568,5.150000095367432,4.0317206382751465,14700
2004-09-03,5.550000190734863,5.650000095367432,5.199999809265137,5.650000095367432,4.423149585723877,7800
2004-09-06,5.5,5.949999809265137,5.5,5.949999809265137,4.6580071449279785,23200
2004-09-07,6.0,6.25,6.0,6.25,4.89286470413208,13300
2004-09-08,6.550000190734863,6.599999904632568,6.300000190734863,6.599999904632568,5.16686487197876,20900
2004-09-09,6.900000095367432,6.949999809265137,6.75,6.800000190734863,5.323436737060547,23800
2004-09-10,6.75,7.5,6.75,7.5,5.871437072753906,44214
2004-09-13,7.949999809265137,8.25,7.949999809265137,8.25,6.458581447601318,29500
2004-09-14,9.0,9.0,7.849999904632568,8.0,6.262866973876953,78200
2004-09-15,7.849999904632568,8.300000190734863,7.599999904632568,7.800000190734863,6.106295585632324,57100
2004-09-16,7.300000190734863,7.550000190734863,7.050000190734863,7.050000190734863,5.519151210784912,16600
2004-09-17,7.349999904632568,7.349999904632568,6.900000095367432,6.900000095367432,5.401722431182861,9600
2004-09-20,7.25,7.25,6.650000095367432,6.849999904632568,5.362579822540283,24700
2004-09-21,7.0,7.550000190734863,6.949999809265137,7.550000190734863,5.910580635070801,21500
2004-09-22,8.100000381469727,8.100000381469727,7.550000190734863,7.699999809265137,6.028009414672852,14900
2004-09-23,7.050000190734863,8.100000381469727,7.050000190734863,7.650000095367432,5.988866329193115,37000
2004-09-24,7.900000095367432,7.900000095367432,7.699999809265137,7.699999809265137,6.028009414672852,2100
2004-09-27,7.650000095367432,8.5,7.400000095367432,7.849999904632568,6.145437717437744,21900
2004-09-28,7.800000190734863,8.100000381469727,7.550000190734863,7.650000095367432,5.988866329193115,5100
2004-09-29,7.25,7.75,7.25,7.349999904632568,5.7540082931518555,6900
2004-09-30,7.349999904632568,7.550000190734863,7.300000190734863,7.300000190734863,5.714865684509277,3300
2004-10-01,7.25,7.75,7.25,7.400000095367432,5.793151378631592,4700
2004-10-04,7.300000190734863,7.300000190734863,6.800000190734863,7.150000095367432,5.597436904907227,4200
2004-10-05,6.900000095367432,7.25,6.550000190734863,6.900000095367432,5.401722431182861,5100
2004-10-06,7.199999809265137,7.199999809265137,6.849999904632568,7.0,5.480008125305176,6900
2004-10-07,6.550000190734863,6.949999809265137,6.550000190734863,6.949999809265137,5.4408650398254395,550
2004-10-08,7.0,7.5,7.0,7.300000190734863,5.714865684509277,2800
2004-10-11,8.300000190734863,8.399999618530273,7.550000190734863,7.699999809265137,6.028009414672852,7100
2004-10-12,8.600000381469727,8.600000381469727,7.25,7.300000190734863,5.714865684509277,4000
2004-10-14,7.400000095367432,7.400000095367432,7.400000095367432,7.400000095367432,5.793151378631592,1
2004-10-15,6.849999904632568,7.0,6.849999904632568,7.0,5.480008125305176,300
2004-10-18,6.900000095367432,7.699999809265137,6.699999809265137,6.75,5.2842936515808105,2700
2004-10-19,6.25,6.900000095367432,6.25,6.699999809265137,5.245150566101074,2200
2004-10-20,6.75,6.800000190734863,6.650000095367432,6.800000190734863,5.323436737060547,1000
2004-10-21,7.650000095367432,7.949999809265137,7.0,7.199999809265137,5.636579990386963,2500
2004-10-25,7.099999904632568,7.099999904632568,6.900000095367432,6.900000095367432,5.401722431182861,2100
2004-10-26,6.949999809265137,7.300000190734863,6.949999809265137,7.099999904632568,5.558294296264648,1300
2004-10-27,7.099999904632568,7.5,7.099999904632568,7.349999904632568,5.7540082931518555,4200
2004-10-28,7.349999904632568,7.699999809265137,7.349999904632568,7.5,5.871437072753906,8200
2004-10-29,7.75,8.100000381469727,7.5,7.75,6.06715202331543,10550
2004-11-01,8.5,8.899999618530273,6.849999904632568,8.800000190734863,6.889153480529785,16700
2004-11-02,9.199999809265137,9.199999809265137,8.5,9.0,7.045725345611572,14600
2004-11-03,9.5,10.75,9.100000381469727,10.649999618530273,8.337441444396973,30600
2004-11-04,10.949999809265137,11.399999618530273,10.0,10.300000190734863,8.063441276550293,26500
2004-11-05,11.449999809265137,11.449999809265137,10.149999618530273,10.449999809265137,8.180870056152344,11900
2004-11-08,10.25,10.949999809265137,10.0,10.649999618530273,8.337441444396973,27800
2004-11-09,10.050000190734863,11.0,9.899999618530273,10.300000190734863,8.063441276550293,16700
2004-11-10,11.0,11.0,10.25,10.449999809265137,8.180870056152344,16900
2004-11-11,10.5,10.699999809265137,10.0,10.050000190734863,7.8677263259887695,7900
2004-11-12,10.649999618530273,10.699999809265137,10.149999618530273,10.399999618530273,8.14172649383545,6900
2004-11-16,10.0,10.600000381469727,10.0,10.449999809265137,8.180870056152344,4400
2004-11-17,10.699999809265137,11.899999618530273,10.399999618530273,11.699999809265137,9.159441947937012,25000
2004-11-18,11.75,12.199999809265137,11.149999618530273,11.649999618530273,9.120299339294434,12200
2004-11-19,12.5,12.5,10.800000190734863,10.800000190734863,8.45487117767334,17696
2004-11-22,11.300000190734863,12.75,11.300000190734863,12.350000381469727,9.668299674987793,16900
2004-11-23,14.300000190734863,14.300000190734863,11.5,12.600000381469727,9.864015579223633,21400
2004-11-24,12.350000381469727,13.899999618530273,12.0,13.399999618530273,10.490301132202148,26400
2004-11-25,14.199999809265137,15.0,12.550000190734863,12.699999809265137,9.942300796508789,12500
2004-11-29,12.800000190734863,13.0,12.350000381469727,12.399999618530273,9.707442283630371,10100
2004-11-30,12.350000381469727,12.800000190734863,11.199999809265137,11.350000381469727,8.885442733764648,12100
2004-12-01,12.5,12.5,10.5,10.949999809265137,8.572299003601074,7700
2004-12-02,11.300000190734863,12.0,10.600000381469727,11.699999809265137,9.159441947937012,6100
2004-12-03,13.300000190734863,13.300000190734863,11.050000190734863,11.100000381469727,8.689727783203125,7200
2004-12-06,12.5,12.5,10.800000190734863,11.100000381469727,8.689727783203125,16900
2004-12-07,11.0,11.600000381469727,10.75,10.949999809265137,8.572299003601074,12000
2004-12-08,11.0,11.0,10.300000190734863,10.600000381469727,8.298298835754395,5700
2004-12-09,9.300000190734863,11.25,9.300000190734863,10.800000190734863,8.45487117767334,8700
2004-12-10,10.949999809265137,10.949999809265137,10.199999809265137,10.449999809265137,8.180870056152344,20100
2004-12-13,11.199999809265137,11.449999809265137,11.0,11.199999809265137,8.768013954162598,8539
2004-12-14,11.949999809265137,12.399999618530273,11.300000190734863,11.5,9.0028715133667,44700
2004-12-15,12.25,12.25,10.350000381469727,11.350000381469727,8.885442733764648,18000
2004-12-16,11.300000190734863,11.449999809265137,11.0,11.25,8.807156562805176,7200
2004-12-17,11.5,11.5,10.699999809265137,10.850000381469727,8.494013786315918,18600
2004-12-20,11.100000381469727,12.25,10.600000381469727,11.300000190734863,8.846299171447754,12200
2004-12-21,11.649999618530273,12.0,11.350000381469727,11.600000381469727,9.081156730651855,23200
2004-12-22,11.800000190734863,11.949999809265137,11.050000190734863,11.199999809265137,8.768013954162598,23900
2004-12-23,11.899999618530273,12.300000190734863,11.300000190734863,12.0,9.39430046081543,23200
2004-12-24,12.100000381469727,13.649999618530273,12.100000381469727,12.949999809265137,10.138014793395996,71300
2004-12-27,13.5,13.5,11.600000381469727,12.949999809265137,10.138014793395996,48500
2004-12-28,13.350000381469727,13.75,13.149999618530273,13.350000381469727,10.451157569885254,45894
2004-12-29,13.75,13.75,12.399999618530273,13.050000190734863,10.216300010681152,27300
2004-12-30,13.5,13.5,12.199999809265137,12.649999618530273,9.903156280517578,42000
2004-12-31,13.899999618530273,15.199999809265137,12.949999809265137,15.199999809265137,11.899445533752441,91800
2005-01-03,15.800000190734863,18.0,15.800000190734863,16.850000381469727,13.191163063049316,263600
2005-01-04,17.0,17.299999237060547,15.800000190734863,16.0,12.525733947753906,66300
2005-01-05,16.0,16.0,13.699999809265137,14.149999618530273,11.077445030212402,54100
2005-01-06,14.300000190734863,15.0,13.5,14.399999618530273,11.273159980773926,44300
2005-01-07,14.25,15.100000381469727,14.100000381469727,14.75,11.547160148620605,19700
2005-01-10,14.850000381469727,15.5,14.550000190734863,14.699999809265137,11.508016586303711,23100
2005-01-11,15.149999618530273,15.149999618530273,13.699999809265137,13.899999618530273,10.881730079650879,25600
2005-01-12,13.75,13.899999618530273,12.5,12.550000190734863,9.824871063232422,22600
2005-01-13,13.199999809265137,13.25,12.75,13.0,10.17715835571289,16100
2005-01-14,13.0,15.600000381469727,12.399999618530273,15.149999618530273,11.86030387878418,62000
2005-01-17,15.600000381469727,17.0,14.25,15.25,11.938589096069336,271500
2005-01-18,16.700000762939453,16.700000762939453,14.5,14.949999809265137,11.703731536865234,171700
2005-01-19,12.550000190734863,15.0,12.550000190734863,14.449999809265137,11.312302589416504,22100
2005-01-20,14.050000190734863,14.5,13.550000190734863,14.050000190734863,10.999159812927246,23200
2005-01-24,13.0,13.949999809265137,13.0,13.5,10.568587303161621,4367
2005-01-25,13.300000190734863,14.0,13.0,13.850000381469727,10.842588424682617,15700
2005-01-27,16.25,16.25,13.850000381469727,14.0,10.960016250610352,20500
2005-01-28,13.75,14.449999809265137,13.5,13.649999618530273,10.686016082763672,18200
2005-01-31,13.5,13.949999809265137,13.25,13.5,10.568587303161621,17700
2005-02-01,13.25,13.850000381469727,13.25,13.75,10.764301300048828,17100
2005-02-02,13.75,14.399999618530273,13.75,13.899999618530273,10.881730079650879,9600
2005-02-03,13.75,15.449999809265137,13.75,14.5,11.351445198059082,55300
2005-02-04,14.449999809265137,14.800000190734863,13.899999618530273,14.050000190734863,10.999159812927246,22200
2005-02-07,13.699999809265137,16.899999618530273,13.699999809265137,16.850000381469727,13.191163063049316,244600
2005-02-08,17.5,18.600000381469727,15.699999809265137,17.950000762939453,14.052309036254883,432700
2005-02-09,19.0,19.25,17.950000762939453,18.450000762939453,14.443737030029297,744700
2005-02-10,18.75,22.149999618530273,18.600000381469727,20.950000762939453,16.4008846282959,901000
2005-02-11,21.200000762939453,21.600000381469727,19.549999237060547,19.899999618530273,15.57888126373291,142400
2005-02-14,20.75,20.799999237060547,19.149999618530273,19.350000381469727,15.148309707641602,67200
2005-02-15,20.0,20.0,18.350000381469727,18.950000762939453,14.835165977478027,46700
2005-02-16,20.0,20.0,17.5,17.649999618530273,13.817449569702148,44200
2005-02-17,17.549999237060547,18.899999618530273,16.799999237060547,17.799999237060547,13.934877395629883,37900
2005-02-18,17.649999618530273,18.799999237060547,17.549999237060547,17.700000762939453,13.856593132019043,35700
2005-02-21,18.100000381469727,18.5,17.549999237060547,17.850000381469727,13.974021911621094,22700
2005-02-22,17.75,18.100000381469727,17.350000381469727,17.649999618530273,13.817449569702148,16300
2005-02-23,17.75,18.200000762939453,17.649999618530273,17.75,13.895735740661621,21000
2005-02-24,17.850000381469727,17.899999618530273,17.350000381469727,17.399999618530273,13.621734619140625,13900
2005-02-25,17.399999618530273,17.5,16.5,16.75,13.112876892089844,17800
2005-02-28,17.0,17.0,16.100000381469727,16.350000381469727,12.799734115600586,13600
2005-03-01,16.149999618530273,16.549999237060547,15.449999809265137,15.550000190734863,12.173446655273438,17200
2005-03-02,16.350000381469727,18.299999237060547,16.0,17.299999237060547,13.543448448181152,60100
2005-03-03,18.25,19.950000762939453,18.049999237060547,18.200000762939453,14.248022079467773,91200
2005-03-04,18.950000762939453,19.0,16.850000381469727,17.450000762939453,13.660879135131836,45500
2005-03-07,18.700000762939453,18.700000762939453,17.0,17.25,13.504307746887207,31000
2005-03-08,17.450000762939453,17.799999237060547,16.799999237060547,17.0,13.308591842651367,22600
2005-03-09,17.75,17.75,15.850000381469727,16.0,12.525733947753906,26500
2005-03-10,15.899999618530273,17.0,15.850000381469727,16.850000381469727,13.191163063049316,18438
2005-03-11,16.899999618530273,17.0,16.350000381469727,16.399999618530273,12.838876724243164,24500
2005-03-14,17.450000762939453,17.799999237060547,16.649999618530273,17.350000381469727,13.582592010498047,44800
2005-03-15,17.450000762939453,17.5,16.450000762939453,16.850000381469727,13.191163063049316,23400
2005-03-16,15.800000190734863,16.799999237060547,15.800000190734863,16.5,12.917162895202637,21900
2005-03-17,15.5,16.75,15.5,16.049999237060547,12.564875602722168,14636
2005-03-18,17.0,17.0,15.5,16.049999237060547,12.564875602722168,16400
2005-03-21,15.449999809265137,16.350000381469727,15.449999809265137,15.899999618530273,12.447446823120117,11500
2005-03-22,15.649999618530273,15.899999618530273,15.0,15.100000381469727,11.821161270141602,27600
2005-03-23,14.75,15.350000381469727,14.300000190734863,14.699999809265137,11.508016586303711,6000
2005-03-24,14.300000190734863,14.300000190734863,13.699999809265137,13.850000381469727,10.842588424682617,16600
2005-03-28,15.399999618530273,15.399999618530273,13.899999618530273,14.149999618530273,11.077445030212402,22400
2005-03-29,14.300000190734863,14.899999618530273,13.0,13.399999618530273,10.490301132202148,13700
2005-03-30,12.5,14.800000190734863,12.5,13.649999618530273,10.686016082763672,9500
2005-03-31,14.0,14.75,13.550000190734863,14.100000381469727,11.038302421569824,11900
2005-04-01,14.699999809265137,15.0,14.300000190734863,14.800000190734863,11.586302757263184,5100
2005-04-04,15.399999618530273,15.399999618530273,14.5,14.800000190734863,11.586302757263184,8000
2005-04-05,16.5,16.5,14.300000190734863,14.850000381469727,11.625446319580078,12000
2005-04-06,14.850000381469727,15.0,14.600000381469727,14.899999618530273,11.664588928222656,4900
2005-04-07,16.200000762939453,16.399999618530273,14.699999809265137,15.149999618530273,11.86030387878418,5300
2005-04-08,15.0,15.399999618530273,14.0,14.550000190734863,11.390588760375977,6100
2005-04-11,14.399999618530273,15.199999809265137,14.399999618530273,14.649999618530273,11.46887493133545,6500
2005-04-12,15.199999809265137,16.5,14.600000381469727,16.049999237060547,12.564875602722168,50900
2005-04-13,16.5,16.5,15.25,15.600000381469727,12.212591171264648,11700
2005-04-15,15.0,15.649999618530273,14.800000190734863,15.100000381469727,11.821161270141602,7000
2005-04-18,13.300000190734863,15.5,13.300000190734863,14.25,11.155731201171875,5100
2005-04-19,14.399999618530273,15.5,14.199999809265137,14.25,11.155731201171875,12700
2005-04-20,14.550000190734863,14.949999809265137,14.199999809265137,14.75,11.547160148620605,12100
2005-04-21,14.699999809265137,15.0,14.100000381469727,14.850000381469727,11.625446319580078,6400
2005-04-22,15.0,15.0,14.5,14.699999809265137,11.508016586303711,4100
2005-04-25,15.0,15.0,14.75,14.899999618530273,11.664588928222656,8100
2005-04-26,15.0,15.350000381469727,14.75,14.899999618530273,11.664588928222656,9300
2005-04-27,14.800000190734863,15.100000381469727,14.800000190734863,15.0,11.742874145507812,4300
2005-04-28,15.050000190734863,15.050000190734863,14.399999618530273,14.449999809265137,11.312302589416504,5500
2005-04-29,14.5,14.850000381469727,14.100000381469727,14.550000190734863,11.390588760375977,4400
2005-05-02,16.450000762939453,16.450000762939453,13.75,14.199999809265137,11.116588592529297,1687
2005-05-03,14.0,14.949999809265137,14.0,14.0,10.960016250610352,2700
2005-05-04,14.0,14.199999809265137,13.699999809265137,13.800000190734863,10.803444862365723,7600
2005-05-05,14.050000190734863,14.75,13.949999809265137,14.25,11.155731201171875,7600
2005-05-06,14.100000381469727,15.0,14.0,14.399999618530273,11.273159980773926,4200
2005-05-09,14.25,14.75,14.25,14.350000381469727,11.234018325805664,5800
2005-05-10,14.399999618530273,14.699999809265137,14.399999618530273,14.600000381469727,11.429731369018555,3700
2005-05-11,14.149999618530273,17.100000381469727,14.149999618530273,16.75,13.112876892089844,99400
2005-05-12,18.850000381469727,18.899999618530273,17.149999618530273,17.5,13.700021743774414,60100
2005-05-13,17.5,18.0,16.700000762939453,16.899999618530273,13.230305671691895,26800
2005-05-16,17.0,17.649999618530273,16.75,16.799999237060547,13.152019500732422,21300
2005-05-17,16.399999618530273,17.0,16.200000762939453,16.299999237060547,12.760590553283691,10700
2005-05-18,16.450000762939453,17.299999237060547,16.100000381469727,16.850000381469727,13.191163063049316,15189
2005-05-19,16.25,18.399999618530273,16.25,17.799999237060547,13.934877395629883,72300
2005-05-20,18.399999618530273,20.25,17.0,20.0,15.657167434692383,218900
2005-05-23,21.0,21.950000762939453,20.0,21.200000762939453,16.59659767150879,150700
2005-05-24,22.399999618530273,22.399999618530273,20.100000381469727,20.5,16.048595428466797,82900
2005-05-25,20.100000381469727,20.899999618530273,19.25,19.600000381469727,15.344023704528809,47700
2005-05-26,19.399999618530273,20.200000762939453,19.049999237060547,19.100000381469727,14.952593803405762,37000
2005-05-27,19.950000762939453,20.75,19.0,19.25,15.070023536682129,26558
2005-05-30,22.0,22.0,18.549999237060547,18.899999618530273,14.796021461486816,27900
2005-05-31,21.649999618530273,21.649999618530273,19.0,19.5,15.265737533569336,28800
2005-06-01,19.0,20.5,19.0,19.25,15.070023536682129,24200
2005-06-02,18.200000762939453,19.75,18.200000762939453,19.200000762939453,15.030881881713867,23600
2005-06-03,18.100000381469727,20.100000381469727,18.100000381469727,19.600000381469727,15.344023704528809,39594
2005-06-06,19.850000381469727,20.100000381469727,19.5,19.600000381469727,15.344023704528809,34900
2005-06-07,19.700000762939453,23.549999237060547,19.5,22.450000762939453,17.575170516967773,724100
2005-06-08,22.799999237060547,26.950000762939453,22.100000381469727,26.950000762939453,21.098031997680664,460900
2005-06-09,27.5,30.700000762939453,27.5,28.799999237060547,22.54631996154785,1811300
2005-06-10,28.950000762939453,29.0,26.049999237060547,26.299999237060547,20.58917236328125,346900
2005-06-13,26.899999618530273,28.950000762939453,25.0,26.700000762939453,20.902315139770508,301983
2005-06-14,27.899999618530273,27.899999618530273,25.25,25.75,20.158601760864258,121400
2005-06-15,26.549999237060547,26.549999237060547,25.100000381469727,25.25,19.767173767089844,70100
2005-06-16,25.899999618530273,26.0,23.100000381469727,24.200000762939453,18.945171356201172,71000
2005-06-17,24.899999618530273,24.899999618530273,22.75,23.100000381469727,18.084030151367188,48800
2005-06-20,23.100000381469727,25.450000762939453,22.350000381469727,22.850000381469727,17.888315200805664,142200
2005-06-21,23.75,23.899999618530273,22.5,22.899999618530273,17.92745590209961,50200
2005-06-22,23.0,24.450000762939453,22.850000381469727,23.0,18.0057430267334,84000
2005-06-23,23.850000381469727,23.850000381469727,22.5,22.700000762939453,17.770885467529297,36000
2005-06-24,23.450000762939453,23.450000762939453,22.600000381469727,22.850000381469727,17.888315200805664,38800
2005-06-27,23.0,25.149999618530273,22.850000381469727,25.049999237060547,19.610599517822266,284100
2005-06-28,25.899999618530273,25.950000762939453,23.100000381469727,23.5,18.397172927856445,119800
2005-06-29,23.850000381469727,23.950000762939453,23.049999237060547,23.700000762939453,18.553743362426758,24100
2005-06-30,23.5,24.0,22.549999237060547,22.950000762939453,17.96660041809082,32900
2005-07-01,23.399999618530273,23.5,22.5,23.25,18.20145606994629,30861
2005-07-04,24.399999618530273,24.399999618530273,23.0,23.450000762939453,18.358028411865234,20000
2005-07-05,24.0,24.0,22.600000381469727,22.649999618530273,17.731740951538086,29700
2005-07-06,23.75,23.75,23.0,23.25,18.20145606994629,18400
2005-07-07,22.75,23.450000762939453,22.049999237060547,22.5,17.61431312561035,22200
2005-07-08,23.25,23.25,22.0,22.299999237060547,17.457740783691406,16100
2005-07-11,23.299999237060547,24.5,22.700000762939453,24.0,18.78860092163086,47900
2005-07-12,24.0,25.399999618530273,23.549999237060547,24.5,19.180028915405273,65860
2005-07-13,25.200000762939453,26.950000762939453,25.200000762939453,26.700000762939453,20.902315139770508,169700
2005-07-14,27.0,28.450000762939453,26.799999237060547,27.75,21.72431755065918,119700
2005-07-15,28.25,29.0,27.799999237060547,28.5,22.31146240234375,126600
2005-07-18,28.950000762939453,29.549999237060547,28.25,28.799999237060547,22.54631996154785,95500
2005-07-19,29.0,29.350000381469727,28.5,28.700000762939453,22.468036651611328,80300
2005-07-20,28.549999237060547,29.0,27.649999618530273,28.549999237060547,22.350605010986328,72200
2005-07-21,27.5,30.0,27.5,29.950000762939453,23.446609497070312,177800
2005-07-22,30.0,31.450000762939453,30.0,31.450000762939453,24.620895385742188,111200
2005-07-25,31.899999618530273,33.04999923706055,30.0,30.700000762939453,24.03375244140625,126400
2005-07-26,30.5,30.799999237060547,29.200000762939453,29.200000762939453,22.85946273803711,85600
2005-07-27,28.200000762939453,29.5,28.049999237060547,28.850000381469727,22.58546257019043,22800
2005-07-29,29.0,29.0,27.5,27.549999237060547,21.567745208740234,9600
2005-08-01,27.0,27.299999237060547,26.200000762939453,26.399999618530273,20.66745948791504,16900
2005-08-02,25.700000762939453,27.75,25.549999237060547,27.700000762939453,21.685176849365234,17400
2005-08-03,28.0,28.75,26.5,27.649999618530273,21.646032333374023,24700
2005-08-04,28.0,28.700000762939453,27.600000381469727,28.100000381469727,21.998319625854492,22500
2005-08-05,27.549999237060547,28.0,26.700000762939453,26.850000381469727,21.019744873046875,28600
2005-08-08,27.0,28.0,26.100000381469727,26.700000762939453,20.902315139770508,35400
2005-08-09,26.149999618530273,27.950000762939453,26.149999618530273,26.5,20.745746612548828,16100
2005-08-10,25.5,27.649999618530273,25.5,27.25,21.332889556884766,20800
2005-08-11,26.75,29.450000762939453,26.600000381469727,28.399999618530273,22.233177185058594,54300
2005-08-12,29.0,29.399999618530273,27.600000381469727,27.950000762939453,21.880889892578125,26600
2005-08-16,29.0,30.100000381469727,29.0,29.600000381469727,23.172605514526367,63700
2005-08-17,30.0,30.25,27.0,29.450000762939453,23.055179595947266,36500
2005-08-18,30.0,30.0,28.5,28.700000762939453,22.468036651611328,18300
2005-08-19,29.799999237060547,29.799999237060547,28.0,28.600000381469727,22.389747619628906,19900
2005-08-22,29.799999237060547,31.0,29.5,29.600000381469727,23.172605514526367,69300
2005-08-23,30.149999618530273,30.200000762939453,27.799999237060547,28.0,21.920032501220703,19712
2005-08-24,28.350000381469727,29.0,27.549999237060547,27.950000762939453,21.880889892578125,12000
2005-08-25,28.399999618530273,28.5,27.549999237060547,28.200000762939453,22.07660484313965,5700
2005-08-26,28.399999618530273,29.0,27.149999618530273,27.450000762939453,21.48946189880371,18000
2005-08-29,26.299999237060547,28.950000762939453,26.299999237060547,27.049999237060547,21.17631721496582,14200
2005-08-30,27.899999618530273,28.899999618530273,27.5,27.850000381469727,21.80260467529297,38800
2005-08-31,27.5,28.5,27.5,27.850000381469727,21.80260467529297,21100
2005-09-01,28.75,29.0,27.149999618530273,27.350000381469727,21.411174774169922,18500
2005-09-02,27.399999618530273,27.950000762939453,27.0,27.149999618530273,21.254602432250977,26600
2005-09-05,26.299999237060547,28.350000381469727,26.299999237060547,27.100000381469727,21.2154598236084,34500
2005-09-06,26.75,27.5,26.549999237060547,27.200000762939453,21.293746948242188,13100
2005-09-08,28.799999237060547,28.799999237060547,26.700000762939453,26.899999618530273,21.058887481689453,26600
2005-09-09,27.899999618530273,27.950000762939453,25.149999618530273,25.75,20.158601760864258,36800
2005-09-12,26.649999618530273,26.649999618530273,25.799999237060547,26.299999237060547,20.58917236328125,36800
2005-09-13,26.600000381469727,26.600000381469727,25.5,25.950000762939453,20.315174102783203,18900
2005-09-14,27.200000762939453,27.200000762939453,25.700000762939453,26.0,20.35431671142578,17900
2005-09-15,26.700000762939453,26.700000762939453,25.5,26.0,20.35431671142578,27000
2005-09-16,26.0,26.5,25.850000381469727,26.0,20.35431671142578,19100
2005-09-19,26.5,26.5,25.100000381469727,25.799999237060547,20.197744369506836,14700
2005-09-20,25.75,25.75,24.700000762939453,24.75,19.375743865966797,18600
2005-09-21,24.75,24.799999237060547,22.299999237060547,23.399999618530273,18.318883895874023,35666
2005-09-22,23.25,24.100000381469727,21.100000381469727,21.100000381469727,16.518312454223633,38300
2005-09-23,22.0,22.0,19.0,19.950000762939453,15.618023872375488,31000
2005-09-26,20.5,20.950000762939453,20.0,20.950000762939453,16.4008846282959,5100
2005-09-27,21.899999618530273,22.0,21.149999618530273,21.950000762939453,17.18374252319336,35300
2005-09-28,22.299999237060547,22.799999237060547,21.100000381469727,22.0,17.222883224487305,14400
2005-09-29,22.799999237060547,22.799999237060547,20.899999618530273,21.0,16.440025329589844,8100
2005-09-30,20.0,20.950000762939453,19.950000762939453,19.950000762939453,15.618023872375488,8900
2005-10-03,20.0,20.899999618530273,20.0,20.399999618530273,15.970309257507324,16700
2005-10-04,20.600000381469727,21.299999237060547,20.350000381469727,20.5,16.048595428466797,9900
2005-10-05,21.0,21.0,19.700000762939453,20.100000381469727,15.735452651977539,5900
2005-10-06,20.0,20.0,19.100000381469727,19.100000381469727,14.952593803405762,17500
2005-10-07,20.100000381469727,20.100000381469727,18.549999237060547,19.0,14.874307632446289,14900
2005-10-10,20.0,20.0,19.25,19.700000762939453,15.422309875488281,6000
2005-10-11,18.25,19.350000381469727,18.0,18.25,14.287164688110352,13000
2005-10-13,18.049999237060547,18.700000762939453,17.549999237060547,18.299999237060547,14.326306343078613,8700
2005-10-14,18.149999618530273,18.299999237060547,17.149999618530273,17.350000381469727,13.582592010498047,19200
2005-10-17,17.299999237060547,19.100000381469727,17.25,17.75,13.895735740661621,12800
2005-10-18,18.549999237060547,18.899999618530273,18.0,18.200000762939453,14.248022079467773,3500
2005-10-19,18.0,18.100000381469727,16.5,17.100000381469727,13.38687801361084,17800
2005-10-20,16.0,17.799999237060547,15.75,15.949999809265137,12.486589431762695,2900
2005-10-21,15.600000381469727,16.649999618530273,14.699999809265137,16.049999237060547,12.564875602722168,11300
2005-10-24,16.0,16.700000762939453,15.800000190734863,16.5,12.917162895202637,7700
2005-10-25,16.100000381469727,17.0,16.049999237060547,16.549999237060547,12.956305503845215,2500
2005-10-26,16.899999618530273,17.200000762939453,16.399999618530273,17.100000381469727,13.38687801361084,5700
2005-10-27,17.200000762939453,17.200000762939453,16.200000762939453,16.549999237060547,12.956305503845215,3800
2005-10-28,15.600000381469727,16.25,15.050000190734863,15.600000381469727,12.212591171264648,4100
2005-10-31,16.350000381469727,16.350000381469727,15.0,15.350000381469727,12.016876220703125,3400
2005-11-02,15.75,17.200000762939453,15.550000190734863,17.0,13.308591842651367,1900
2005-11-07,16.299999237060547,17.5,16.299999237060547,17.200000762939453,13.465164184570312,6600
2005-11-08,16.5,17.899999618530273,16.5,17.799999237060547,13.934877395629883,4000
2005-11-09,17.200000762939453,17.200000762939453,16.299999237060547,16.350000381469727,12.799734115600586,9500
2005-11-10,16.5,16.600000381469727,16.200000762939453,16.399999618530273,12.838876724243164,4900
2005-11-11,16.299999237060547,16.700000762939453,16.0,16.450000762939453,12.878020286560059,8000
2005-11-14,16.700000762939453,16.700000762939453,16.100000381469727,16.350000381469727,12.799734115600586,5400
2005-11-16,16.25,16.899999618530273,16.25,16.850000381469727,13.191163063049316,6400
2005-11-17,16.799999237060547,17.100000381469727,16.600000381469727,16.950000762939453,13.269449234008789,5500
2005-11-18,16.799999237060547,17.200000762939453,16.700000762939453,16.799999237060547,13.152019500732422,3900
2005-11-21,16.75,16.950000762939453,16.0,16.299999237060547,12.760590553283691,2900
2005-11-22,16.5,17.5,16.049999237060547,16.649999618530273,13.034589767456055,14600
2005-11-24,17.5,17.5,16.0,16.299999237060547,12.760590553283691,3900
2005-11-25,16.100000381469727,16.25,16.100000381469727,16.100000381469727,12.604020118713379,3900
2005-11-28,15.949999809265137,16.899999618530273,15.75,15.850000381469727,12.408305168151855,3200
2005-11-29,15.800000190734863,16.5,15.5,15.600000381469727,12.212591171264648,5500
2005-11-30,15.149999618530273,16.950000762939453,15.149999618530273,16.0,12.525733947753906,3700
2005-12-01,15.649999618530273,15.850000381469727,15.5,15.550000190734863,12.173446655273438,1166
2005-12-02,15.25,16.200000762939453,15.199999809265137,15.25,11.938589096069336,3100
2005-12-05,15.75,16.799999237060547,15.75,16.799999237060547,13.152019500732422,9200
2005-12-06,17.850000381469727,18.5,17.850000381469727,18.5,14.482879638671875,4400
2005-12-07,20.299999237060547,20.350000381469727,20.299999237060547,20.350000381469727,15.931167602539062,9600
2005-12-08,21.399999618530273,21.399999618530273,21.399999618530273,21.399999618530273,16.7531681060791,4600
2005-12-09,22.5,22.5,20.350000381469727,20.350000381469727,15.931167602539062,46400
2005-12-12,21.200000762939453,21.399999618530273,19.350000381469727,19.399999618530273,15.18745231628418,9100
2005-12-13,19.399999618530273,20.0,18.450000762939453,18.549999237060547,14.522021293640137,19000
2005-12-14,18.549999237060547,18.75,17.649999618530273,18.0,14.091450691223145,9600
2005-12-15,17.799999237060547,18.5,17.75,18.049999237060547,14.130593299865723,3600
2005-12-16,18.600000381469727,18.600000381469727,17.600000381469727,18.0,14.091450691223145,2700
2005-12-19,18.450000762939453,18.450000762939453,17.75,18.0,14.091450691223145,5700
2005-12-20,17.350000381469727,17.950000762939453,17.100000381469727,17.149999618530273,13.426020622253418,3600
2005-12-21,17.0,17.25,17.0,17.049999237060547,13.347734451293945,2400
2005-12-22,17.75,17.799999237060547,17.0,17.549999237060547,13.739164352416992,3900
2005-12-23,17.5,17.5,16.700000762939453,17.0,13.308591842651367,2000
2005-12-26,17.600000381469727,17.600000381469727,16.549999237060547,16.850000381469727,13.191163063049316,2700
2005-12-27,16.5,17.25,16.25,16.850000381469727,13.191163063049316,1900
2005-12-28,16.75,17.0,16.649999618530273,16.950000762939453,13.269449234008789,1100
2005-12-29,16.600000381469727,17.0,16.549999237060547,16.899999618530273,13.230305671691895,2300
2005-12-30,17.0,17.700000762939453,16.399999618530273,17.200000762939453,13.465164184570312,4000
2006-01-02,16.600000381469727,17.850000381469727,16.350000381469727,17.25,13.504307746887207,11900
2006-01-03,18.0,18.149999618530273,17.5,18.0,14.091450691223145,6000
2006-01-04,18.799999237060547,18.799999237060547,17.450000762939453,17.649999618530273,13.817449569702148,3500
2006-01-05,17.25,18.200000762939453,17.049999237060547,17.5,13.700021743774414,2700
2006-01-06,17.950000762939453,17.950000762939453,17.25,17.399999618530273,13.621734619140625,1300
2006-01-09,17.350000381469727,18.299999237060547,17.299999237060547,17.850000381469727,13.974021911621094,4000
2006-01-10,17.5,18.149999618530273,17.25,18.100000381469727,14.169736862182617,2600
2006-01-12,18.100000381469727,18.100000381469727,17.25,17.850000381469727,13.974021911621094,5900
2006-01-13,17.649999618530273,18.299999237060547,17.25,17.600000381469727,13.77830696105957,14600
2006-01-16,17.799999237060547,18.5,17.799999237060547,18.5,14.482879638671875,17600
2006-01-17,18.950000762939453,19.450000762939453,18.950000762939453,19.350000381469727,15.148309707641602,30453
2006-01-18,20.200000762939453,20.299999237060547,18.399999618530273,18.899999618530273,14.796021461486816,13200
2006-01-19,19.0,19.850000381469727,19.0,19.850000381469727,15.539739608764648,16400
2006-01-20,20.5,20.850000381469727,18.950000762939453,19.75,15.46145248413086,19432
2006-01-23,19.5,20.700000762939453,19.200000762939453,19.850000381469727,15.539739608764648,16100
2006-01-24,19.5,20.350000381469727,19.200000762939453,19.5,15.265737533569336,9900
2006-01-25,19.549999237060547,19.549999237060547,18.549999237060547,18.600000381469727,14.561166763305664,13300
2006-01-27,19.0,19.5,17.700000762939453,17.75,13.895735740661621,14600
2006-01-30,17.700000762939453,18.299999237060547,17.100000381469727,17.350000381469727,13.582592010498047,5800
2006-01-31,17.049999237060547,17.299999237060547,16.799999237060547,16.899999618530273,13.230305671691895,7100
2006-02-01,16.75,16.850000381469727,16.049999237060547,16.100000381469727,12.604020118713379,6200
2006-02-02,16.049999237060547,16.100000381469727,15.300000190734863,15.550000190734863,12.173446655273438,5500
2006-02-03,15.5,15.899999618530273,14.899999618530273,15.25,11.938589096069336,8200
2006-02-06,15.25,16.049999237060547,15.100000381469727,16.049999237060547,12.564875602722168,2900
2006-02-07,16.799999237060547,16.799999237060547,15.449999809265137,15.800000190734863,12.369162559509277,4400
2006-02-08,16.0,16.0,15.600000381469727,15.649999618530273,12.25173282623291,2700
2006-02-10,16.0,16.600000381469727,15.800000190734863,16.100000381469727,12.604020118713379,8000
2006-02-13,16.0,16.700000762939453,15.699999809265137,16.450000762939453,12.878020286560059,14000
2006-02-14,16.0,17.0,15.850000381469727,16.049999237060547,12.564875602722168,1000
2006-02-15,16.049999237060547,16.5,15.649999618530273,15.75,12.330018997192383,5500
2006-02-16,16.149999618530273,16.200000762939453,15.699999809265137,16.0,12.525733947753906,2600
2006-02-17,16.0,16.350000381469727,16.0,16.100000381469727,12.604020118713379,2500
2006-02-20,15.300000190734863,16.0,15.100000381469727,15.850000381469727,12.408305168151855,6300
2006-02-21,16.0,16.0,15.449999809265137,15.800000190734863,12.369162559509277,1738
2006-02-22,15.699999809265137,15.800000190734863,15.050000190734863,15.449999809265137,12.095161437988281,3200
2006-02-23,15.25,15.649999618530273,15.149999618530273,15.149999618530273,11.86030387878418,5500
2006-02-24,15.449999809265137,15.449999809265137,14.850000381469727,14.949999809265137,11.703731536865234,4700
2006-02-27,15.0,15.5,15.0,15.050000190734863,11.782018661499023,3100
2006-02-28,16.049999237060547,16.5,14.75,15.399999618530273,12.056018829345703,5100
2006-03-01,15.600000381469727,15.600000381469727,14.0,14.600000381469727,11.429731369018555,6100
2006-03-02,14.550000190734863,15.0,14.0,14.600000381469727,11.429731369018555,5200
2006-03-03,14.550000190734863,14.949999809265137,14.550000190734863,14.800000190734863,11.586302757263184,11200
2006-03-06,14.5,15.199999809265137,14.149999618530273,14.550000190734863,11.390588760375977,9400
2006-03-07,14.5,15.050000190734863,14.350000381469727,14.600000381469727,11.429731369018555,6200
2006-03-08,14.800000190734863,14.899999618530273,14.149999618530273,14.300000190734863,11.194873809814453,6400
2006-03-09,14.25,14.649999618530273,13.949999809265137,14.100000381469727,11.038302421569824,5500
2006-03-10,14.199999809265137,14.300000190734863,13.649999618530273,13.699999809265137,10.725159645080566,9100
2006-03-13,14.399999618530273,15.100000381469727,14.399999618530273,15.100000381469727,11.821161270141602,10000
2006-03-14,16.450000762939453,16.649999618530273,16.0,16.649999618530273,13.034589767456055,20600
2006-03-16,17.0,17.899999618530273,16.649999618530273,17.0,13.308591842651367,38500
2006-03-17,17.100000381469727,17.100000381469727,15.300000190734863,15.350000381469727,12.016876220703125,7600
2006-03-20,15.5,15.75,14.949999809265137,15.050000190734863,11.782018661499023,5600
2006-03-21,15.25,15.25,14.100000381469727,14.649999618530273,11.46887493133545,8600
2006-03-22,13.75,14.699999809265137,13.75,14.0,10.960016250610352,7000
2006-03-23,14.399999618530273,14.399999618530273,13.699999809265137,13.699999809265137,10.725159645080566,4900
2006-03-24,13.699999809265137,14.600000381469727,13.699999809265137,13.850000381469727,10.842588424682617,12600
2006-03-27,14.399999618530273,14.399999618530273,13.800000190734863,13.899999618530273,10.881730079650879,16100
2006-03-28,13.850000381469727,14.0,13.800000190734863,13.800000190734863,10.803444862365723,4800
2006-03-29,13.850000381469727,13.850000381469727,13.149999618530273,13.350000381469727,10.451157569885254,12850
2006-03-30,14.399999618530273,14.399999618530273,13.449999809265137,13.649999618530273,10.686016082763672,14900
2006-03-31,13.25,14.75,13.25,14.300000190734863,11.194873809814453,7100
2006-04-03,14.350000381469727,15.399999618530273,14.350000381469727,15.050000190734863,11.782018661499023,5300
2006-04-04,15.199999809265137,15.5,14.0,14.75,11.547160148620605,13300
2006-04-05,15.399999618530273,15.5,15.0,15.149999618530273,11.86030387878418,9600
2006-04-07,14.800000190734863,16.0,14.800000190734863,15.25,11.938589096069336,18300
2006-04-10,15.5,15.699999809265137,15.399999618530273,15.550000190734863,12.173446655273438,5000
2006-04-12,16.0,16.0,15.050000190734863,15.199999809265137,11.899445533752441,4824
2006-04-13,13.75,15.350000381469727,13.75,14.75,11.547160148620605,2600
2006-04-17,14.850000381469727,15.699999809265137,14.0,14.149999618530273,11.077445030212402,15100
2006-04-18,14.5,15.0,14.399999618530273,14.800000190734863,11.586302757263184,7600
2006-04-19,14.800000190734863,14.800000190734863,14.149999618530273,14.5,11.351445198059082,1700
2006-04-20,14.399999618530273,14.699999809265137,14.100000381469727,14.25,11.155731201171875,3300
2006-04-21,14.0,14.600000381469727,13.850000381469727,14.300000190734863,11.194873809814453,16300
2006-04-24,14.699999809265137,14.699999809265137,14.0,14.300000190734863,11.194873809814453,9800
2006-04-25,14.050000190734863,14.649999618530273,14.050000190734863,14.600000381469727,11.429731369018555,6000
2006-04-26,14.5,14.75,14.350000381469727,14.399999618530273,11.273159980773926,5600
2006-04-27,15.0,15.0,14.399999618530273,15.0,11.742874145507812,6100
2006-04-28,13.600000381469727,14.800000190734863,13.600000381469727,14.5,11.351445198059082,15100
2006-05-02,14.5,15.0,14.300000190734863,14.600000381469727,11.429731369018555,2200
2006-05-03,14.300000190734863,15.0,14.300000190734863,15.0,11.742874145507812,8100
2006-05-04,15.0,16.5,15.0,16.5,12.917162895202637,21900
2006-05-05,18.0,18.149999618530273,17.799999237060547,18.149999618530273,14.208879470825195,31600
2006-05-08,18.149999618530273,19.0,17.25,17.25,13.504307746887207,30200
2006-05-09,16.450000762939453,18.149999618530273,16.450000762939453,18.149999618530273,14.208879470825195,19700
2006-05-10,18.450000762939453,19.100000381469727,18.049999237060547,19.100000381469727,14.952593803405762,19700
2006-05-11,19.5,20.100000381469727,19.0,19.950000762939453,15.618023872375488,46000
2006-05-12,19.950000762939453,20.950000762939453,19.950000762939453,20.399999618530273,15.970309257507324,66300
2006-05-15,21.200000762939453,21.450000762939453,20.850000381469727,21.399999618530273,16.7531681060791,43400
2006-05-16,21.450000762939453,22.0,20.350000381469727,20.649999618530273,16.166025161743164,29600
2006-05-17,20.649999618530273,21.700000762939453,20.0,21.700000762939453,16.988027572631836,28800
2006-05-18,21.700000762939453,22.75,20.700000762939453,20.950000762939453,16.4008846282959,17800
2006-05-19,21.75,21.75,19.950000762939453,20.0,15.657167434692383,4600
2006-05-22,19.0,19.0,19.0,19.0,14.874307632446289,1700
2006-05-23,18.049999237060547,18.049999237060547,18.049999237060547,18.049999237060547,14.130593299865723,3000
2006-05-24,18.049999237060547,18.600000381469727,17.149999618530273,17.200000762939453,13.465164184570312,10900
2006-05-25,16.549999237060547,18.049999237060547,16.549999237060547,18.049999237060547,14.130593299865723,4200
2006-05-26,17.950000762939453,18.799999237060547,17.549999237060547,18.299999237060547,14.326306343078613,3300
2006-05-29,17.950000762939453,18.600000381469727,17.799999237060547,18.399999618530273,14.404592514038086,23700
2006-05-30,18.0,18.850000381469727,17.850000381469727,17.899999618530273,14.013163566589355,2500
2006-05-31,18.0,18.0,17.0,17.450000762939453,13.660879135131836,2204
2006-06-01,16.75,17.5,16.600000381469727,16.700000762939453,13.073735237121582,2100
2006-06-02,17.25,17.5,15.899999618530273,16.350000381469727,12.799734115600586,19600
2006-06-05,17.200000762939453,17.200000762939453,15.699999809265137,15.75,12.330018997192383,6200
2006-06-06,15.75,16.0,15.0,15.100000381469727,11.821161270141602,7400
2006-06-07,14.5,14.600000381469727,14.5,14.550000190734863,11.390588760375977,3300
2006-06-08,14.0,14.0,13.850000381469727,13.850000381469727,10.842588424682617,1700
2006-06-09,13.199999809265137,14.449999809265137,13.199999809265137,13.800000190734863,10.803444862365723,8300
2006-06-12,13.600000381469727,13.600000381469727,13.149999618530273,13.449999809265137,10.529443740844727,1700
2006-06-13,13.600000381469727,13.600000381469727,13.149999618530273,13.149999618530273,10.294586181640625,1400
2006-06-14,12.550000190734863,12.550000190734863,12.5,12.5,9.78572940826416,1090
2006-06-15,12.5,12.699999809265137,11.899999618530273,12.699999809265137,9.942300796508789,2001
2006-06-16,13.25,13.25,12.149999618530273,12.199999809265137,9.550871849060059,1350
2006-06-19,12.600000381469727,12.600000381469727,12.199999809265137,12.199999809265137,9.550871849060059,2300
2006-06-20,12.350000381469727,12.850000381469727,12.350000381469727,12.800000190734863,10.020586013793945,1300
2006-06-21,13.25,13.300000190734863,12.850000381469727,13.300000190734863,10.412015914916992,700
2006-06-22,13.649999618530273,14.0,13.649999618530273,14.0,10.960016250610352,580
2006-06-23,14.699999809265137,14.699999809265137,14.699999809265137,14.699999809265137,11.508016586303711,1000
2006-06-26,14.399999618530273,14.600000381469727,14.399999618530273,14.5,11.351445198059082,1000
2006-06-27,14.25,14.449999809265137,14.25,14.449999809265137,11.312302589416504,300
2006-06-28,14.199999809265137,14.25,14.199999809265137,14.25,11.155731201171875,300
2006-06-29,14.5,14.5,13.850000381469727,13.850000381469727,10.842588424682617,240
2006-06-30,13.300000190734863,13.600000381469727,13.300000190734863,13.600000381469727,10.646873474121094,700
2006-07-03,13.5,13.5,13.5,13.5,10.568587303161621,50
2006-07-04,13.25,13.25,13.149999618530273,13.25,10.372873306274414,2100
2006-07-05,12.75,13.949999809265137,12.75,12.75,9.981443405151367,0
2006-07-06,13.600000381469727,13.649999618530273,12.850000381469727,12.850000381469727,10.05972957611084,425
2006-07-07,12.699999809265137,13.399999618530273,12.699999809265137,12.699999809265137,9.942300796508789,0
2006-07-10,13.5,13.5,12.800000190734863,12.800000190734863,10.020586013793945,382
2006-07-11,12.899999618530273,12.899999618530273,12.899999618530273,12.899999618530273,10.098872184753418,100
2006-07-12,13.0,13.449999809265137,12.800000190734863,12.850000381469727,10.05972957611084,2800
2006-07-13,13.449999809265137,13.5,13.0,13.0,10.17715835571289,1100
2006-07-14,13.100000381469727,13.100000381469727,13.100000381469727,13.100000381469727,10.255444526672363,2
2006-07-17,13.0,13.050000190734863,13.0,13.0,10.17715835571289,200
2006-07-18,12.350000381469727,12.350000381469727,12.350000381469727,12.350000381469727,9.668299674987793,100
2006-07-19,13.0,13.0,11.899999618530273,11.899999618530273,9.316014289855957,426
2006-07-20,11.899999618530273,11.949999809265137,11.899999618530273,11.949999809265137,9.355156898498535,196
2006-07-21,11.399999618530273,12.449999809265137,11.350000381469727,12.449999809265137,9.746585845947266,1300
2006-07-24,12.949999809265137,12.949999809265137,12.949999809265137,12.949999809265137,10.138014793395996,10
2006-07-25,12.949999809265137,13.449999809265137,12.75,13.449999809265137,10.529443740844727,300
2006-07-26,12.800000190734863,13.199999809265137,12.800000190734863,13.0,10.17715835571289,1200
2006-07-27,12.399999618530273,13.100000381469727,12.350000381469727,12.350000381469727,9.668299674987793,789
2006-07-28,11.949999809265137,12.050000190734863,11.949999809265137,12.0,9.39430046081543,2600
2006-07-31,11.449999809265137,12.5,11.449999809265137,12.5,9.78572940826416,600
2006-08-01,12.600000381469727,12.699999809265137,12.5,12.5,9.78572940826416,900
2006-08-02,12.949999809265137,12.949999809265137,12.550000190734863,12.550000190734863,9.824871063232422,369
2006-08-03,12.149999618530273,13.199999809265137,12.149999618530273,12.300000190734863,9.629158020019531,1803
2006-08-04,12.100000381469727,12.100000381469727,12.100000381469727,12.100000381469727,9.472585678100586,200
2006-08-07,12.0,12.0,11.949999809265137,11.949999809265137,9.355156898498535,282
2006-08-08,12.149999618530273,12.149999618530273,12.149999618530273,12.149999618530273,9.511728286743164,0
2006-08-09,12.100000381469727,12.100000381469727,12.100000381469727,12.100000381469727,9.472585678100586,0
2006-08-10,11.949999809265137,11.949999809265137,11.5,11.5,9.0028715133667,325
2006-08-11,12.100000381469727,12.100000381469727,12.100000381469727,12.100000381469727,9.472585678100586,100
2006-08-14,12.25,12.75,12.25,12.75,9.981443405151367,2400
2006-08-16,13.399999618530273,13.399999618530273,13.0,13.300000190734863,10.412015914916992,3400
2006-08-17,13.5,13.949999809265137,13.5,13.949999809265137,10.92087459564209,1900
2006-08-18,13.800000190734863,13.800000190734863,13.5,13.600000381469727,10.646873474121094,632
2006-08-21,13.399999618530273,13.399999618530273,13.199999809265137,13.199999809265137,10.33372974395752,432
2006-08-22,13.75,13.899999618530273,13.699999809265137,13.899999618530273,10.881730079650879,2800
2006-08-23,13.5,13.699999809265137,13.5,13.699999809265137,10.725159645080566,400
2006-08-24,13.399999618530273,13.75,13.399999618530273,13.699999809265137,10.725159645080566,1400
2006-08-25,14.0,14.0,13.5,13.699999809265137,10.725159645080566,1900
2006-08-28,13.75,14.0,13.199999809265137,13.300000190734863,10.412015914916992,4500
2006-08-29,13.600000381469727,13.649999618530273,12.699999809265137,13.199999809265137,10.33372974395752,3600
2006-08-30,13.75,13.899999618530273,13.050000190734863,13.399999618530273,10.490301132202148,4300
2006-08-31,13.0,13.550000190734863,13.0,13.050000190734863,10.216300010681152,600
2006-09-01,13.25,13.649999618530273,13.100000381469727,13.199999809265137,10.33372974395752,1100
2006-09-04,13.100000381469727,13.5,13.100000381469727,13.100000381469727,10.255444526672363,800
2006-09-05,13.100000381469727,13.25,13.100000381469727,13.149999618530273,10.294586181640625,2100
2006-09-06,13.0,13.25,12.949999809265137,13.100000381469727,10.255444526672363,1900
2006-09-07,13.0,13.5,13.0,13.100000381469727,10.255444526672363,1100
2006-09-08,12.899999618530273,13.050000190734863,12.899999618530273,12.899999618530273,10.098872184753418,1700
2006-09-11,12.899999618530273,13.199999809265137,12.699999809265137,12.75,9.981443405151367,1200
2006-09-12,12.75,13.0,12.649999618530273,12.649999618530273,9.903156280517578,1300
2006-09-13,12.649999618530273,12.75,12.649999618530273,12.699999809265137,9.942300796508789,1300
2006-09-14,12.75,13.350000381469727,12.75,13.199999809265137,10.33372974395752,4100
2006-09-15,13.699999809265137,13.850000381469727,13.25,13.300000190734863,10.412015914916992,2800
2006-09-18,12.899999618530273,13.5,12.75,13.050000190734863,10.216300010681152,4100
2006-09-19,12.800000190734863,13.100000381469727,12.800000190734863,12.899999618530273,10.098872184753418,4600
2006-09-20,12.949999809265137,13.449999809265137,12.75,12.800000190734863,10.020586013793945,4300
2006-09-21,12.649999618530273,13.399999618530273,12.649999618530273,13.399999618530273,10.490301132202148,1087
2006-09-22,12.75,13.199999809265137,12.75,12.850000381469727,10.05972957611084,3100
2006-09-25,12.5,13.100000381469727,12.5,12.75,9.981443405151367,3800
2006-09-26,12.949999809265137,12.949999809265137,12.399999618530273,12.5,9.78572940826416,4800
2006-09-27,11.899999618530273,12.899999618530273,11.899999618530273,12.5,9.78572940826416,3700
2006-09-28,12.449999809265137,12.899999618530273,12.449999809265137,12.899999618530273,10.098872184753418,300
2006-09-29,12.699999809265137,13.350000381469727,12.699999809265137,13.199999809265137,10.33372974395752,651
2006-10-03,13.0,13.449999809265137,12.899999618530273,12.899999618530273,10.098872184753418,1000
2006-10-04,13.550000190734863,13.550000190734863,13.100000381469727,13.350000381469727,10.451157569885254,3400
2006-10-05,13.050000190734863,14.0,13.050000190734863,14.0,10.960016250610352,4200
2006-10-06,14.449999809265137,14.699999809265137,14.199999809265137,14.699999809265137,11.508016586303711,6700
2006-10-09,14.949999809265137,15.449999809265137,14.949999809265137,15.449999809265137,12.095161437988281,3200
2006-10-10,15.649999618530273,16.0,15.0,16.0,12.525733947753906,14600
2006-10-11,16.0,16.25,15.399999618530273,15.399999618530273,12.056018829345703,4100
2006-10-12,15.949999809265137,15.949999809265137,14.800000190734863,14.800000190734863,11.586302757263184,600
2006-10-13,14.800000190734863,15.550000190734863,14.800000190734863,14.899999618530273,11.664588928222656,3800
2006-10-16,14.199999809265137,15.449999809265137,14.149999618530273,14.75,11.547160148620605,4600
2006-10-17,14.949999809265137,14.949999809265137,14.050000190734863,14.100000381469727,11.038302421569824,800
2006-10-18,13.449999809265137,14.800000190734863,13.449999809265137,13.899999618530273,10.881730079650879,1100
2006-10-19,13.550000190734863,13.850000381469727,13.550000190734863,13.850000381469727,10.842588424682617,700
2006-10-20,13.75,14.0,13.75,14.0,10.960016250610352,800
2006-10-23,14.100000381469727,14.100000381469727,14.0,14.0,10.960016250610352,1100
2006-10-26,14.0,14.550000190734863,14.0,14.25,11.155731201171875,751
2006-10-27,13.649999618530273,14.100000381469727,13.649999618530273,14.0,10.960016250610352,1273
2006-10-30,13.550000190734863,14.449999809265137,13.550000190734863,13.949999809265137,10.92087459564209,2600
2006-10-31,13.600000381469727,13.600000381469727,13.5,13.5,10.568587303161621,375
2006-11-01,13.5,14.199999809265137,13.350000381469727,14.149999618530273,11.077445030212402,2000
2006-11-02,13.75,14.449999809265137,13.649999618530273,13.75,10.764301300048828,533
2006-11-03,14.199999809265137,14.399999618530273,14.0,14.100000381469727,11.038302421569824,3300
2006-11-06,14.75,14.75,14.75,14.75,11.547160148620605,1900
2006-11-07,15.100000381469727,15.25,15.0,15.25,11.938589096069336,1100
2006-11-08,14.600000381469727,14.600000381469727,14.5,14.5,11.351445198059082,1300
2006-11-09,14.399999618530273,15.25,14.399999618530273,14.75,11.547160148620605,2500
2006-11-10,14.050000190734863,15.0,14.050000190734863,14.100000381469727,11.038302421569824,2100
2006-11-13,14.800000190734863,14.800000190734863,13.899999618530273,13.899999618530273,10.881730079650879,70
2006-11-14,13.949999809265137,14.0,13.800000190734863,13.850000381469727,10.842588424682617,1400
2006-11-15,13.550000190734863,13.899999618530273,13.5,13.899999618530273,10.881730079650879,896
2006-11-16,13.600000381469727,14.0,13.199999809265137,13.949999809265137,10.92087459564209,2900
2006-11-17,13.399999618530273,14.0,13.300000190734863,13.899999618530273,10.881730079650879,3100
2006-11-20,13.350000381469727,13.350000381469727,13.300000190734863,13.300000190734863,10.412015914916992,700
2006-11-21,13.5,13.949999809265137,13.5,13.949999809265137,10.92087459564209,1100
2006-11-22,13.5,14.649999618530273,13.5,14.600000381469727,11.429731369018555,3700
2006-11-23,14.050000190734863,14.5,13.899999618530273,14.0,10.960016250610352,3200
2006-11-24,13.399999618530273,13.899999618530273,13.399999618530273,13.649999618530273,10.686016082763672,900
2006-11-27,13.600000381469727,14.350000381469727,13.399999618530273,13.800000190734863,10.803444862365723,638
2006-11-28,13.800000190734863,14.0,13.600000381469727,14.0,10.960016250610352,955
2006-11-29,13.899999618530273,14.0,13.600000381469727,13.899999618530273,10.881730079650879,1700
2006-11-30,14.25,14.5,13.600000381469727,13.949999809265137,10.92087459564209,3600
2006-12-01,13.550000190734863,14.649999618530273,13.550000190734863,14.149999618530273,11.077445030212402,4900
2006-12-04,14.100000381469727,14.899999618530273,14.100000381469727,14.5,11.351445198059082,1686
2006-12-05,14.949999809265137,15.100000381469727,14.5,14.649999618530273,11.46887493133545,4300
2006-12-06,14.199999809265137,14.850000381469727,14.149999618530273,14.5,11.351445198059082,2200
2006-12-07,14.25,14.5,14.25,14.5,11.351445198059082,2300
2006-12-08,14.75,14.75,14.149999618530273,14.550000190734863,11.390588760375977,16700
2006-12-11,13.649999618530273,14.649999618530273,13.649999618530273,14.25,11.155731201171875,1000
2006-12-12,14.399999618530273,14.399999618530273,13.0,13.899999618530273,10.881730079650879,7000
2006-12-13,13.100000381469727,14.399999618530273,13.0,14.149999618530273,11.077445030212402,4000
2006-12-14,14.399999618530273,14.5,14.050000190734863,14.050000190734863,10.999159812927246,700
2006-12-15,14.0,14.0,13.449999809265137,13.600000381469727,10.646873474121094,2600
2006-12-18,14.25,14.25,14.25,14.25,11.155731201171875,100
2006-12-19,14.25,14.300000190734863,14.25,14.300000190734863,11.194873809814453,375
2006-12-20,13.600000381469727,14.25,13.300000190734863,14.0,10.960016250610352,2000
2006-12-21,14.0,14.199999809265137,13.5,13.800000190734863,10.803444862365723,2900
2006-12-22,14.0,14.399999618530273,13.5,13.800000190734863,10.803444862365723,6900
2006-12-26,14.0,14.300000190734863,14.0,14.300000190734863,11.194873809814453,325
2006-12-27,14.199999809265137,14.649999618530273,13.649999618530273,14.300000190734863,11.194873809814453,2100
2006-12-28,14.100000381469727,14.649999618530273,14.100000381469727,14.199999809265137,11.116588592529297,2900
2006-12-29,14.199999809265137,14.300000190734863,13.800000190734863,14.050000190734863,10.999159812927246,3000
2007-01-02,13.449999809265137,15.399999618530273,13.449999809265137,13.800000190734863,10.803444862365723,400
2007-01-03,13.949999809265137,15.0,13.75,14.850000381469727,11.625446319580078,4000
2007-01-04,14.0,14.800000190734863,14.0,14.0,10.960016250610352,0
2007-01-05,14.850000381469727,15.149999618530273,14.25,15.050000190734863,11.782018661499023,2300
2007-01-08,14.25,16.600000381469727,14.25,16.5,12.917162895202637,11900
2007-01-09,16.200000762939453,17.700000762939453,15.800000190734863,16.049999237060547,12.564875602722168,8800
2007-01-10,16.0,16.600000381469727,15.449999809265137,15.5,12.13430404663086,3300
2007-01-11,15.75,16.200000762939453,15.75,15.850000381469727,12.408305168151855,2500
2007-01-12,16.100000381469727,16.100000381469727,15.75,15.75,12.330018997192383,1600
2007-01-15,15.75,16.549999237060547,15.75,16.549999237060547,12.956305503845215,2000
2007-01-16,16.0,16.049999237060547,16.0,16.0,12.525733947753906,3600
2007-01-17,15.5,17.200000762939453,15.449999809265137,16.950000762939453,13.269449234008789,5700
2007-01-18,16.149999618530273,18.399999618530273,16.100000381469727,17.350000381469727,13.582592010498047,12900
2007-01-19,16.5,18.450000762939453,16.5,18.0,14.091450691223145,8000
2007-01-22,17.25,19.0,17.25,18.950000762939453,14.835165977478027,14000
2007-01-23,19.0,19.700000762939453,17.799999237060547,18.149999618530273,14.208879470825195,29800
2007-01-24,18.25,18.450000762939453,18.0,18.0,14.091450691223145,5900
2007-01-25,18.399999618530273,18.75,17.299999237060547,17.299999237060547,13.543448448181152,6200
2007-01-29,17.850000381469727,18.0,17.799999237060547,18.0,14.091450691223145,2500
2007-01-31,17.5,17.799999237060547,16.950000762939453,17.25,13.504307746887207,4400
2007-02-01,17.649999618530273,19.0,16.600000381469727,17.600000381469727,13.77830696105957,11100
2007-02-02,17.0,18.799999237060547,17.0,17.549999237060547,13.739164352416992,6600
2007-02-05,17.950000762939453,17.950000762939453,16.799999237060547,17.299999237060547,13.543448448181152,3700
2007-02-06,17.350000381469727,18.5,16.950000762939453,18.0,14.091450691223145,10200
2007-02-07,17.649999618530273,19.799999237060547,17.549999237060547,19.799999237060547,15.500594139099121,34300
2007-02-08,20.399999618530273,21.600000381469727,19.700000762939453,20.100000381469727,15.735452651977539,59200
2007-02-09,20.25,20.5,18.200000762939453,18.649999618530273,14.60030746459961,21800
2007-02-12,18.350000381469727,18.350000381469727,17.149999618530273,17.600000381469727,13.77830696105957,13300
2007-02-13,17.200000762939453,17.850000381469727,16.600000381469727,16.600000381469727,12.995448112487793,4900
2007-02-14,17.149999618530273,17.299999237060547,16.399999618530273,17.0,13.308591842651367,1500
2007-02-15,16.350000381469727,18.200000762939453,16.350000381469727,17.649999618530273,13.817449569702148,4600
2007-02-19,21.0,21.0,15.149999618530273,17.950000762939453,14.052309036254883,3200
2007-02-20,18.0,18.5,16.700000762939453,17.100000381469727,13.38687801361084,7100
2007-02-21,17.100000381469727,17.799999237060547,15.75,16.149999618530273,12.64316177368164,10700
2007-02-22,17.75,17.75,15.199999809265137,15.300000190734863,11.97773265838623,15000
2007-02-23,15.899999618530273,15.899999618530273,14.5,15.199999809265137,11.899445533752441,4400
2007-02-26,12.449999809265137,16.149999618530273,12.449999809265137,15.75,12.330018997192383,6000
2007-02-27,15.75,16.149999618530273,15.350000381469727,16.0,12.525733947753906,3700
2007-02-28,15.0,15.5,14.850000381469727,15.5,12.13430404663086,4300
2007-03-01,14.899999618530273,15.449999809265137,14.75,14.850000381469727,11.625446319580078,2400
2007-03-02,14.550000190734863,15.5,14.5,15.050000190734863,11.782018661499023,2800
2007-03-05,15.050000190734863,15.050000190734863,13.649999618530273,14.0,10.960016250610352,2600
2007-03-06,15.149999618530273,15.149999618530273,14.449999809265137,14.449999809265137,11.312302589416504,500
2007-03-07,14.25,14.300000190734863,14.25,14.25,11.155731201171875,1300
2007-03-08,14.350000381469727,14.399999618530273,13.600000381469727,14.25,11.155731201171875,1800
2007-03-09,14.0,14.75,14.0,14.75,11.547160148620605,7500
2007-03-12,14.0,14.5,14.0,14.5,11.351445198059082,3700
2007-03-13,14.5,14.5,14.5,14.5,11.351445198059082,0
2007-03-14,14.5,14.5,14.5,14.5,11.351445198059082,500
2007-03-15,14.149999618530273,14.899999618530273,14.149999618530273,14.5,11.351445198059082,3000
2007-03-16,14.699999809265137,14.699999809265137,13.350000381469727,13.899999618530273,10.881730079650879,2600
2007-03-19,13.850000381469727,14.25,12.699999809265137,13.550000190734863,10.6077299118042,1157
2007-03-20,13.550000190734863,13.75,13.550000190734863,13.75,10.764301300048828,200
2007-03-21,12.199999809265137,15.350000381469727,12.199999809265137,14.100000381469727,11.038302421569824,6400
2007-03-22,14.0,14.0,14.0,14.0,10.960016250610352,2400
2007-03-23,11.600000381469727,14.5,11.600000381469727,14.5,11.351445198059082,3800
2007-03-26,13.399999618530273,14.050000190734863,13.399999618530273,14.0,10.960016250610352,1000
2007-03-28,14.0,14.100000381469727,13.899999618530273,14.050000190734863,10.999159812927246,1400
2007-03-29,14.399999618530273,14.5,13.5,13.600000381469727,10.646873474121094,773
2007-03-30,14.75,14.75,13.5,13.850000381469727,10.842588424682617,2800
2007-04-02,13.25,13.25,13.25,13.25,10.372873306274414,1000
2007-04-03,13.5,13.550000190734863,13.5,13.550000190734863,10.6077299118042,800
2007-04-04,13.550000190734863,15.149999618530273,13.550000190734863,15.149999618530273,11.86030387878418,1266
2007-04-05,14.449999809265137,14.5,14.449999809265137,14.5,11.351445198059082,800
2007-04-09,14.149999618530273,15.100000381469727,14.149999618530273,14.5,11.351445198059082,1300
2007-04-10,14.5,15.449999809265137,14.5,15.100000381469727,11.821161270141602,5700
2007-04-11,15.199999809265137,15.199999809265137,14.699999809265137,14.699999809265137,11.508016586303711,256
2007-04-12,15.0,15.100000381469727,15.0,15.0,11.742874145507812,1700
2007-04-13,14.050000190734863,15.0,14.050000190734863,14.5,11.351445198059082,854
2007-04-16,15.0,16.0,14.600000381469727,16.0,12.525733947753906,4000
2007-04-17,15.199999809265137,15.800000190734863,15.149999618530273,15.149999618530273,11.86030387878418,893
2007-04-18,16.75,16.75,14.75,14.949999809265137,11.703731536865234,2900
2007-04-19,15.25,15.949999809265137,15.0,15.25,11.938589096069336,1400
2007-04-20,15.050000190734863,15.050000190734863,15.050000190734863,15.050000190734863,11.782018661499023,280
2007-04-23,15.0,16.450000762939453,13.5,15.199999809265137,11.899445533752441,20400
2007-04-24,15.050000190734863,16.100000381469727,15.050000190734863,15.100000381469727,11.821161270141602,1000
2007-04-25,15.149999618530273,15.149999618530273,15.0,15.0,11.742874145507812,600
2007-04-26,15.050000190734863,16.299999237060547,15.0,15.800000190734863,12.369162559509277,4400
2007-04-27,15.050000190734863,15.050000190734863,15.0,15.0,11.742874145507812,700
2007-04-30,15.25,15.25,15.25,15.25,11.938589096069336,896
2007-05-03,14.550000190734863,15.0,14.5,15.0,11.742874145507812,1484
2007-05-04,15.0,15.0,14.600000381469727,15.0,11.742874145507812,1400
2007-05-07,15.0,15.199999809265137,14.550000190734863,15.0,11.742874145507812,5400
2007-05-08,15.0,15.399999618530273,15.0,15.0,11.742874145507812,775
2007-05-09,15.25,15.25,15.25,15.25,11.938589096069336,500
2007-05-10,14.100000381469727,15.0,14.050000190734863,15.0,11.742874145507812,700
2007-05-11,14.300000190734863,15.199999809265137,14.300000190734863,15.199999809265137,11.899445533752441,200
2007-05-14,15.050000190734863,15.050000190734863,15.0,15.0,11.742874145507812,189
2007-05-15,14.0,15.5,14.0,15.050000190734863,11.782018661499023,2300
2007-05-16,15.100000381469727,15.100000381469727,15.0,15.0,11.742874145507812,2500
2007-05-17,15.5,17.0,15.5,16.200000762939453,12.682305335998535,23100
2007-05-18,17.0,17.0,16.100000381469727,16.450000762939453,12.878020286560059,6000
2007-05-21,15.800000190734863,16.149999618530273,15.800000190734863,16.149999618530273,12.64316177368164,14300
2007-05-22,15.75,16.0,15.100000381469727,15.5,12.13430404663086,5000
2007-05-23,14.75,16.0,14.0,15.399999618530273,12.056018829345703,3900
2007-05-24,15.100000381469727,15.199999809265137,14.550000190734863,14.899999618530273,11.664588928222656,5800
2007-05-25,15.449999809265137,15.800000190734863,14.0,15.800000190734863,12.369162559509277,8500
2007-05-28,16.5,16.549999237060547,15.850000381469727,16.0,12.525733947753906,3300
2007-05-29,16.5,18.850000381469727,16.100000381469727,18.5,14.482879638671875,18100
2007-05-30,18.399999618530273,18.899999618530273,17.700000762939453,18.549999237060547,14.522021293640137,29400
2007-05-31,21.950000762939453,21.950000762939453,19.700000762939453,20.0,15.657167434692383,56600
2007-06-01,20.450000762939453,20.450000762939453,18.799999237060547,19.100000381469727,14.952593803405762,15949
2007-06-04,20.899999618530273,20.899999618530273,19.200000762939453,19.600000381469727,15.344023704528809,19100
2007-06-05,20.0,20.0,19.0,19.149999618530273,14.991737365722656,5000
2007-06-06,19.0,19.399999618530273,17.0,18.100000381469727,14.169736862182617,6100
2007-06-07,18.299999237060547,18.799999237060547,18.0,18.0,14.091450691223145,3300
2007-06-08,17.549999237060547,17.649999618530273,17.0,17.200000762939453,13.465164184570312,1700
2007-06-11,19.950000762939453,19.950000762939453,17.75,18.100000381469727,14.169736862182617,16300
2007-06-12,18.049999237060547,18.399999618530273,17.600000381469727,17.799999237060547,13.934877395629883,2200
2007-06-13,17.200000762939453,18.149999618530273,17.200000762939453,17.399999618530273,13.621734619140625,118
2007-06-14,18.149999618530273,19.700000762939453,17.5,18.200000762939453,14.248022079467773,20400
2007-06-15,19.25,19.799999237060547,18.549999237060547,18.75,14.678594589233398,13100
2007-06-18,19.0,19.0,18.25,18.5,14.482879638671875,3200
2007-06-19,18.75,18.799999237060547,18.350000381469727,18.450000762939453,14.443737030029297,2400
2007-06-20,18.25,19.399999618530273,18.25,18.75,14.678594589233398,4900
2007-06-21,18.350000381469727,18.850000381469727,18.350000381469727,18.600000381469727,14.561166763305664,2200
2007-06-22,18.0,20.799999237060547,18.0,18.5,14.482879638671875,6600
2007-06-25,18.0,18.5,18.0,18.100000381469727,14.169736862182617,1061
2007-06-26,17.549999237060547,18.950000762939453,17.549999237060547,18.450000762939453,14.443737030029297,1700
2007-06-27,18.350000381469727,19.100000381469727,18.25,18.950000762939453,14.835165977478027,2900
2007-06-28,18.950000762939453,19.5,18.5,18.799999237060547,14.717737197875977,3500
2007-06-29,19.100000381469727,19.200000762939453,18.549999237060547,18.700000762939453,14.63945198059082,4000
2007-07-02,19.75,19.899999618530273,18.899999618530273,19.75,15.46145248413086,10500
2007-07-03,19.0,19.799999237060547,18.899999618530273,19.149999618530273,14.991737365722656,4000
2007-07-04,19.0,19.450000762939453,19.0,19.25,15.070023536682129,4000
2007-07-05,19.100000381469727,20.399999618530273,18.649999618530273,19.450000762939453,15.22659683227539,5600
2007-07-06,20.25,20.25,19.200000762939453,19.200000762939453,15.030881881713867,4700
2007-07-09,20.350000381469727,20.350000381469727,19.600000381469727,19.799999237060547,15.500594139099121,5300
2007-07-10,21.0,21.0,18.950000762939453,19.299999237060547,15.10916519165039,7300
2007-07-11,18.950000762939453,20.100000381469727,18.950000762939453,19.799999237060547,15.500594139099121,11000
2007-07-12,20.600000381469727,23.799999237060547,20.600000381469727,23.799999237060547,18.632028579711914,128900
2007-07-13,26.799999237060547,26.799999237060547,22.899999618530273,23.25,18.20145606994629,139700
2007-07-16,24.0,25.950000762939453,23.25,24.450000762939453,19.140886306762695,43800
2007-07-17,25.200000762939453,26.399999618530273,24.799999237060547,25.649999618530273,20.0803165435791,46200
2007-07-18,24.5,25.25,23.149999618530273,24.200000762939453,19.71373748779297,21700
2007-07-19,23.649999618530273,24.450000762939453,23.299999237060547,23.600000381469727,19.22496795654297,9700
2007-07-20,23.5,23.5,21.600000381469727,22.100000381469727,18.003042221069336,17000
2007-07-23,20.25,22.25,20.200000762939453,21.100000381469727,17.18842315673828,9100
2007-07-24,21.0,21.649999618530273,20.350000381469727,21.100000381469727,17.18842315673828,9600
2007-07-25,20.049999237060547,21.049999237060547,20.049999237060547,20.75,16.903308868408203,2700
2007-07-26,22.100000381469727,22.25,21.5,21.649999618530273,17.636465072631836,2400
2007-07-27,21.5,21.5,21.0,21.100000381469727,17.18842315673828,6100
2007-07-30,20.0,21.600000381469727,19.649999618530273,21.5,17.514272689819336,3100
2007-07-31,24.5,24.5,22.549999237060547,23.200000762939453,18.899120330810547,13000
2007-08-01,23.100000381469727,23.100000381469727,22.299999237060547,22.850000381469727,18.614004135131836,10962
2007-08-02,22.5,23.799999237060547,22.25,23.149999618530273,18.858388900756836,9900
2007-08-03,23.799999237060547,23.799999237060547,22.649999618530273,22.649999618530273,18.451080322265625,8390
2007-08-06,24.899999618530273,24.899999618530273,19.600000381469727,22.5,18.328887939453125,2400
2007-08-07,22.450000762939453,22.549999237060547,22.049999237060547,22.299999237060547,18.165966033935547,1800
2007-08-08,24.700000762939453,24.700000762939453,22.450000762939453,22.700000762939453,18.491811752319336,9700
2007-08-09,24.25,24.25,22.100000381469727,22.299999237060547,18.165966033935547,8500
2007-08-10,21.5,22.200000762939453,21.5,22.200000762939453,18.084505081176758,4500
2007-08-13,22.100000381469727,22.100000381469727,21.5,21.799999237060547,17.758657455444336,4300
2007-08-14,21.25,24.0,21.25,23.100000381469727,18.817659378051758,28092
2007-08-16,23.549999237060547,23.549999237060547,21.799999237060547,22.75,18.532541275024414,14756
2007-08-17,21.850000381469727,23.75,21.850000381469727,23.100000381469727,18.817659378051758,15694
2007-08-20,23.850000381469727,24.350000381469727,23.0,23.200000762939453,18.899120330810547,18247
2007-08-21,21.549999237060547,23.399999618530273,21.549999237060547,22.799999237060547,18.573272705078125,8406
2007-08-22,26.0,26.0,22.25,23.0,18.73619842529297,6900
2007-08-23,23.899999618530273,23.899999618530273,22.649999618530273,23.0,18.73619842529297,4600
2007-08-24,23.0,23.0,22.0,22.549999237060547,18.369617462158203,9861
2007-08-27,22.649999618530273,25.200000762939453,22.649999618530273,24.100000381469727,19.63227653503418,29287
2007-08-28,23.299999237060547,25.0,23.25,24.450000762939453,19.917394638061523,20730
2007-08-29,28.0,28.0,23.149999618530273,26.850000381469727,21.872472763061523,64686
2007-08-30,27.0,27.899999618530273,26.0,26.25,21.383703231811523,11400
2007-08-31,26.899999618530273,27.850000381469727,26.600000381469727,27.0,21.994667053222656,15494
2007-09-03,29.0,29.0,27.049999237060547,28.100000381469727,22.890745162963867,11687
2007-09-04,28.200000762939453,29.549999237060547,28.100000381469727,29.200000762939453,23.78682518005371,29754
2007-09-05,35.04999923706055,35.04999923706055,27.049999237060547,28.0,22.809282302856445,23800
2007-09-06,29.5,32.95000076293945,27.549999237060547,27.950000762939453,22.768552780151367,12111
2007-09-07,28.0,28.5,27.899999618530273,28.0,22.809282302856445,3965
2007-09-10,28.25,28.5,27.399999618530273,28.299999237060547,23.053668975830078,7000
2007-09-11,28.200000762939453,29.0,28.049999237060547,28.75,23.420246124267578,7502
2007-09-12,28.75,29.5,28.649999618530273,28.799999237060547,23.460975646972656,12837
2007-09-13,29.0,29.5,28.299999237060547,28.399999618530273,23.1351318359375,7248
2007-09-14,28.049999237060547,28.850000381469727,27.399999618530273,27.950000762939453,22.768552780151367,35000
2007-09-17,28.0,28.0,26.549999237060547,27.0,21.994667053222656,6900
2007-09-18,27.0,29.5,26.799999237060547,28.5,23.216594696044922,11570
2007-09-19,28.649999618530273,29.350000381469727,27.600000381469727,28.399999618530273,23.1351318359375,7500
2007-09-20,29.75,29.75,27.100000381469727,28.299999237060547,23.053668975830078,13563
2007-09-21,29.5,34.0,28.200000762939453,34.0,27.69698715209961,53897
2007-09-24,36.70000076293945,38.5,35.0,35.5,28.918912887573242,153270
2007-09-25,36.0,36.5,33.5,34.0,27.69698715209961,39700
2007-09-26,34.900001525878906,34.900001525878906,29.149999618530273,33.04999923706055,26.923099517822266,25387
2007-09-27,33.5,34.95000076293945,32.20000076293945,32.54999923706055,26.515790939331055,27948
2007-09-28,33.900001525878906,37.95000076293945,33.5,35.849998474121094,29.204029083251953,53818
2007-10-01,35.54999923706055,38.900001525878906,35.20000076293945,36.20000076293945,29.489147186279297,33561
2007-10-03,36.099998474121094,36.25,35.0,35.95000076293945,29.285491943359375,37672
2007-10-04,35.099998474121094,35.599998474121094,34.54999923706055,34.900001525878906,28.430145263671875,14610
2007-10-05,35.5,36.0,34.0,35.150001525878906,28.633800506591797,14970
2007-10-08,34.900001525878906,34.900001525878906,30.100000381469727,32.900001525878906,26.8009090423584,21190
2007-10-09,30.149999618530273,32.95000076293945,30.149999618530273,32.45000076293945,26.4343318939209,11164
2007-10-10,34.0,34.0,31.850000381469727,32.0,26.067750930786133,12513
2007-10-11,32.400001525878906,32.400001525878906,30.0,31.600000381469727,25.741907119750977,9027
2007-10-12,30.549999237060547,31.75,30.25,31.25,25.456789016723633,10141
2007-10-15,30.5,33.54999923706055,30.5,32.099998474121094,26.149213790893555,13337
2007-10-16,32.0,32.349998474121094,31.25,31.450000762939453,25.619714736938477,16058
2007-10-17,29.149999618530273,31.899999618530273,29.149999618530273,30.450000762939453,24.805095672607422,14117
2007-10-18,30.5,31.950000762939453,28.049999237060547,28.950000762939453,23.58316993713379,6349
2007-10-19,29.950000762939453,30.0,27.0,27.399999618530273,22.320512771606445,22660
2007-10-22,27.25,29.899999618530273,27.25,28.950000762939453,23.58316993713379,6755
2007-10-23,30.0,30.299999237060547,29.0,29.75,24.23486328125,4870
2007-10-24,29.350000381469727,29.350000381469727,28.399999618530273,28.75,23.420246124267578,11457
2007-10-25,27.600000381469727,30.0,27.549999237060547,29.799999237060547,24.27559471130371,13458
2007-10-26,26.0,34.0,26.0,31.700000762939453,25.823368072509766,21300
2007-10-29,33.79999923706055,34.95000076293945,31.0,32.29999923706055,26.312137603759766,21698
2007-10-30,32.5,33.5,30.049999237060547,32.04999923706055,26.108482360839844,11894
2007-10-31,32.900001525878906,32.900001525878906,30.700000762939453,30.899999618530273,25.171674728393555,7333
2007-11-01,31.149999618530273,34.5,30.700000762939453,31.049999237060547,25.293865203857422,38276
2007-11-02,30.149999618530273,31.350000381469727,30.0,30.950000762939453,25.212406158447266,4244
2007-11-05,31.5,34.900001525878906,31.5,32.95000076293945,26.84164047241211,36527
2007-11-06,36.45000076293945,38.849998474121094,33.5,36.599998474121094,29.814990997314453,65024
2007-11-07,38.0,38.20000076293945,32.04999923706055,35.95000076293945,29.285491943359375,36043
2007-11-08,35.75,36.0,33.54999923706055,34.20000076293945,27.85991096496582,11887
2007-11-12,38.0,38.95000076293945,34.099998474121094,36.849998474121094,30.018646240234375,30504
2007-11-13,38.79999923706055,38.79999923706055,36.5,37.0,30.140836715698242,17439
2007-11-14,33.0,44.400001525878906,33.0,44.400001525878906,36.169010162353516,164400
2007-11-15,49.0,49.0,41.25,45.75,37.26873779296875,93623
2007-11-16,44.099998474121094,46.0,40.150001525878906,41.349998474121094,33.684425354003906,31723
2007-11-19,44.0,45.349998474121094,42.5,42.70000076293945,34.784156799316406,25400
2007-11-20,45.0,45.0,35.04999923706055,41.849998474121094,34.091732025146484,20114
2007-11-21,39.0,42.900001525878906,38.0,39.0,31.77007293701172,22576
2007-11-22,38.599998474121094,41.349998474121094,38.0,38.099998474121094,31.03692054748535,13900
2007-11-23,36.5,40.0,36.5,38.70000076293945,31.52569007873535,7100
2007-11-26,41.0,42.0,40.0,40.04999923706055,32.62541961669922,23100
2007-11-27,39.29999923706055,40.0,38.5,38.5,31.362764358520508,2500
2007-11-28,41.0,41.0,37.79999923706055,38.150001525878906,31.07765007019043,4775
2007-11-29,38.0,39.79999923706055,38.0,38.349998474121094,31.240568161010742,9600
2007-11-30,38.45000076293945,39.79999923706055,38.349998474121094,38.400001525878906,31.28130531311035,40900
2007-12-03,37.04999923706055,40.45000076293945,37.04999923706055,39.5,32.17738342285156,7700
2007-12-04,41.54999923706055,42.0,38.70000076293945,40.75,33.195655822753906,16415
2007-12-05,40.29999923706055,44.0,40.29999923706055,42.70000076293945,34.784156799316406,24586
2007-12-06,44.0,45.0,40.0,41.400001525878906,33.72515869140625,17017
2007-12-07,42.0,43.70000076293945,40.0,41.650001525878906,33.92881393432617,21925
2007-12-10,41.04999923706055,42.400001525878906,40.150001525878906,41.099998474121094,33.480770111083984,4524
2007-12-11,41.54999923706055,44.75,41.20000076293945,42.400001525878906,34.539772033691406,17800
2007-12-12,40.79999923706055,42.5,40.599998474121094,41.599998474121094,33.8880729675293,7318
2007-12-13,42.45000076293945,46.900001525878906,41.599998474121094,44.0,35.843162536621094,49800
2007-12-14,44.150001525878906,51.599998474121094,44.150001525878906,46.54999923706055,37.92043685913086,32149
2007-12-17,51.70000076293945,54.0,42.04999923706055,44.0,35.843162536621094,27000
2007-12-18,42.04999923706055,47.0,42.04999923706055,43.79999923706055,35.68023681640625,17400
2007-12-19,46.54999923706055,46.54999923706055,44.650001525878906,44.900001525878906,36.57631301879883,12100
2007-12-20,47.900001525878906,47.900001525878906,42.099998474121094,42.75,34.824886322021484,6382
2007-12-24,42.599998474121094,44.0,41.599998474121094,42.04999923706055,34.25465774536133,6520
2007-12-26,45.0,50.0,41.0,45.349998474121094,36.942893981933594,9796
2007-12-27,46.29999923706055,47.75,44.599998474121094,46.70000076293945,38.042625427246094,18845
2007-12-28,46.0,49.0,43.5,46.95000076293945,38.24628448486328,20501
2007-12-31,49.0,49.0,46.400001525878906,48.349998474121094,39.386741638183594,13637
2008-01-01,46.5,51.900001525878906,46.5,49.849998474121094,40.608673095703125,25706
2008-01-02,52.25,52.25,46.75,48.04999923706055,39.142356872558594,5727
2008-01-03,46.150001525878906,48.45000076293945,45.0,45.29999923706055,36.90216064453125,12442
2008-01-04,48.5,48.5,42.5,44.20000076293945,36.00608444213867,21134
2008-01-07,37.5,50.0,37.5,48.5,39.50893783569336,75291
2008-01-08,50.400001525878906,50.400001525878906,42.150001525878906,43.75,35.63950729370117,49646
2008-01-09,44.45000076293945,44.45000076293945,40.400001525878906,42.5,34.62123107910156,10198
2008-01-10,42.54999923706055,46.5,40.5,41.54999923706055,33.847347259521484,71503
2008-01-11,44.0,44.0,37.70000076293945,39.29999923706055,32.01445770263672,21753
2008-01-14,43.5,43.5,37.79999923706055,41.099998474121094,33.480770111083984,10699
2008-01-15,41.5,42.0,39.0,39.95000076293945,32.5439567565918,8117
2008-01-16,39.0,39.0,36.20000076293945,38.25,31.159109115600586,5475
2008-01-17,38.099998474121094,40.0,38.099998474121094,39.400001525878906,32.095924377441406,4421
2008-01-18,39.70000076293945,44.0,37.29999923706055,38.04999923706055,30.996187210083008,8417
2008-01-21,37.0,37.0,31.0,31.299999237060547,25.497520446777344,11655
2008-01-22,25.25,28.100000381469727,25.25,28.100000381469727,22.890745162963867,3662
2008-01-23,32.900001525878906,32.900001525878906,28.649999618530273,29.899999618530273,24.3570556640625,3522
2008-01-24,33.0,33.0,26.0,27.0,21.994667053222656,12761
2008-01-25,27.0,29.450000762939453,27.0,29.399999618530273,23.949745178222656,2942
2008-01-28,26.5,30.049999237060547,26.5,29.100000381469727,23.70536231994629,2380
2008-01-29,29.950000762939453,29.950000762939453,26.049999237060547,27.5,22.401973724365234,14147
2008-01-30,28.5,30.0,28.0,28.950000762939453,23.58316993713379,7553
2008-01-31,26.5,31.100000381469727,26.5,29.700000762939453,24.194133758544922,4090
2008-02-01,27.75,28.700000762939453,27.5,27.799999237060547,22.646358489990234,3944
2008-02-04,30.850000381469727,33.400001525878906,29.5,33.400001525878906,27.20821762084961,28563
2008-02-05,35.0,38.04999923706055,32.0,32.599998474121094,26.556522369384766,57243
2008-02-06,28.5,33.25,28.5,31.899999618530273,25.98628807067871,7043
2008-02-07,31.899999618530273,33.400001525878906,30.100000381469727,31.100000381469727,25.334596633911133,4261
2008-02-08,28.0,30.700000762939453,27.200000762939453,29.350000381469727,23.90901756286621,7869
2008-02-11,29.5,30.0,24.0,26.799999237060547,21.831741333007812,12286
2008-02-12,26.0,28.149999618530273,24.399999618530273,26.0,21.180049896240234,6120
2008-02-13,31.100000381469727,31.100000381469727,24.100000381469727,26.149999618530273,21.302242279052734,6595
2008-02-14,27.0,28.850000381469727,26.100000381469727,27.149999618530273,22.116857528686523,4353
2008-02-15,28.75,28.75,26.350000381469727,28.700000762939453,23.3795166015625,4117
2008-02-18,24.100000381469727,30.100000381469727,24.100000381469727,28.799999237060547,23.460975646972656,1450
2008-02-19,28.799999237060547,29.450000762939453,27.899999618530273,28.600000381469727,23.298053741455078,4913
2008-02-20,29.0,29.899999618530273,27.049999237060547,27.649999618530273,22.524166107177734,3276
2008-02-21,32.95000076293945,32.95000076293945,27.100000381469727,28.25,23.012939453125,1064
2008-02-22,26.5,28.899999618530273,26.5,27.299999237060547,22.239049911499023,1027
2008-02-25,27.100000381469727,27.200000762939453,26.450000762939453,26.549999237060547,21.628087997436523,1656
2008-02-26,26.450000762939453,28.649999618530273,26.450000762939453,28.5,23.216594696044922,2554
2008-02-27,29.5,29.5,27.600000381469727,28.600000381469727,23.298053741455078,1424
2008-02-28,28.5,29.25,27.100000381469727,28.549999237060547,23.25732421875,7698
2008-02-29,28.0,29.0,27.399999618530273,27.549999237060547,22.442705154418945,2009
2008-03-03,27.899999618530273,28.649999618530273,26.0,26.100000381469727,21.261512756347656,1923
2008-03-04,26.100000381469727,26.799999237060547,25.0,25.100000381469727,20.4468936920166,3601
2008-03-05,22.5,25.549999237060547,22.5,24.600000381469727,20.039587020874023,7505
2008-03-07,21.049999237060547,24.899999618530273,21.049999237060547,22.399999618530273,18.247425079345703,7843
2008-03-10,21.299999237060547,22.950000762939453,21.299999237060547,22.299999237060547,18.165966033935547,8575
2008-03-11,22.5,23.850000381469727,22.5,23.299999237060547,18.980581283569336,3342
2008-03-12,24.0,24.299999237060547,23.200000762939453,24.100000381469727,19.63227653503418,10005
2008-03-13,22.5,23.950000762939453,22.149999618530273,22.950000762939453,18.695466995239258,3096
2008-03-14,22.399999618530273,23.399999618530273,18.5,21.549999237060547,17.55500030517578,10113
2008-03-17,20.0,20.600000381469727,19.649999618530273,20.100000381469727,16.37380599975586,3217
2008-03-18,19.600000381469727,20.700000762939453,18.5,20.399999618530273,16.618192672729492,8788
2008-03-19,20.0,20.899999618530273,19.200000762939453,19.899999618530273,16.21088409423828,8402
2008-03-24,18.049999237060547,19.75,18.0,18.950000762939453,15.436997413635254,5743
2008-03-25,20.600000381469727,20.600000381469727,18.399999618530273,19.950000762939453,16.251615524291992,4550
2008-03-26,19.75,21.600000381469727,19.75,20.700000762939453,16.862579345703125,2479
2008-03-27,20.0,21.5,19.5,21.299999237060547,17.351346969604492,2292
2008-03-28,21.5,24.850000381469727,21.5,24.100000381469727,19.63227653503418,3409
2008-03-31,22.200000762939453,24.600000381469727,22.200000762939453,22.799999237060547,18.573272705078125,2375
2008-04-01,23.149999618530273,24.049999237060547,22.25,22.799999237060547,18.573272705078125,838
2008-04-02,26.0,26.0,22.549999237060547,24.0,19.550813674926758,1455
2008-04-03,23.700000762939453,23.700000762939453,22.5,23.0,18.73619842529297,1643
2008-04-04,23.049999237060547,23.049999237060547,21.899999618530273,22.049999237060547,17.962310791015625,319
2008-04-07,21.549999237060547,22.950000762939453,21.549999237060547,22.25,18.125234603881836,2078
2008-04-08,26.5,26.5,22.5,23.25,18.939849853515625,2855
2008-04-09,23.0,25.5,23.0,24.200000762939453,19.71373748779297,6465
2008-04-10,24.0,26.0,23.549999237060547,25.100000381469727,20.4468936920166,6004
2008-04-11,25.549999237060547,26.350000381469727,25.0,25.100000381469727,20.4468936920166,4888
2008-04-15,25.0,26.0,24.149999618530273,25.950000762939453,21.139320373535156,2978
2008-04-16,27.0,27.0,25.0,25.049999237060547,20.406160354614258,160
2008-04-17,26.200000762939453,27.0,24.100000381469727,25.049999237060547,20.406160354614258,1513
2008-04-21,25.049999237060547,26.700000762939453,25.0,26.600000381469727,21.668819427490234,902
2008-04-22,26.700000762939453,26.700000762939453,25.5,26.049999237060547,21.220781326293945,875
2008-04-23,26.100000381469727,27.850000381469727,24.049999237060547,27.600000381469727,22.483436584472656,3191
2008-04-24,27.100000381469727,27.100000381469727,26.149999618530273,26.399999618530273,21.505895614624023,1250
2008-04-25,27.0,27.0,26.0,27.0,21.994667053222656,2235
2008-04-28,26.049999237060547,26.899999618530273,26.0,26.5,21.587356567382812,1213
2008-04-29,25.399999618530273,27.0,25.399999618530273,26.200000762939453,21.342973709106445,786
2008-04-30,25.5,28.299999237060547,25.0,27.100000381469727,22.076128005981445,2743
2008-05-02,27.100000381469727,29.950000762939453,26.649999618530273,29.399999618530273,23.949745178222656,8707
2008-05-05,29.0,31.200000762939453,28.600000381469727,30.25,24.64217185974121,6374
2008-05-06,31.049999237060547,31.049999237060547,28.850000381469727,29.5,24.03120994567871,1858
2008-05-07,30.350000381469727,30.899999618530273,29.299999237060547,29.649999618530273,24.15340232849121,6300
2008-05-08,28.0,30.100000381469727,28.0,29.600000381469727,24.1126708984375,5808
2008-05-09,28.700000762939453,30.350000381469727,28.700000762939453,29.0,23.6239013671875,1607
2008-05-12,27.100000381469727,31.0,27.100000381469727,29.950000762939453,24.39778709411621,8641
2008-05-13,33.70000076293945,33.79999923706055,29.600000381469727,29.799999237060547,24.27559471130371,6918
2008-05-14,31.899999618530273,31.899999618530273,29.850000381469727,30.600000381469727,24.927288055419922,6125
2008-05-15,30.0,31.0,29.700000762939453,30.75,25.049480438232422,4332
2008-05-16,30.600000381469727,31.75,30.049999237060547,30.649999618530273,24.968019485473633,1932
2008-05-20,32.0,33.45000076293945,30.600000381469727,32.349998474121094,26.352869033813477,2852
2008-05-21,31.5,31.5,31.5,31.5,25.660444259643555,300
2008-05-22,33.0,33.900001525878906,31.399999618530273,33.349998474121094,27.167484283447266,8484
2008-05-23,33.0,34.849998474121094,32.45000076293945,32.70000076293945,26.637985229492188,3952
2008-05-26,30.25,32.0,30.0,30.200000762939453,24.601442337036133,2708
2008-05-27,30.5,32.79999923706055,30.25,30.799999237060547,25.090211868286133,2955
2008-05-28,33.0,34.400001525878906,31.649999618530273,33.29999923706055,27.126752853393555,13213
2008-05-29,34.45000076293945,34.45000076293945,32.5,33.0,26.882369995117188,8197
2008-05-30,33.5,33.70000076293945,32.20000076293945,32.400001525878906,26.393600463867188,2312
2008-06-02,32.04999923706055,32.70000076293945,31.450000762939453,31.899999618530273,25.98628807067871,1750
2008-06-03,29.5,30.450000762939453,29.5,30.299999237060547,24.682903289794922,945
2008-06-04,29.0,31.0,29.0,29.899999618530273,24.3570556640625,2068
2008-06-05,33.900001525878906,33.900001525878906,29.399999618530273,29.950000762939453,24.39778709411621,2041
2008-06-06,28.700000762939453,30.5,28.700000762939453,30.200000762939453,24.601442337036133,316
2008-06-09,28.049999237060547,31.899999618530273,27.649999618530273,30.450000762939453,24.805095672607422,1064
2008-06-10,28.5,29.5,28.0,28.0,22.809282302856445,1388
2008-06-11,28.100000381469727,29.25,28.100000381469727,28.649999618530273,23.338783264160156,1927
2008-06-12,28.0,29.100000381469727,27.549999237060547,29.0,23.6239013671875,974
2008-06-13,28.0,29.100000381469727,27.549999237060547,29.0,23.6239013671875,0
2008-06-16,30.399999618530273,30.399999618530273,28.149999618530273,29.649999618530273,24.15340232849121,3351
2008-06-17,30.0,30.0,29.899999618530273,30.0,24.438518524169922,528
2008-06-18,29.200000762939453,30.0,29.0,29.0,23.6239013671875,550
2008-06-19,27.549999237060547,30.149999618530273,27.549999237060547,29.649999618530273,24.15340232849121,1796
2008-06-20,29.5,30.5,29.25,30.5,24.845827102661133,826
2008-06-23,30.0,30.0,29.0,29.799999237060547,24.27559471130371,3387
2008-06-24,29.5,29.5,29.0,29.0,23.6239013671875,600
2008-06-25,29.0,30.0,29.0,30.0,24.438518524169922,3362
2008-06-26,29.049999237060547,30.0,29.049999237060547,30.0,24.438518524169922,699
2008-06-27,29.200000762939453,29.350000381469727,29.200000762939453,29.350000381469727,23.90901756286621,950
2008-06-30,28.700000762939453,28.700000762939453,28.200000762939453,28.200000762939453,22.97220802307129,1715
2008-07-01,27.049999237060547,27.049999237060547,26.799999237060547,26.799999237060547,21.831741333007812,355
2008-07-02,25.649999618530273,26.0,25.649999618530273,26.0,21.180049896240234,1400
2008-07-03,26.0,26.0,26.0,26.0,21.180049896240234,150
2008-07-04,25.549999237060547,25.549999237060547,25.5,25.5,20.77273941040039,140
2008-07-07,26.75,26.75,25.700000762939453,25.850000381469727,21.057857513427734,1069
2008-07-08,26.600000381469727,26.600000381469727,26.600000381469727,26.600000381469727,21.668819427490234,300
2008-07-09,27.0,27.0,26.0,27.0,21.994667053222656,1800
2008-07-10,27.0,27.0,27.0,27.0,21.994667053222656,0
2008-07-11,27.0,27.0,27.0,27.0,21.994667053222656,6
2008-07-14,26.149999618530273,27.100000381469727,26.149999618530273,27.100000381469727,22.076128005981445,451
2008-07-15,27.299999237060547,27.299999237060547,26.0,26.0,21.180049896240234,2139
2008-07-16,26.149999618530273,26.149999618530273,26.149999618530273,26.149999618530273,21.302242279052734,55
2008-07-17,24.549999237060547,24.549999237060547,24.549999237060547,24.549999237060547,21.215822219848633,100
2008-07-18,24.549999237060547,24.549999237060547,24.549999237060547,24.549999237060547,21.215822219848633,500
2008-07-21,24.549999237060547,24.549999237060547,24.549999237060547,24.549999237060547,21.215822219848633,101
2008-07-22,25.649999618530273,25.649999618530273,25.649999618530273,25.649999618530273,22.16642951965332,500
2008-07-23,26.25,26.799999237060547,25.25,25.25,21.82075309753418,1600
2008-07-24,26.0,26.0,25.0,25.0,21.604707717895508,150
2008-07-25,26.0,26.0,26.0,26.0,22.468894958496094,100
2008-07-28,25.049999237060547,25.850000381469727,25.0,25.0,21.604707717895508,2632
2008-07-29,25.450000762939453,25.450000762939453,24.200000762939453,24.200000762939453,20.91335678100586,92
2008-07-30,24.549999237060547,24.549999237060547,24.5,24.5,21.1726131439209,700
2008-07-31,23.5,23.75,23.299999237060547,23.299999237060547,20.135587692260742,400
2008-08-01,23.049999237060547,23.100000381469727,23.0,23.0,19.87632942199707,1700
2008-08-04,23.5,24.0,23.5,24.0,20.74051856994629,400
2008-08-05,24.399999618530273,24.399999618530273,24.399999618530273,24.399999618530273,21.08619499206543,100
2008-08-06,24.5,25.0,24.5,25.0,21.604707717895508,100
2008-08-07,23.649999618530273,24.5,23.5,23.75,20.524471282958984,900
2008-08-08,23.0,24.75,22.700000762939453,23.049999237060547,19.919540405273438,800
2008-08-11,23.100000381469727,24.200000762939453,23.100000381469727,23.75,20.524471282958984,2400
2008-08-12,24.799999237060547,24.950000762939453,24.049999237060547,24.049999237060547,20.783727645874023,300
2008-08-13,22.899999618530273,24.950000762939453,22.899999618530273,24.950000762939453,21.561498641967773,1800
2008-08-14,23.75,24.950000762939453,23.700000762939453,24.0,20.74051856994629,2900
2008-08-18,24.0,25.200000762939453,24.0,25.0,21.604707717895508,2960
2008-08-19,25.0,25.0,25.0,25.0,21.604707717895508,0
2008-08-20,23.799999237060547,26.0,23.799999237060547,26.0,22.468894958496094,350
2008-08-21,26.0,26.0,26.0,26.0,22.468894958496094,0
2008-08-22,24.899999618530273,24.899999618530273,24.700000762939453,24.899999618530273,21.51828956604004,110
2008-08-25,25.350000381469727,25.5,23.899999618530273,23.899999618530273,20.654098510742188,1301
2008-08-26,23.600000381469727,24.5,23.600000381469727,24.450000762939453,21.129405975341797,107
2008-08-27,24.0,24.0,23.649999618530273,23.649999618530273,20.438051223754883,520
2008-08-28,23.049999237060547,23.149999618530273,23.049999237060547,23.049999237060547,19.919540405273438,217
2008-08-29,23.0,23.149999618530273,22.799999237060547,23.149999618530273,20.005958557128906,666
2008-09-01,22.799999237060547,24.350000381469727,22.799999237060547,24.25,20.956565856933594,575
2008-09-02,24.0,25.399999618530273,23.049999237060547,23.049999237060547,19.919540405273438,2365
2008-09-04,23.0,24.100000381469727,22.75,24.100000381469727,20.826936721801758,501
2008-09-05,24.100000381469727,24.100000381469727,24.100000381469727,24.100000381469727,20.826936721801758,0
2008-09-08,23.600000381469727,23.600000381469727,23.0,23.0,19.87632942199707,238
2008-09-09,22.049999237060547,24.5,22.0,22.549999237060547,19.487445831298828,1768
2008-09-10,23.700000762939453,23.700000762939453,22.399999618530273,23.0,19.87632942199707,1160
2008-09-11,22.200000762939453,22.25,22.100000381469727,22.100000381469727,19.098560333251953,1002
2008-09-12,22.0,22.950000762939453,20.600000381469727,22.0,19.012142181396484,1210
2008-09-15,22.0,22.0,19.899999618530273,20.399999618530273,17.62944221496582,1522
2008-09-16,20.0,21.0,19.0,20.799999237060547,17.975116729736328,6523
2008-09-17,20.0,21.450000762939453,19.549999237060547,20.850000381469727,18.018325805664062,675
2008-09-18,19.850000381469727,21.399999618530273,18.799999237060547,20.0,17.28376579284668,3450
2008-09-19,20.0,21.950000762939453,19.049999237060547,21.799999237060547,18.839303970336914,2197
2008-09-22,21.0,21.0,20.450000762939453,20.450000762939453,17.672651290893555,226
2008-09-23,20.0,20.0,20.0,20.0,17.28376579284668,200
2008-09-24,18.950000762939453,21.0,18.75,19.5,16.85167121887207,1884
2008-09-25,19.5,20.0,18.549999237060547,18.600000381469727,16.073902130126953,4021
2008-09-26,18.799999237060547,18.799999237060547,18.5,18.5,15.9874849319458,850
2008-09-29,19.450000762939453,19.450000762939453,17.0,18.450000762939453,15.94427490234375,5421
2008-09-30,18.0,18.0,17.0,17.950000762939453,15.512181282043457,4070
2008-10-01,17.299999237060547,18.799999237060547,17.0,18.049999237060547,15.598599433898926,1424
2008-10-03,18.799999237060547,18.799999237060547,17.649999618530273,17.649999618530273,15.252923965454102,100
2008-10-06,18.0,18.0,16.149999618530273,17.5,15.123294830322266,937
2008-10-07,17.0,18.649999618530273,16.600000381469727,18.649999618530273,16.117111206054688,1300
2008-10-08,17.0,17.950000762939453,16.799999237060547,17.649999618530273,15.252923965454102,2300
2008-10-10,17.049999237060547,17.049999237060547,16.549999237060547,16.549999237060547,14.302315711975098,1833
2008-10-13,15.850000381469727,16.799999237060547,15.800000190734863,16.700000762939453,14.431944847106934,315
2008-10-14,17.799999237060547,17.799999237060547,16.5,17.549999237060547,15.166502952575684,602
2008-10-15,16.0,16.799999237060547,15.800000190734863,15.899999618530273,13.740592956542969,2446
2008-10-16,16.0,16.549999237060547,15.0,16.5,14.259106636047363,221
2008-10-17,15.0,16.5,15.0,15.300000190734863,13.22208023071289,4503
2008-10-20,16.0,16.600000381469727,15.0,15.0,12.962823867797852,801
2008-10-21,14.100000381469727,15.449999809265137,14.100000381469727,15.399999618530273,13.308500289916992,1142
2008-10-22,15.100000381469727,16.149999618530273,15.050000190734863,15.949999809265137,13.78380298614502,893
2008-10-23,15.050000190734863,15.050000190734863,14.5,14.5,12.530730247497559,732
2008-10-24,14.0,15.600000381469727,13.5,15.350000381469727,13.265290260314941,1107
2008-10-27,14.800000190734863,14.800000190734863,13.850000381469727,13.850000381469727,11.96900749206543,2600
2008-10-29,13.0,14.699999809265137,13.0,14.699999809265137,12.703568458557129,1028
2008-10-31,15.0,15.300000190734863,14.050000190734863,14.399999618530273,12.444311141967773,1751
2008-11-03,14.25,15.0,14.25,15.0,12.962823867797852,1726
2008-11-04,14.399999618530273,16.0,14.399999618530273,16.0,13.827012062072754,2059
2008-11-05,15.550000190734863,15.550000190734863,15.550000190734863,15.550000190734863,13.438128471374512,269
2008-11-06,15.0,15.0,15.0,15.0,12.962823867797852,250
2008-11-07,16.0,16.0,15.0,15.0,12.962823867797852,700
2008-11-10,15.949999809265137,15.949999809265137,14.550000190734863,15.0,12.962823867797852,777
2008-11-11,15.0,15.0,14.300000190734863,14.5,12.530730247497559,130
2008-11-12,14.75,16.0,14.75,16.0,13.827012062072754,477
2008-11-14,15.0,15.0,15.0,15.0,12.962823867797852,500
2008-11-17,15.100000381469727,15.100000381469727,15.0,15.0,12.962823867797852,700
2008-11-18,15.0,15.800000190734863,15.0,15.0,12.962823867797852,13156
2008-11-19,15.100000381469727,16.149999618530273,15.050000190734863,15.050000190734863,13.006033897399902,114
2008-11-20,14.5,14.5,14.5,14.5,12.530730247497559,2700
2008-11-21,15.0,15.100000381469727,14.149999618530273,14.399999618530273,12.444311141967773,5191
2008-11-24,14.199999809265137,14.5,11.550000190734863,13.850000381469727,11.96900749206543,2300
2008-11-25,13.399999618530273,13.399999618530273,13.0,13.0,11.234447479248047,1300
2008-11-26,13.0,13.0,11.649999618530273,12.0,10.370259284973145,3852
2008-11-28,11.649999618530273,13.0,10.75,10.75,9.290023803710938,2718
2008-12-01,10.0,12.300000190734863,10.0,11.449999809265137,9.8949556350708,955
2008-12-02,11.300000190734863,12.550000190734863,11.300000190734863,12.550000190734863,10.845563888549805,457
2008-12-03,12.550000190734863,12.550000190734863,12.550000190734863,12.550000190734863,10.845563888549805,0
2008-12-04,12.5,13.0,12.5,13.0,11.234447479248047,350
2008-12-05,13.0,13.050000190734863,13.0,13.0,11.234447479248047,520
2008-12-08,12.449999809265137,13.5,12.449999809265137,13.0,11.234447479248047,400
2008-12-10,13.5,14.0,12.699999809265137,13.5,11.666542053222656,1149
2008-12-11,13.5,13.5,13.5,13.5,11.666542053222656,0
2008-12-12,14.850000381469727,14.850000381469727,14.850000381469727,14.850000381469727,12.833196640014648,100
2008-12-15,15.800000190734863,15.800000190734863,15.800000190734863,15.800000190734863,13.6541748046875,200
2008-12-16,16.899999618530273,16.899999618530273,13.550000190734863,14.800000190734863,12.789986610412598,534
2008-12-17,14.25,14.25,13.850000381469727,14.050000190734863,12.141845703125,400
2008-12-18,13.0,14.399999618530273,13.0,14.399999618530273,12.444311141967773,170
2008-12-19,14.0,14.050000190734863,13.449999809265137,13.449999809265137,11.623332977294922,3454
2008-12-22,13.25,14.0,13.100000381469727,13.899999618530273,12.01221752166748,2737
2008-12-23,14.0,14.0,14.0,14.0,12.09863567352295,0
2008-12-24,13.25,14.0,13.100000381469727,14.0,12.09863567352295,2700
2008-12-26,13.949999809265137,13.949999809265137,13.149999618530273,13.600000381469727,11.752961158752441,715
2008-12-29,13.0,13.850000381469727,12.75,12.75,11.018400192260742,5500
2008-12-30,12.75,12.75,12.75,12.75,11.018400192260742,0
2008-12-31,13.0,13.0,13.0,13.0,11.234447479248047,1000
2009-01-02,13.0,15.600000381469727,13.0,14.800000190734863,12.789986610412598,13635
2009-01-05,13.600000381469727,16.5,13.100000381469727,14.649999618530273,12.660358428955078,11248
2009-01-06,15.300000190734863,15.300000190734863,13.75,13.75,11.882588386535645,550
2009-01-07,13.550000190734863,13.550000190734863,13.449999809265137,13.449999809265137,11.623332977294922,120
2009-01-09,12.050000190734863,12.050000190734863,12.0,12.0,10.370259284973145,650
2009-01-12,12.0,12.949999809265137,12.0,12.899999618530273,11.148028373718262,301
2009-01-13,12.600000381469727,13.800000190734863,12.149999618530273,13.800000190734863,11.925798416137695,142
2009-01-14,12.25,14.5,12.25,14.5,12.530730247497559,1500
2009-01-15,14.5,14.5,14.5,14.5,12.530730247497559,0
2009-01-16,13.050000190734863,13.050000190734863,13.050000190734863,13.050000190734863,11.277656555175781,300
2009-01-19,13.25,13.75,13.199999809265137,13.5,11.666542053222656,3400
2009-01-20,13.5,13.5,13.5,13.5,11.666542053222656,0
2009-01-21,13.699999809265137,13.699999809265137,12.699999809265137,12.699999809265137,10.975191116333008,100
2009-01-22,13.25,14.199999809265137,13.25,13.399999618530273,11.580122947692871,4457
2009-01-23,12.25,13.0,12.25,12.699999809265137,10.975191116333008,5523
2009-01-27,12.050000190734863,12.149999618530273,12.050000190734863,12.100000381469727,10.45667839050293,396
2009-01-28,12.25,13.5,12.25,13.399999618530273,11.580122947692871,1602
2009-01-29,13.0,14.0,12.75,12.800000190734863,11.061610221862793,5600
2009-01-30,13.5,13.649999618530273,12.699999809265137,13.449999809265137,11.623332977294922,402
2009-02-02,13.5,13.5,13.5,13.5,11.666542053222656,125
2009-02-03,12.800000190734863,13.0,12.800000190734863,12.899999618530273,11.148028373718262,1365
2009-02-04,13.75,13.75,12.5,13.5,11.666542053222656,140
2009-02-05,13.5,13.5,12.550000190734863,12.75,11.018400192260742,365
2009-02-06,14.800000190734863,14.850000381469727,11.350000381469727,13.0,11.234447479248047,1660
2009-02-09,12.550000190734863,14.300000190734863,12.550000190734863,14.25,12.31468391418457,549
2009-02-10,14.300000190734863,14.300000190734863,14.300000190734863,14.300000190734863,12.357892990112305,0
2009-02-11,13.350000381469727,13.350000381469727,13.300000190734863,13.300000190734863,11.493704795837402,80
2009-02-12,13.300000190734863,13.600000381469727,12.649999618530273,13.600000381469727,11.752961158752441,276
2009-02-13,13.199999809265137,14.449999809265137,13.199999809265137,13.649999618530273,11.79616928100586,179
2009-02-16,13.350000381469727,14.100000381469727,13.350000381469727,14.100000381469727,12.185054779052734,1002
2009-02-17,13.0,13.800000190734863,13.0,13.25,11.450495719909668,2118
2009-02-18,13.399999618530273,13.399999618530273,13.399999618530273,13.399999618530273,11.580122947692871,1000
2009-02-19,12.149999618530273,12.550000190734863,12.149999618530273,12.550000190734863,10.845563888549805,499
2009-02-20,13.5,13.5,13.050000190734863,13.050000190734863,11.277656555175781,450
2009-02-24,12.0,12.199999809265137,12.0,12.199999809265137,10.543097496032715,52
2009-02-25,12.25,12.800000190734863,12.25,12.800000190734863,11.061610221862793,1501
2009-02-26,12.800000190734863,12.800000190734863,12.800000190734863,12.800000190734863,11.061610221862793,0
2009-02-27,12.800000190734863,12.800000190734863,12.800000190734863,12.800000190734863,11.061610221862793,0
2009-03-02,12.0,12.850000381469727,12.0,12.850000381469727,11.104819297790527,51
2009-03-03,12.850000381469727,12.850000381469727,12.850000381469727,12.850000381469727,11.104819297790527,0
2009-03-04,12.050000190734863,12.050000190734863,12.050000190734863,12.050000190734863,10.413468360900879,92
2009-03-05,12.050000190734863,12.800000190734863,10.0,12.050000190734863,10.413468360900879,1548
2009-03-06,12.850000381469727,12.850000381469727,11.949999809265137,12.800000190734863,11.061610221862793,550
2009-03-09,12.399999618530273,12.399999618530273,12.399999618530273,12.399999618530273,10.715934753417969,145
2009-03-12,12.100000381469727,12.100000381469727,12.0,12.050000190734863,10.413468360900879,3000
2009-03-13,12.149999618530273,12.75,12.100000381469727,12.399999618530273,10.715934753417969,7685
2009-03-16,12.5,12.899999618530273,12.25,12.899999618530273,11.148028373718262,1499
2009-03-17,13.0,13.0,13.0,13.0,11.234447479248047,110
2009-03-18,13.199999809265137,13.199999809265137,13.199999809265137,13.199999809265137,11.407285690307617,100
2009-03-19,13.100000381469727,13.100000381469727,12.850000381469727,12.850000381469727,11.104819297790527,75
2009-03-20,13.5,13.5,13.5,13.5,11.666542053222656,208
2009-03-23,14.0,14.149999618530273,13.300000190734863,13.949999809265137,12.055426597595215,252
2009-03-24,13.300000190734863,13.300000190734863,13.100000381469727,13.100000381469727,11.320866584777832,500
2009-03-25,13.300000190734863,13.300000190734863,13.0,13.199999809265137,11.407285690307617,1209
2009-03-26,13.199999809265137,13.199999809265137,13.199999809265137,13.199999809265137,11.407285690307617,0
2009-03-27,14.5,14.5,13.050000190734863,13.149999618530273,11.364075660705566,2031
2009-03-30,13.800000190734863,14.199999809265137,13.800000190734863,14.0,12.09863567352295,200
2009-03-31,13.300000190734863,13.300000190734863,13.300000190734863,13.300000190734863,11.493704795837402,401
2009-04-01,14.0,14.600000381469727,13.850000381469727,14.449999809265137,12.487520217895508,1018
2009-04-02,14.5,15.5,14.5,15.25,13.17887020111084,2696
2009-04-06,15.5,16.549999237060547,15.149999618530273,15.75,13.610965728759766,1441
2009-04-08,15.5,15.5,15.5,15.5,13.394919395446777,40
2009-04-09,16.0,16.200000762939453,15.850000381469727,16.200000762939453,13.99985122680664,1600
2009-04-13,16.049999237060547,16.950000762939453,16.049999237060547,16.950000762939453,14.647993087768555,395
2009-04-15,15.899999618530273,17.649999618530273,15.899999618530273,16.850000381469727,14.561573028564453,992
2009-04-16,16.149999618530273,17.0,16.149999618530273,16.649999618530273,14.388734817504883,2312
2009-04-17,18.0,18.350000381469727,15.25,16.299999237060547,14.08626937866211,1654
2009-04-20,16.049999237060547,17.850000381469727,16.049999237060547,17.549999237060547,15.166502952575684,3110
2009-04-21,16.200000762939453,17.0,16.200000762939453,17.0,14.691201210021973,620
2009-04-22,16.0,17.450000762939453,16.0,16.5,14.259106636047363,1074
2009-04-23,16.299999237060547,17.200000762939453,16.0,17.0,14.691201210021973,1161
2009-04-24,16.799999237060547,17.299999237060547,16.049999237060547,16.399999618530273,14.172688484191895,1447
2009-04-27,16.700000762939453,17.5,16.700000762939453,17.450000762939453,15.080085754394531,31
2009-04-28,16.0,17.0,16.0,16.25,14.043059349060059,1380
2009-04-29,16.399999618530273,16.399999618530273,16.049999237060547,16.200000762939453,13.99985122680664,100
2009-05-04,15.899999618530273,16.850000381469727,15.850000381469727,16.799999237060547,14.518362045288086,1488
2009-05-05,16.549999237060547,18.299999237060547,16.0,17.450000762939453,15.080085754394531,4191
2009-05-06,18.350000381469727,18.850000381469727,17.950000762939453,17.950000762939453,15.512181282043457,8508
2009-05-07,19.0,19.0,17.649999618530273,17.950000762939453,15.512181282043457,2315
2009-05-08,18.350000381469727,18.350000381469727,17.5,18.149999618530273,15.685017585754395,1600
2009-05-11,18.200000762939453,18.200000762939453,17.5,17.899999618530273,15.468969345092773,2074
2009-05-12,18.0,21.5,17.0,21.5,18.580047607421875,22367
2009-05-13,25.0,25.0,19.5,21.899999618530273,18.925724029541016,82476
2009-05-14,20.5,21.700000762939453,20.0,20.600000381469727,17.80228042602539,5120
2009-05-15,22.0,22.0,18.5,20.0,17.28376579284668,6885
2009-05-18,18.549999237060547,18.549999237060547,18.549999237060547,18.549999237060547,16.03069305419922,0
2009-05-19,22.5,22.5,18.549999237060547,21.100000381469727,18.234373092651367,6637
2009-05-20,21.0,24.549999237060547,21.0,23.450000762939453,20.265214920043945,30675
2009-05-21,20.100000381469727,24.5,20.100000381469727,22.450000762939453,19.40102767944336,7628
2009-05-22,24.600000381469727,25.0,22.75,24.700000762939453,21.34545135498047,7990
2009-05-25,22.25,26.0,22.25,25.5,22.036800384521484,9836
2009-05-26,26.700000762939453,28.450000762939453,24.399999618530273,24.799999237060547,21.431869506835938,13633
2009-05-27,26.600000381469727,26.600000381469727,23.5,25.600000381469727,22.123220443725586,8582
2009-05-28,24.700000762939453,30.649999618530273,24.600000381469727,24.600000381469727,21.259031295776367,78172
2009-05-29,29.100000381469727,29.649999618530273,26.850000381469727,27.200000762939453,23.505922317504883,54819
2009-06-01,28.0,28.649999618530273,26.5,26.899999618530273,23.246665954589844,30977
2009-06-02,26.5,26.950000762939453,25.25,25.850000381469727,22.33926773071289,22139
2009-06-03,27.700000762939453,27.700000762939453,25.399999618530273,26.149999618530273,22.598522186279297,14900
2009-06-04,26.049999237060547,26.899999618530273,26.0,26.450000762939453,22.8577823638916,4984
2009-06-05,26.450000762939453,29.100000381469727,26.450000762939453,29.100000381469727,25.147878646850586,62700
2009-06-08,30.0,30.0,27.049999237060547,27.799999237060547,24.02443504333496,16243
2009-06-09,27.200000762939453,30.0,25.799999237060547,28.549999237060547,24.672576904296875,32339
2009-06-10,30.100000381469727,31.100000381469727,28.0,28.100000381469727,24.28369140625,46930
2009-06-11,27.200000762939453,27.950000762939453,25.950000762939453,26.100000381469727,22.555313110351562,16570
2009-06-12,25.850000381469727,26.0,25.200000762939453,26.100000381469727,22.555313110351562,1600
2009-06-15,24.75,25.5,24.700000762939453,24.700000762939453,21.34545135498047,2456
2009-06-16,24.200000762939453,25.200000762939453,23.75,26.100000381469727,22.555313110351562,1000
2009-06-17,25.0,25.25,24.299999237060547,25.25,21.82075309753418,1200
2009-06-18,24.950000762939453,24.950000762939453,23.450000762939453,23.450000762939453,20.265214920043945,6715
2009-06-19,23.899999618530273,24.200000762939453,23.700000762939453,24.149999618530273,20.870145797729492,1634
2009-06-22,23.700000762939453,23.700000762939453,23.700000762939453,26.100000381469727,22.555313110351562,100
2009-06-23,22.799999237060547,23.200000762939453,22.799999237060547,26.100000381469727,22.555313110351562,1500
2009-06-24,23.0,24.0,23.0,26.100000381469727,22.555313110351562,1900
2009-06-25,24.0,24.75,23.649999618530273,26.100000381469727,22.555313110351562,1700
2009-06-26,24.700000762939453,24.899999618530273,23.899999618530273,24.850000381469727,21.475078582763672,1020
2009-06-29,24.850000381469727,24.850000381469727,23.799999237060547,26.100000381469727,22.555313110351562,500
2009-06-30,23.799999237060547,23.799999237060547,23.799999237060547,23.799999237060547,20.56768035888672,0
2009-07-01,24.799999237060547,24.799999237060547,23.0,26.100000381469727,22.555313110351562,3100
2009-07-02,23.600000381469727,24.299999237060547,22.700000762939453,26.100000381469727,22.555313110351562,600
2009-07-03,24.299999237060547,24.299999237060547,23.200000762939453,26.100000381469727,22.555313110351562,1800
2009-07-06,23.049999237060547,24.399999618530273,23.049999237060547,24.0,20.74051856994629,1750
2009-07-07,24.450000762939453,24.450000762939453,23.0,26.100000381469727,22.555313110351562,1300
2009-07-08,23.0,23.0,22.200000762939453,26.100000381469727,22.555313110351562,1300
2009-07-09,23.0,23.100000381469727,22.25,26.100000381469727,22.555313110351562,400
2009-07-10,23.100000381469727,23.100000381469727,22.399999618530273,22.5,19.444236755371094,1468
2009-07-13,22.5,22.600000381469727,21.649999618530273,26.100000381469727,22.555313110351562,3900
2009-07-14,21.049999237060547,22.950000762939453,21.0,26.100000381469727,22.555313110351562,3700
2009-07-15,22.149999618530273,23.100000381469727,22.149999618530273,26.100000381469727,22.555313110351562,500
2009-07-16,22.649999618530273,23.75,22.649999618530273,26.100000381469727,22.555313110351562,1200
2009-07-17,24.0,24.25,23.450000762939453,24.25,20.956565856933594,820
2009-07-20,23.149999618530273,24.899999618530273,23.149999618530273,24.899999618530273,21.51828956604004,1100
2009-07-21,23.799999237060547,24.950000762939453,23.75,24.5,21.1726131439209,1475
2009-07-22,24.0,24.950000762939453,24.0,24.0,20.74051856994629,6100
2009-07-23,23.600000381469727,23.600000381469727,22.600000381469727,23.049999237060547,21.247509002685547,6400
2009-07-24,22.049999237060547,23.5,22.0,23.5,21.662321090698242,1600
2009-07-27,22.399999618530273,24.25,22.399999618530273,24.0,22.123220443725586,8700
2009-07-28,24.0,24.75,23.0,23.149999618530273,21.339689254760742,3000
2009-07-29,22.5,23.399999618530273,22.049999237060547,23.299999237060547,21.47795867919922,700
2009-07-30,23.5,23.75,22.299999237060547,23.5,21.662321090698242,1094
2009-07-31,23.5,23.5,22.75,23.25,21.431869506835938,5800
2009-08-03,22.5,22.5,22.350000381469727,22.350000381469727,20.602249145507812,1100
2009-08-04,23.649999618530273,23.649999618530273,22.700000762939453,23.399999618530273,21.570138931274414,1300
2009-08-05,23.0,23.5,22.75,23.200000762939453,21.385780334472656,1300
2009-08-06,23.0,24.5,23.0,24.350000381469727,22.445850372314453,16700
2009-08-07,23.049999237060547,23.049999237060547,22.649999618530273,22.649999618530273,20.8787899017334,3400
2009-08-10,22.649999618530273,22.649999618530273,22.5,22.5,20.74051856994629,1600
2009-08-11,22.25,22.25,21.600000381469727,22.0,20.279619216918945,4600
2009-08-12,21.600000381469727,22.450000762939453,21.450000762939453,21.450000762939453,19.772626876831055,200
2009-08-13,21.299999237060547,22.700000762939453,21.299999237060547,22.200000762939453,20.463979721069336,1600
2009-08-14,22.0,22.5,21.950000762939453,22.5,20.74051856994629,500
2009-08-17,22.149999618530273,22.75,22.149999618530273,22.149999618530273,20.417888641357422,0
2009-08-19,23.899999618530273,24.100000381469727,23.100000381469727,24.100000381469727,22.21540069580078,17309
2009-08-20,24.200000762939453,25.25,24.200000762939453,24.5,22.58411979675293,6027
2009-08-21,23.549999237060547,25.049999237060547,23.549999237060547,24.100000381469727,22.21540069580078,343
2009-08-24,24.100000381469727,25.200000762939453,24.100000381469727,24.549999237060547,22.63020896911621,2600
2009-08-25,24.899999618530273,25.799999237060547,24.899999618530273,25.25,23.275470733642578,7079
2009-08-26,25.200000762939453,26.549999237060547,25.200000762939453,26.5,24.427722930908203,5697
2009-08-27,25.899999618530273,27.549999237060547,25.799999237060547,27.049999237060547,24.934711456298828,9449
2009-08-28,26.25,26.850000381469727,25.899999618530273,26.0,23.96682357788086,3867
2009-08-31,26.600000381469727,26.600000381469727,25.75,25.799999237060547,23.782461166381836,8300
2009-09-01,25.399999618530273,26.049999237060547,25.399999618530273,25.600000381469727,23.598102569580078,4090
2009-09-02,25.5,25.75,25.299999237060547,25.299999237060547,23.32155990600586,2100
2009-09-03,25.0,25.399999618530273,24.75,25.25,23.275470733642578,3700
2009-09-04,25.399999618530273,25.700000762939453,24.600000381469727,25.600000381469727,23.598102569580078,4678
2009-09-07,25.200000762939453,26.850000381469727,25.200000762939453,26.649999618530273,24.565990447998047,4248
2009-09-08,27.700000762939453,27.75,26.200000762939453,26.200000762939453,24.151182174682617,7400
2009-09-09,27.0,27.0,25.799999237060547,26.600000381469727,24.5199031829834,2000
2009-09-10,26.600000381469727,27.450000762939453,25.350000381469727,26.399999618530273,24.335540771484375,5859
2009-09-11,26.649999618530273,26.649999618530273,25.799999237060547,25.899999618530273,23.87464141845703,2400
2009-09-14,26.0,27.399999618530273,24.350000381469727,26.899999618530273,24.796443939208984,3915
2009-09-15,26.25,27.450000762939453,25.600000381469727,25.850000381469727,23.82855224609375,12608
2009-09-16,26.75,26.75,25.5,25.75,23.736370086669922,2530
2009-09-17,25.5,26.950000762939453,25.5,26.600000381469727,24.5199031829834,6631
2009-09-18,26.100000381469727,28.25,26.100000381469727,27.899999618530273,25.718242645263672,15276
2009-09-22,28.100000381469727,28.149999618530273,27.049999237060547,27.600000381469727,25.44170379638672,11000
2009-09-23,26.200000762939453,28.5,26.200000762939453,28.399999618530273,26.17914390563965,43855
2009-09-24,27.600000381469727,29.0,27.149999618530273,28.899999618530273,26.640043258666992,6559
2009-09-25,28.0,31.700000762939453,28.0,30.899999618530273,28.483644485473633,70638
2009-09-29,31.5,31.5,29.100000381469727,30.049999237060547,27.70011329650879,10701
2009-09-30,30.799999237060547,30.799999237060547,29.25,30.0,27.654024124145508,4300
2009-10-01,29.549999237060547,30.5,29.100000381469727,29.5,27.193124771118164,11795
2009-10-05,28.0,30.0,28.0,28.850000381469727,26.59395408630371,10106
2009-10-06,28.0,28.5,28.0,28.200000762939453,25.994783401489258,9800
2009-10-07,27.5,28.549999237060547,27.5,28.299999237060547,26.086963653564453,1686
2009-10-08,30.799999237060547,30.950000762939453,27.0,27.0,24.888622283935547,5300
2009-10-09,27.649999618530273,27.649999618530273,26.0,26.200000762939453,24.151182174682617,11700
2009-10-12,28.0,28.0,26.5,27.350000381469727,25.211254119873047,11730
2009-10-14,27.549999237060547,28.0,27.25,27.75,25.579973220825195,3799
2009-10-15,27.799999237060547,28.299999237060547,27.700000762939453,27.700000762939453,25.533884048461914,900
2009-10-16,27.299999237060547,28.0,27.299999237060547,27.75,25.579973220825195,538
2009-10-20,27.350000381469727,28.399999618530273,27.350000381469727,27.799999237060547,25.62606430053711,600
2009-10-21,27.25,28.899999618530273,27.200000762939453,28.049999237060547,25.85651397705078,5185
2009-10-22,26.75,29.350000381469727,26.75,29.149999618530273,26.870492935180664,5673
2009-10-23,28.899999618530273,29.200000762939453,28.200000762939453,28.450000762939453,26.22523307800293,1911
2009-10-26,28.149999618530273,28.399999618530273,28.0,28.399999618530273,26.17914390563965,2900
2009-10-27,27.299999237060547,27.299999237060547,26.0,26.0,23.96682357788086,4600
2009-10-28,26.25,26.25,25.049999237060547,25.25,23.275470733642578,4760
2009-10-29,25.5,26.25,25.5,26.25,24.19727325439453,200
2009-10-30,27.0,27.25,24.0,25.200000762939453,23.229381561279297,7500
2009-11-03,26.899999618530273,26.899999618530273,24.5,25.100000381469727,23.1372013092041,1973
2009-11-04,24.299999237060547,26.0,24.299999237060547,26.0,23.96682357788086,1891
2009-11-05,24.600000381469727,26.5,24.600000381469727,26.0,23.96682357788086,5200
2009-11-06,25.399999618530273,26.549999237060547,25.399999618530273,26.25,24.19727325439453,2100
2009-11-09,26.25,27.950000762939453,26.25,27.0,24.888622283935547,13100
2009-11-10,31.600000381469727,31.600000381469727,26.950000762939453,27.049999237060547,24.934711456298828,4370
2009-11-11,26.5,29.25,26.5,27.649999618530273,25.48779296875,28491
2009-11-12,28.0,28.0,27.5,27.75,25.579973220825195,962
2009-11-13,27.0,33.29999923706055,26.850000381469727,33.29999923706055,30.695968627929688,83700
2009-11-16,34.0,36.400001525878906,31.649999618530273,31.950000762939453,29.4515380859375,128664
2009-11-17,33.45000076293945,33.45000076293945,29.549999237060547,30.350000381469727,27.976655960083008,28732
2009-11-18,29.100000381469727,34.400001525878906,29.0,32.75,30.188976287841797,47994
2009-11-19,32.099998474121094,32.70000076293945,30.75,31.149999618530273,28.714096069335938,13089
2009-11-20,30.899999618530273,32.0,30.5,31.350000381469727,28.898456573486328,5995
2009-11-23,31.5,34.599998474121094,31.299999237060547,33.25,30.649879455566406,39300
2009-11-24,33.0,37.5,33.0,35.099998474121094,32.35520553588867,119962
2009-11-25,34.0,35.849998474121094,34.0,34.349998474121094,31.663856506347656,10561
2009-11-26,33.25,34.54999923706055,33.20000076293945,33.79999923706055,31.1568660736084,19260
2009-11-27,32.400001525878906,32.400001525878906,30.399999618530273,31.850000381469727,29.359355926513672,29568
2009-11-30,33.79999923706055,33.79999923706055,31.25,31.649999618530273,29.17499542236328,12521
2009-12-01,32.900001525878906,32.900001525878906,31.25,31.950000762939453,29.4515380859375,12318
2009-12-02,33.650001525878906,33.650001525878906,31.600000381469727,31.649999618530273,29.17499542236328,5863
2009-12-03,32.45000076293945,33.400001525878906,31.799999237060547,32.54999923706055,30.004615783691406,7391
2009-12-04,32.79999923706055,32.79999923706055,31.25,31.899999618530273,29.405447006225586,5121
2009-12-07,32.04999923706055,32.849998474121094,30.799999237060547,32.04999923706055,29.543716430664062,4439
2009-12-08,31.350000381469727,32.70000076293945,31.350000381469727,32.349998474121094,29.82025718688965,5568
2009-12-09,32.70000076293945,33.70000076293945,31.350000381469727,32.54999923706055,30.004615783691406,7585
2009-12-10,32.099998474121094,39.099998474121094,32.099998474121094,39.099998474121094,36.04241180419922,167674
2009-12-11,40.79999923706055,41.900001525878906,36.5,37.29999923706055,34.38317108154297,192454
2009-12-14,36.900001525878906,41.79999923706055,35.5,39.04999923706055,35.99632263183594,287506
2009-12-15,39.20000076293945,41.79999923706055,37.54999923706055,38.0,35.02843475341797,140487
2009-12-16,37.900001525878906,40.20000076293945,36.099998474121094,38.849998474121094,35.81196212768555,91795
2009-12-17,37.75,46.650001525878906,37.75,45.20000076293945,41.665401458740234,813292
2009-12-18,47.900001525878906,54.25,47.0,54.25,50.007694244384766,2302524
2009-12-21,55.5,57.0,49.0,54.45000076293945,50.192054748535156,1730664
2009-12-22,55.099998474121094,55.45000076293945,49.5,51.54999923706055,47.51883316040039,334315
2010-01-04,46.29999923706055,49.900001525878906,46.29999923706055,48.0,44.24644088745117,169427
2010-01-05,48.900001525878906,48.900001525878906,46.5,46.75,43.09418869018555,59929
2010-01-06,45.75,48.54999923706055,45.75,46.95000076293945,43.27854919433594,58474
2010-01-07,47.0,47.400001525878906,46.29999923706055,46.599998474121094,42.95591735839844,48645
2010-01-08,47.400001525878906,48.0,43.54999923706055,46.20000076293945,42.58720016479492,79690
2010-01-11,47.54999923706055,47.79999923706055,46.0,46.150001525878906,42.54111099243164,35749
2010-01-12,45.900001525878906,47.849998474121094,45.650001525878906,46.04999923706055,42.44892883300781,41989
2010-01-13,46.04999923706055,50.5,45.20000076293945,48.20000076293945,44.43080139160156,280982
2010-01-14,49.650001525878906,49.79999923706055,48.0,48.099998474121094,44.338619232177734,71668
2010-01-15,49.5,53.650001525878906,48.5,50.95000076293945,46.965755462646484,612244
2010-01-18,51.70000076293945,53.29999923706055,49.29999923706055,50.150001525878906,46.22831344604492,91522
2010-01-19,50.5,51.150001525878906,47.900001525878906,48.400001525878906,44.61516189575195,40085
2010-01-20,49.900001525878906,49.900001525878906,46.5,47.150001525878906,43.46290969848633,41053
2010-01-21,45.54999923706055,48.150001525878906,45.099998474121094,45.650001525878906,42.08020782470703,66382
2010-01-22,45.099998474121094,45.5,43.400001525878906,44.25,40.78968811035156,33034
2010-01-25,43.75,46.150001525878906,42.150001525878906,43.150001525878906,39.77571105957031,32892
2010-01-27,43.400001525878906,44.0,38.5,38.95000076293945,35.90414047241211,46853
2010-01-28,39.099998474121094,41.79999923706055,37.54999923706055,38.400001525878906,35.39715576171875,39243
2010-01-29,38.400001525878906,39.70000076293945,36.5,39.0,35.950233459472656,42569
2010-02-01,40.0,40.45000076293945,37.45000076293945,39.849998474121094,36.733760833740234,24229
2010-02-02,40.25,41.5,38.20000076293945,38.900001525878906,35.858055114746094,23774
2010-02-03,39.5,40.45000076293945,38.650001525878906,39.099998474121094,36.04241180419922,11120
2010-02-04,39.0,41.099998474121094,38.099998474121094,38.599998474121094,35.581512451171875,22548
2010-02-05,36.0,38.0,35.75,36.849998474121094,33.968360900878906,18279
2010-02-08,38.0,38.75,36.04999923706055,37.0,34.106632232666016,15244
2010-02-09,36.25,38.0,36.25,37.54999923706055,34.61362075805664,8188
2010-02-10,38.400001525878906,43.900001525878906,36.599998474121094,40.04999923706055,36.91812515258789,210961
2010-02-11,41.0,43.5,39.5,42.650001525878906,39.31480407714844,134295
2010-02-15,42.599998474121094,42.650001525878906,38.599998474121094,39.900001525878906,36.77985382080078,24580
2010-02-16,40.79999923706055,43.5,39.04999923706055,41.900001525878906,38.62345504760742,141225
2010-02-17,42.5,43.900001525878906,40.0,41.95000076293945,38.66954803466797,97820
2010-02-18,42.95000076293945,42.95000076293945,40.0,41.20000076293945,37.97819519042969,25182
2010-02-19,41.900001525878906,41.900001525878906,40.0,40.099998474121094,36.964210510253906,21098
2010-02-22,41.150001525878906,41.29999923706055,39.5,39.900001525878906,36.77985382080078,18805
2010-02-23,39.5,39.95000076293945,39.0,39.20000076293945,36.13459396362305,15284
2010-02-24,38.5,39.5,38.29999923706055,39.0,35.950233459472656,14445
2010-02-25,39.5,41.25,38.79999923706055,38.95000076293945,35.90414047241211,13575
2010-02-26,38.5,41.79999923706055,38.5,40.099998474121094,36.964210510253906,35732
2010-03-02,41.0,45.650001525878906,40.0,43.349998474121094,39.96006393432617,374645
2010-03-03,44.0,45.70000076293945,43.0,44.349998474121094,40.881866455078125,145988
2010-03-04,43.29999923706055,44.70000076293945,42.20000076293945,42.45000076293945,39.13044738769531,31140
2010-03-05,42.5,43.95000076293945,42.0,42.150001525878906,38.853904724121094,16963
2010-03-08,43.75,43.79999923706055,41.099998474121094,42.150001525878906,38.853904724121094,20128
2010-03-09,41.400001525878906,42.5,40.5,41.150001525878906,37.932106018066406,11904
2010-03-10,41.0,42.5,40.04999923706055,40.5,37.33293151855469,20640
2010-03-11,41.0,41.5,40.04999923706055,40.349998474121094,37.19466018676758,13546
2010-03-12,40.5,40.900001525878906,39.5,39.79999923706055,36.68767547607422,16735
2010-03-15,39.20000076293945,40.0,38.599998474121094,38.75,35.719783782958984,11556
2010-03-16,40.25,46.5,38.5,46.5,42.863739013671875,1040678
2010-03-17,50.099998474121094,50.099998474121094,45.599998474121094,46.349998474121094,42.725467681884766,713346
2010-03-18,46.349998474121094,47.400001525878906,45.0,45.20000076293945,41.665401458740234,88502
2010-03-19,45.0,48.0,45.0,47.45000076293945,43.73945236206055,180652
2010-03-22,45.20000076293945,48.20000076293945,45.20000076293945,46.900001525878906,43.232460021972656,138081
2010-03-23,46.29999923706055,48.25,44.5,45.25,41.71148681640625,39272
2010-03-25,45.0,46.5,43.650001525878906,44.400001525878906,40.92795944213867,46980
2010-03-26,44.04999923706055,46.900001525878906,43.20000076293945,44.75,41.250587463378906,97871
2010-03-29,44.0,45.5,43.25,43.5,40.09833526611328,23260
2010-03-30,43.0,44.150001525878906,42.04999923706055,42.45000076293945,39.13044738769531,26680
2010-03-31,42.0,43.5,41.79999923706055,42.349998474121094,39.038265228271484,26167
2010-04-01,42.0,45.5,42.0,44.0,40.55923843383789,29555
2010-04-05,43.0,45.099998474121094,40.400001525878906,44.25,40.78968811035156,13599
2010-04-06,44.25,46.599998474121094,44.25,44.599998474121094,41.1123161315918,46185
2010-04-07,44.599998474121094,46.45000076293945,44.29999923706055,44.650001525878906,41.158409118652344,36014
2010-04-08,44.79999923706055,46.79999923706055,44.25,45.599998474121094,42.034114837646484,57235
2010-04-09,46.75,49.900001525878906,44.599998474121094,45.650001525878906,42.08020782470703,53371
2010-04-12,47.400001525878906,47.5,44.900001525878906,45.849998474121094,42.26456832885742,19484
2010-04-13,45.150001525878906,46.70000076293945,45.0,45.45000076293945,41.895851135253906,17334
2010-04-15,45.75,46.45000076293945,43.5,43.79999923706055,40.3748779296875,19850
2010-04-16,44.04999923706055,45.5,43.099998474121094,44.20000076293945,40.743595123291016,18770
2010-04-19,43.04999923706055,43.75,41.0,42.650001525878906,39.31480407714844,12456
2010-04-20,43.0,45.400001525878906,42.900001525878906,43.75,40.32878875732422,24546
2010-04-21,43.95000076293945,48.349998474121094,43.849998474121094,45.75,42.172386169433594,142573
2010-04-22,44.04999923706055,53.900001525878906,44.04999923706055,51.54999923706055,47.51883316040039,1567519
2010-04-23,52.0,53.599998474121094,49.150001525878906,52.099998474121094,48.025821685791016,584293
2010-04-26,52.5,53.400001525878906,50.25,50.599998474121094,46.64311981201172,76075
2010-04-27,50.650001525878906,51.79999923706055,48.20000076293945,49.20000076293945,45.35260009765625,65238
2010-04-28,49.599998474121094,49.95000076293945,46.099998474121094,46.95000076293945,43.27854919433594,86705
2010-04-29,48.900001525878906,48.900001525878906,46.0,46.650001525878906,43.002010345458984,43631
2010-04-30,47.04999923706055,47.95000076293945,46.5,46.95000076293945,43.27854919433594,29560
2010-05-03,46.20000076293945,47.29999923706055,46.04999923706055,46.349998474121094,42.725467681884766,24767
2010-05-04,46.0,47.29999923706055,45.54999923706055,45.75,42.172386169433594,45672
2010-05-05,43.5,49.849998474121094,43.099998474121094,49.04999923706055,45.214332580566406,71235
2010-05-06,49.0,49.75,47.0,48.45000076293945,44.661251068115234,23923
2010-05-07,47.0,48.599998474121094,45.79999923706055,46.349998474121094,42.725467681884766,40724
2010-05-10,47.599998474121094,49.0,47.0,48.0,44.24644088745117,80356
2010-05-11,48.70000076293945,48.70000076293945,45.70000076293945,46.5,42.863739013671875,10530
2010-05-12,47.5,47.5,45.54999923706055,45.900001525878906,42.31066131591797,12294
2010-05-13,45.599998474121094,47.95000076293945,45.599998474121094,46.25,42.63328552246094,12523
2010-05-14,47.29999923706055,49.25,45.75,46.349998474121094,42.725467681884766,88921
2010-05-17,46.900001525878906,46.900001525878906,44.650001525878906,45.20000076293945,41.665401458740234,14488
2010-05-18,45.95000076293945,46.70000076293945,44.900001525878906,45.75,42.172386169433594,18794
2010-05-19,47.849998474121094,47.849998474121094,44.599998474121094,44.95000076293945,41.43495178222656,35160
2010-05-20,44.5,46.0,43.79999923706055,44.25,40.78968811035156,8802
2010-05-21,43.75,44.349998474121094,41.5,42.70000076293945,39.360897064208984,15437
2010-05-24,44.0,45.29999923706055,43.349998474121094,44.04999923706055,40.60532760620117,25401
2010-05-25,43.5,43.5,41.650001525878906,42.04999923706055,38.761722564697266,11579
2010-05-26,42.099998474121094,43.70000076293945,42.0,42.70000076293945,39.360897064208984,11042
2010-05-27,43.0,43.0,41.54999923706055,42.099998474121094,38.80781555175781,9883
2010-05-28,43.20000076293945,45.099998474121094,42.79999923706055,43.75,40.32878875732422,38737
2010-05-31,44.099998474121094,44.75,42.54999923706055,43.25,39.86788558959961,12273
2010-06-01,43.849998474121094,43.95000076293945,42.099998474121094,42.29999923706055,38.99217224121094,11817
2010-06-02,42.0,43.75,41.29999923706055,42.54999923706055,39.222625732421875,20693
2010-06-03,43.45000076293945,50.900001525878906,43.0,43.75,40.32878875732422,15585
2010-06-04,44.95000076293945,44.95000076293945,42.900001525878906,43.5,40.09833526611328,12600
2010-06-07,43.79999923706055,43.79999923706055,42.25,42.599998474121094,39.268714904785156,5120
2010-06-08,43.79999923706055,43.900001525878906,41.099998474121094,41.79999923706055,38.531272888183594,7808
2010-06-09,42.900001525878906,42.900001525878906,41.79999923706055,41.900001525878906,38.62345504760742,6230
2010-06-10,42.5,42.849998474121094,41.849998474121094,42.099998474121094,38.80781555175781,6506
2010-06-11,41.150001525878906,43.29999923706055,41.150001525878906,42.099998474121094,38.80781555175781,8818
2010-06-14,44.0,44.0,42.25,42.75,39.406986236572266,9618
2010-06-15,44.900001525878906,44.900001525878906,42.29999923706055,43.0,39.63743591308594,10090
2010-06-16,43.0,45.0,42.900001525878906,44.20000076293945,40.743595123291016,23301
2010-06-17,44.0,46.25,43.599998474121094,44.45000076293945,40.97404479980469,14124
2010-06-18,44.0,46.400001525878906,42.599998474121094,45.20000076293945,41.665401458740234,68159
2010-06-21,45.0,46.95000076293945,45.0,45.79999923706055,42.21847915649414,14574
2010-06-22,45.0,46.45000076293945,45.0,45.349998474121094,41.80366516113281,8074
2010-06-23,45.0,45.900001525878906,44.70000076293945,45.099998474121094,41.57321548461914,32821
2010-06-24,45.0,46.25,45.0,45.650001525878906,42.08020782470703,9769
2010-06-25,46.0,46.0,44.79999923706055,44.900001525878906,41.388858795166016,5860
2010-06-28,44.04999923706055,46.20000076293945,44.04999923706055,45.599998474121094,42.034114837646484,15870
2010-06-29,45.0,45.95000076293945,44.150001525878906,44.599998474121094,41.1123161315918,10539
2010-06-30,44.0,45.79999923706055,44.0,44.79999923706055,41.29667663574219,11316
2010-07-01,44.099998474121094,45.79999923706055,44.099998474121094,45.04999923706055,41.52712631225586,7023
2010-07-02,45.0,46.0,44.900001525878906,45.29999923706055,41.7575798034668,10955
2010-07-05,45.0,45.95000076293945,45.0,45.400001525878906,41.84975814819336,2490
2010-07-06,45.349998474121094,48.20000076293945,45.349998474121094,47.04999923706055,43.3707275390625,56662
2010-07-07,47.900001525878906,47.900001525878906,46.20000076293945,46.54999923706055,42.909828186035156,6969
2010-07-08,46.54999923706055,49.70000076293945,46.54999923706055,47.400001525878906,43.693359375,49576
2010-07-09,47.95000076293945,49.900001525878906,47.5,47.70000076293945,43.96990203857422,16737
2010-07-12,47.75,48.5,47.20000076293945,47.45000076293945,43.73945236206055,10287
2010-07-13,46.95000076293945,47.900001525878906,46.95000076293945,47.29999923706055,43.60117721557617,10849
2010-07-14,47.0,49.400001525878906,47.0,48.650001525878906,44.84561538696289,44799
2010-07-15,50.099998474121094,51.0,47.650001525878906,48.25,44.476890563964844,141184
2010-07-16,48.150001525878906,49.20000076293945,48.0,48.25,44.476890563964844,14513
2010-07-19,47.349998474121094,49.349998474121094,47.349998474121094,48.79999923706055,44.983882904052734,21515
2010-07-20,49.849998474121094,49.900001525878906,48.20000076293945,49.45000076293945,45.58304977416992,48430
2010-07-21,48.0,48.5,47.25,47.54999923706055,45.5351676940918,18649
2010-07-22,47.400001525878906,48.0,46.20000076293945,46.849998474121094,44.864830017089844,8219
2010-07-23,46.900001525878906,47.0,44.599998474121094,45.0,43.09321975708008,19485
2010-07-26,45.0,46.849998474121094,44.400001525878906,44.650001525878906,42.758052825927734,6204
2010-07-27,45.900001525878906,45.900001525878906,43.650001525878906,44.150001525878906,42.279239654541016,2600
2010-07-28,45.349998474121094,45.349998474121094,43.099998474121094,44.099998474121094,42.231353759765625,49501
2010-07-29,45.29999923706055,45.29999923706055,43.20000076293945,44.099998474121094,42.231353759765625,3636
2010-07-30,45.25,45.25,43.20000076293945,43.5,41.65678024291992,4987
2010-08-02,44.5,45.0,43.599998474121094,44.75,42.85381317138672,5113
2010-08-03,45.79999923706055,45.849998474121094,44.20000076293945,44.70000076293945,42.805931091308594,8317
2010-08-04,45.70000076293945,45.70000076293945,44.0,44.0,42.13559341430664,5955
2010-08-05,45.29999923706055,45.29999923706055,44.20000076293945,44.400001525878906,42.518646240234375,3911
2010-08-06,45.400001525878906,45.400001525878906,43.599998474121094,44.599998474121094,42.710166931152344,6266
2010-08-09,44.650001525878906,45.849998474121094,43.75,44.849998474121094,42.9495735168457,15111
2010-08-10,44.5,45.400001525878906,44.04999923706055,44.400001525878906,42.518646240234375,4976
2010-08-11,45.04999923706055,45.04999923706055,43.900001525878906,43.95000076293945,42.087711334228516,4927
2010-08-12,44.70000076293945,44.70000076293945,43.599998474121094,44.099998474121094,42.231353759765625,4108
2010-08-13,43.75,44.349998474121094,43.150001525878906,43.29999923706055,41.46525192260742,8414
2010-08-16,44.0,44.0,42.79999923706055,43.75,41.89618682861328,36933
2010-08-17,44.70000076293945,46.400001525878906,44.099998474121094,44.400001525878906,42.518646240234375,33162
2010-08-18,45.5,45.5,43.75,43.849998474121094,41.991947174072266,8670
2010-08-19,43.75,44.5,43.599998474121094,44.0,42.13559341430664,8214
2010-08-20,44.900001525878906,44.900001525878906,43.099998474121094,43.79999923706055,41.944068908691406,6022
2010-08-23,43.79999923706055,44.20000076293945,43.20000076293945,43.70000076293945,41.848304748535156,1949
2010-08-24,44.04999923706055,44.04999923706055,43.25,43.349998474121094,41.51313400268555,2660
2010-08-25,43.20000076293945,43.29999923706055,42.20000076293945,42.849998474121094,41.03432083129883,2370
2010-08-26,42.599998474121094,43.5,42.25,42.79999923706055,40.9864387512207,3172
2010-08-27,42.79999923706055,43.25,42.5,42.849998474121094,41.03432083129883,4009
2010-08-30,43.650001525878906,43.650001525878906,42.150001525878906,42.599998474121094,40.79491424560547,2405
2010-08-31,41.20000076293945,42.0,40.25,41.45000076293945,39.69364547729492,13561
2010-09-01,40.099998474121094,43.0,40.099998474121094,42.599998474121094,40.79491424560547,8432
2010-09-02,41.849998474121094,43.45000076293945,41.849998474121094,42.79999923706055,40.9864387512207,6826
2010-09-03,42.349998474121094,43.75,42.349998474121094,42.75,40.938560485839844,4578
2010-09-06,43.650001525878906,51.29999923706055,43.650001525878906,51.29999923706055,49.12627029418945,811699
2010-09-07,52.900001525878906,53.79999923706055,47.349998474121094,47.79999923706055,45.774574279785156,400511
2010-09-08,48.70000076293945,51.20000076293945,47.79999923706055,49.099998474121094,47.01948928833008,132720
2010-09-09,50.650001525878906,51.29999923706055,48.5,49.0,46.923728942871094,62068
2010-09-13,50.0,50.0,47.150001525878906,48.349998474121094,46.30126953125,24368
2010-09-14,48.04999923706055,48.54999923706055,47.099998474121094,47.54999923706055,45.5351676940918,17217
2010-09-15,49.0,49.0,46.70000076293945,47.150001525878906,45.15211868286133,10110
2010-09-16,47.099998474121094,48.400001525878906,46.04999923706055,46.70000076293945,44.721187591552734,15050
2010-09-17,45.20000076293945,47.20000076293945,45.20000076293945,46.5,44.529659271240234,11824
2010-09-20,46.5,46.95000076293945,45.5,46.0,44.050846099853516,11145
2010-09-21,46.70000076293945,46.70000076293945,45.29999923706055,45.54999923706055,43.61991500854492,6952
2010-09-22,45.25,48.29999923706055,45.0,47.79999923706055,45.774574279785156,45295
2010-09-23,48.79999923706055,48.95000076293945,45.79999923706055,46.099998474121094,44.146610260009766,80151
2010-09-24,47.5,47.5,45.099998474121094,45.5,43.5720329284668,10074
2010-09-27,45.5,46.400001525878906,45.5,46.0,44.050846099853516,8145
2010-09-28,46.45000076293945,46.45000076293945,45.099998474121094,45.29999923706055,43.38050842285156,9757
2010-09-29,44.599998474121094,46.25,44.599998474121094,45.20000076293945,43.28474807739258,9160
2010-09-30,44.400001525878906,47.04999923706055,44.400001525878906,45.95000076293945,44.002967834472656,31524
2010-10-01,46.25,46.900001525878906,45.650001525878906,45.900001525878906,43.95508575439453,12846
2010-10-04,46.5,46.75,45.25,45.400001525878906,43.47627258300781,8592
2010-10-05,45.400001525878906,46.0,45.0,45.04999923706055,43.1411018371582,8719
2010-10-06,46.45000076293945,46.45000076293945,44.900001525878906,45.400001525878906,43.47627258300781,22497
2010-10-07,45.599998474121094,45.599998474121094,44.849998474121094,45.0,43.09321975708008,11460
2010-10-08,45.599998474121094,45.599998474121094,44.5,44.849998474121094,42.9495735168457,7421
2010-10-11,44.29999923706055,47.400001525878906,44.29999923706055,46.400001525878906,44.43389892578125,33025
2010-10-12,46.400001525878906,47.0,45.75,46.0,44.050846099853516,8370
2010-10-13,46.900001525878906,47.75,45.650001525878906,46.5,44.529659271240234,17991
2010-10-14,47.25,47.25,45.650001525878906,46.20000076293945,44.242374420166016,10548
2010-10-15,46.95000076293945,46.95000076293945,44.54999923706055,45.0,43.09321975708008,14695
2010-10-18,45.0,45.79999923706055,44.29999923706055,44.650001525878906,42.758052825927734,6962
2010-10-19,45.54999923706055,45.54999923706055,44.0,44.75,42.85381317138672,4464
2010-10-20,45.599998474121094,45.599998474121094,44.0,44.349998474121094,42.470760345458984,6210
2010-10-21,45.29999923706055,47.599998474121094,44.70000076293945,45.20000076293945,43.28474807739258,27180
2010-10-22,46.650001525878906,46.650001525878906,44.099998474121094,44.349998474121094,42.470760345458984,7359
2010-10-25,44.0,46.0,43.849998474121094,45.04999923706055,43.1411018371582,7681
2010-10-26,45.79999923706055,45.79999923706055,44.5,45.04999923706055,43.1411018371582,4212
2010-10-27,45.0,45.20000076293945,44.25,44.25,42.375,2811
2010-10-28,44.0,45.79999923706055,44.0,44.20000076293945,42.327117919921875,10580
2010-10-29,44.5,45.0,43.54999923706055,44.20000076293945,42.327117919921875,3744
2010-11-01,43.849998474121094,44.54999923706055,43.25,43.54999923706055,41.70465850830078,19570
2010-11-02,43.95000076293945,44.0,43.04999923706055,43.349998474121094,41.51313400268555,11100
2010-11-03,45.45000076293945,45.45000076293945,43.0,43.20000076293945,41.36949157714844,4181
2010-11-04,43.5,43.95000076293945,42.650001525878906,43.04999923706055,41.22584533691406,6652
2010-11-08,42.5,44.0,42.349998474121094,42.75,40.938560485839844,16248
2010-11-09,43.650001525878906,46.5,43.0,44.20000076293945,42.327117919921875,60362
2010-11-10,44.5,45.5,43.599998474121094,43.75,41.89618682861328,11184
2010-11-11,44.0,44.95000076293945,43.599998474121094,43.79999923706055,41.944068908691406,8294
2010-11-12,44.900001525878906,44.900001525878906,42.79999923706055,43.20000076293945,41.36949157714844,5098
2010-11-15,43.5,44.0,42.150001525878906,43.0,41.1779670715332,5352
2010-11-16,42.400001525878906,42.849998474121094,40.400001525878906,40.75,39.0233039855957,16171
2010-11-18,41.70000076293945,41.70000076293945,38.599998474121094,39.20000076293945,37.53898239135742,13570
2010-11-19,39.04999923706055,39.400001525878906,38.54999923706055,38.79999923706055,37.15592956542969,4735
2010-11-22,39.900001525878906,39.900001525878906,37.75,38.54999923706055,36.91652297973633,9460
2010-11-23,37.79999923706055,39.849998474121094,36.04999923706055,38.900001525878906,37.2516975402832,24067
2010-11-24,37.0,39.0,36.54999923706055,38.349998474121094,36.724998474121094,2710
2010-11-25,37.150001525878906,39.400001525878906,37.04999923706055,37.20000076293945,35.62372970581055,1632
2010-11-26,38.25,38.29999923706055,33.900001525878906,36.099998474121094,34.57033920288086,27515
2010-11-29,36.099998474121094,37.0,35.0,36.0,34.47457504272461,3540
2010-11-30,36.70000076293945,38.099998474121094,35.75,37.849998474121094,36.246185302734375,2372
2010-12-01,39.0,39.400001525878906,38.0,38.54999923706055,36.91652297973633,3119
2010-12-02,38.099998474121094,41.70000076293945,38.099998474121094,40.349998474121094,38.64025115966797,4123
2010-12-03,41.0,41.0,37.70000076293945,37.849998474121094,36.246185302734375,2449
2010-12-06,38.5,38.95000076293945,37.5,37.599998474121094,36.006778717041016,715
2010-12-07,38.900001525878906,38.900001525878906,36.5,37.150001525878906,35.57584762573242,2846
2010-12-08,38.099998474121094,38.099998474121094,35.400001525878906,36.349998474121094,34.80974578857422,3702
2010-12-09,35.349998474121094,37.0,34.0,34.20000076293945,32.75084686279297,8729
2010-12-10,35.79999923706055,35.79999923706055,34.04999923706055,35.75,34.23516845703125,2250
2010-12-13,34.54999923706055,35.75,34.0,34.95000076293945,33.46906661987305,8368
2010-12-14,36.5,36.5,35.25,36.0,34.47457504272461,2042
2010-12-15,36.400001525878906,41.29999923706055,34.54999923706055,37.45000076293945,35.863136291503906,3294
2010-12-16,36.400001525878906,37.150001525878906,35.650001525878906,35.900001525878906,34.378814697265625,2448
2010-12-20,39.5,39.5,35.29999923706055,35.849998474121094,34.330928802490234,9404
2010-12-21,36.900001525878906,36.900001525878906,35.150001525878906,35.79999923706055,34.283050537109375,1427
2010-12-22,36.25,36.75,35.25,36.0,34.47457504272461,5668
2010-12-23,36.95000076293945,36.95000076293945,35.54999923706055,36.0,34.47457504272461,1325
2010-12-24,36.0,36.5,35.400001525878906,36.349998474121094,34.80974578857422,7212
2010-12-27,37.0,37.0,35.5,35.75,34.23516845703125,2142
2010-12-28,35.25,36.20000076293945,35.25,35.95000076293945,34.42669677734375,1609
2010-12-29,35.95000076293945,36.849998474121094,35.95000076293945,36.150001525878906,34.618221282958984,810
2010-12-30,36.25,36.900001525878906,36.099998474121094,36.099998474121094,34.57033920288086,5388
2010-12-31,36.04999923706055,36.5,31.149999618530273,36.150001525878906,34.618221282958984,9201
2011-01-03,36.29999923706055,36.900001525878906,35.25,36.70000076293945,35.14491653442383,11249
2011-01-04,37.849998474121094,37.849998474121094,36.5,37.70000076293945,36.102542877197266,3784
2011-01-05,37.0,38.0,36.25,37.25,35.67161178588867,2365
2011-01-06,36.900001525878906,37.150001525878906,36.54999923706055,36.79999923706055,35.24067687988281,2417
2011-01-07,36.75,36.75,35.75,36.099998474121094,34.57033920288086,647
2011-01-10,36.099998474121094,36.45000076293945,35.20000076293945,35.79999923706055,34.283050537109375,1808
2011-01-11,35.75,36.0,34.849998474121094,35.0,33.51694869995117,6967
2011-01-12,35.0,35.900001525878906,34.349998474121094,34.849998474121094,33.3733024597168,1005
2011-01-13,35.0,35.0,34.54999923706055,34.599998474121094,33.13389587402344,2283
2011-01-14,34.5,35.0,34.29999923706055,34.400001525878906,32.94237518310547,2021
2011-01-17,35.29999923706055,35.29999923706055,33.5,33.5,32.080509185791016,401
2011-01-18,34.5,34.5,33.599998474121094,33.650001525878906,32.22415542602539,16234
2011-01-19,33.79999923706055,34.70000076293945,33.29999923706055,33.900001525878906,32.46356201171875,1490
2011-01-20,33.75,34.5,33.75,33.900001525878906,32.46356201171875,829
2011-01-21,34.25,35.25,34.25,35.099998474121094,33.612709045410156,1314
2011-01-24,34.25,36.400001525878906,34.25,34.79999923706055,33.32542419433594,1040
2011-01-25,34.75,34.75,34.29999923706055,34.29999923706055,32.84661102294922,2334
2011-01-27,34.0,34.5,32.75,33.0,31.601694107055664,13318
2011-01-28,33.95000076293945,33.95000076293945,31.200000762939453,31.649999618530273,30.308897018432617,5663
2011-01-31,33.70000076293945,33.70000076293945,31.0,31.049999237060547,29.73432159423828,3032
2011-02-01,32.900001525878906,32.900001525878906,30.75,30.799999237060547,29.494915008544922,5038
2011-02-02,32.0,32.0,28.0,28.299999237060547,27.100847244262695,11351
2011-02-03,28.75,30.0,27.450000762939453,29.25,28.01059341430664,4671
2011-02-04,30.649999618530273,30.799999237060547,28.5,28.649999618530273,27.436016082763672,1267
2011-02-07,28.5,28.75,26.299999237060547,27.450000762939453,26.286865234375,4947
2011-02-08,27.5,27.5,23.5,24.0,22.983051300048828,14877
2011-02-09,23.5,25.5,22.899999618530273,23.700000762939453,22.695762634277344,15993
2011-02-10,24.0,24.0,23.049999237060547,23.350000381469727,22.360593795776367,7039
2011-02-11,22.549999237060547,26.75,22.5,25.75,24.658897399902344,2308
2011-02-14,25.399999618530273,27.899999618530273,25.399999618530273,27.049999237060547,25.903812408447266,2861
2011-02-15,27.600000381469727,28.25,26.600000381469727,27.899999618530273,26.717796325683594,6432
2011-02-16,27.899999618530273,29.5,26.75,27.600000381469727,26.430509567260742,6941
2011-02-17,28.850000381469727,28.899999618530273,27.5,27.850000381469727,26.6699161529541,2343
2011-02-18,28.450000762939453,28.450000762939453,25.200000762939453,26.100000381469727,24.994068145751953,4476
2011-02-21,26.0,27.450000762939453,26.0,26.5,25.377119064331055,2035
2011-02-22,27.399999618530273,27.399999618530273,25.299999237060547,25.399999618530273,24.323728561401367,3907
2011-02-23,25.399999618530273,26.149999618530273,25.0,25.0,23.940677642822266,1997
2011-02-24,24.299999237060547,24.5,23.950000762939453,24.200000762939453,23.174577713012695,5950
2011-02-25,24.0,25.0,23.600000381469727,23.600000381469727,22.600000381469727,2355
2011-02-28,24.75,24.75,23.399999618530273,23.799999237060547,22.79152488708496,3388
2011-03-01,24.899999618530273,26.200000762939453,23.799999237060547,24.600000381469727,23.557626724243164,12236
2011-03-03,25.5,25.850000381469727,24.75,25.700000762939453,24.61101722717285,802
2011-03-04,24.549999237060547,25.600000381469727,24.549999237060547,25.299999237060547,24.227964401245117,2864
2011-03-07,24.5,25.850000381469727,24.5,25.149999618530273,24.084321975708008,1850
2011-03-08,26.200000762939453,26.200000762939453,24.549999237060547,25.100000381469727,24.036441802978516,371
2011-03-09,28.0,28.0,25.350000381469727,25.899999618530273,24.802541732788086,2992
2011-03-10,26.149999618530273,26.149999618530273,25.25,25.25,24.180084228515625,615
2011-03-11,26.0,28.0,22.299999237060547,25.600000381469727,24.515254974365234,11134
2011-03-14,24.649999618530273,26.950000762939453,24.649999618530273,26.850000381469727,25.71228790283203,2732
2011-03-15,25.25,25.700000762939453,24.200000762939453,25.149999618530273,24.084321975708008,3336
2011-03-16,24.799999237060547,25.399999618530273,24.649999618530273,25.100000381469727,24.036441802978516,391
2011-03-17,26.0,26.0,25.049999237060547,25.149999618530273,24.084321975708008,94
2011-03-18,25.0,25.0,25.0,25.0,23.940677642822266,500
2011-03-21,25.0,25.5,24.399999618530273,24.649999618530273,23.60550880432129,1900
2011-03-22,24.149999618530273,25.399999618530273,24.149999618530273,24.600000381469727,23.557626724243164,1554
2011-03-23,25.0,25.0,24.25,25.0,23.940677642822266,368
2011-03-24,25.0,25.350000381469727,25.0,25.100000381469727,24.036441802978516,7600
2011-03-25,25.5,27.0,24.649999618530273,25.350000381469727,24.275848388671875,15579
2011-03-28,25.200000762939453,26.5,25.200000762939453,25.299999237060547,24.227964401245117,6899
2011-03-29,25.25,26.0,25.149999618530273,25.5,24.419490814208984,10451
2011-03-30,25.350000381469727,26.5,25.350000381469727,25.5,24.419490814208984,5197
2011-03-31,26.5,26.799999237060547,25.5,25.950000762939453,24.85042381286621,50675
2011-04-01,25.5,26.600000381469727,25.5,26.049999237060547,24.946186065673828,1351
2011-04-04,25.850000381469727,29.75,25.850000381469727,27.799999237060547,26.622034072875977,5653
2011-04-05,28.399999618530273,28.5,28.0,28.100000381469727,26.90932273864746,958
2011-04-06,28.5,30.25,28.5,30.25,28.968219757080078,5762
2011-04-07,30.0,31.299999237060547,29.950000762939453,30.200000762939453,28.920339584350586,6505
2011-04-08,30.100000381469727,30.100000381469727,28.5,28.549999237060547,27.340253829956055,2795
2011-04-11,29.0,29.200000762939453,27.549999237060547,27.649999618530273,26.478389739990234,4455
2011-04-13,27.649999618530273,28.700000762939453,27.649999618530273,28.700000762939453,27.483898162841797,3785
2011-04-15,28.5,28.5,27.649999618530273,28.299999237060547,27.100847244262695,2751
2011-04-18,27.75,28.75,27.75,28.0,26.81355857849121,952
2011-04-19,27.5,28.399999618530273,27.5,27.5,26.334745407104492,1495
2011-04-20,27.5,28.0,27.5,27.75,26.57415199279785,227
2011-04-21,28.5,29.100000381469727,27.5,28.0,26.81355857849121,6688
2011-04-25,27.5,29.299999237060547,26.200000762939453,28.0,26.81355857849121,5039
2011-04-26,28.0,28.0,27.399999618530273,27.600000381469727,26.430509567260742,4406
2011-04-27,28.0,28.0,27.450000762939453,27.450000762939453,26.286865234375,2372
2011-04-28,27.950000762939453,29.899999618530273,27.950000762939453,28.100000381469727,26.90932273864746,1342
2011-04-29,28.25,29.950000762939453,28.0,28.200000762939453,27.005084991455078,6273
2011-05-02,27.25,28.850000381469727,27.25,28.850000381469727,27.62754249572754,3961
2011-05-03,29.5,29.5,26.549999237060547,27.700000762939453,26.52627182006836,2754
2011-05-04,26.799999237060547,27.5,26.799999237060547,27.149999618530273,25.999576568603516,1330
2011-05-05,27.899999618530273,28.649999618530273,27.549999237060547,28.399999618530273,27.196609497070312,982
2011-05-06,27.100000381469727,29.399999618530273,27.100000381469727,27.600000381469727,26.430509567260742,1028
2011-05-09,28.299999237060547,28.350000381469727,27.450000762939453,27.5,26.334745407104492,1927
2011-05-10,27.0,28.350000381469727,27.0,27.75,26.57415199279785,2656
2011-05-11,28.0,28.200000762939453,27.649999618530273,27.799999237060547,26.622034072875977,3646
2011-05-12,28.649999618530273,29.0,27.0,27.049999237060547,25.903812408447266,5037
2011-05-13,27.75,27.799999237060547,27.200000762939453,27.799999237060547,26.622034072875977,701
2011-05-16,27.350000381469727,28.0,27.350000381469727,27.950000762939453,26.76567840576172,231
2011-05-17,27.75,27.75,27.450000762939453,27.450000762939453,26.286865234375,2862
2011-05-18,26.75,27.0,26.5,26.75,25.616525650024414,2802
2011-05-19,25.950000762939453,27.299999237060547,25.200000762939453,26.200000762939453,25.08983039855957,375
2011-05-20,27.0,27.299999237060547,26.5,27.0,25.855932235717773,593
2011-05-23,26.700000762939453,26.799999237060547,26.700000762939453,26.75,25.616525650024414,570
2011-05-24,27.5,30.700000762939453,27.100000381469727,27.450000762939453,26.286865234375,6383
2011-05-25,28.399999618530273,28.399999618530273,27.0,27.0,25.855932235717773,388
2011-05-26,26.5,27.850000381469727,26.5,27.0,25.855932235717773,10253
2011-05-27,27.700000762939453,28.149999618530273,27.25,27.350000381469727,26.191102981567383,2184
2011-05-30,27.600000381469727,28.0,27.600000381469727,28.0,26.81355857849121,179
2011-05-31,27.600000381469727,28.0,27.5,28.0,26.81355857849121,1210
2011-06-01,28.799999237060547,28.799999237060547,27.549999237060547,27.75,26.57415199279785,1060
2011-06-02,28.600000381469727,28.600000381469727,27.75,27.850000381469727,26.6699161529541,3131
2011-06-03,28.450000762939453,28.600000381469727,27.850000381469727,28.350000381469727,27.14872932434082,1381
2011-06-06,28.100000381469727,28.5,28.100000381469727,28.299999237060547,27.100847244262695,1226
2011-06-07,28.299999237060547,29.0,28.299999237060547,28.899999618530273,27.67542266845703,2746
2011-06-08,29.25,29.299999237060547,28.0,28.350000381469727,27.14872932434082,11425
2011-06-09,28.049999237060547,28.049999237060547,28.0,28.0,26.81355857849121,484
2011-06-10,28.700000762939453,28.700000762939453,28.0,28.200000762939453,27.005084991455078,3001
2011-06-13,28.200000762939453,28.450000762939453,27.450000762939453,28.0,26.81355857849121,1449
2011-06-14,28.0,28.649999618530273,27.850000381469727,27.850000381469727,26.6699161529541,580
2011-06-15,28.450000762939453,28.450000762939453,27.549999237060547,27.850000381469727,26.6699161529541,525
2011-06-16,27.850000381469727,28.100000381469727,27.5,28.049999237060547,26.861440658569336,3008
2011-06-17,28.0,28.100000381469727,27.350000381469727,27.700000762939453,26.52627182006836,4055
2011-06-20,27.350000381469727,28.100000381469727,26.350000381469727,26.350000381469727,25.233474731445312,1136
2011-06-21,25.350000381469727,27.649999618530273,25.350000381469727,26.799999237060547,25.664405822753906,1160
2011-06-22,27.450000762939453,27.450000762939453,26.549999237060547,26.799999237060547,25.664405822753906,551
2011-06-23,26.450000762939453,27.450000762939453,26.350000381469727,26.850000381469727,25.71228790283203,1249
2011-06-24,27.700000762939453,27.850000381469727,26.549999237060547,27.850000381469727,26.6699161529541,268
2011-06-27,27.450000762939453,27.450000762939453,26.75,26.899999618530273,25.760169982910156,2422
2011-06-28,26.649999618530273,26.649999618530273,26.600000381469727,26.649999618530273,25.520761489868164,900
2011-06-29,26.299999237060547,27.049999237060547,26.299999237060547,26.450000762939453,25.329238891601562,11393
2011-06-30,26.899999618530273,26.899999618530273,26.100000381469727,26.25,25.137712478637695,6845
2011-07-01,27.0,27.700000762939453,26.850000381469727,27.450000762939453,26.286865234375,3175
2011-07-04,28.450000762939453,28.5,27.450000762939453,28.350000381469727,27.14872932434082,3409
2011-07-05,27.0,31.399999618530273,26.200000762939453,30.049999237060547,28.77669334411621,30643
2011-07-06,31.0,34.29999923706055,30.899999618530273,33.75,32.319915771484375,233752
2011-07-07,33.95000076293945,34.04999923706055,31.299999237060547,31.950000762939453,30.596187591552734,19588
2011-07-08,33.5,33.900001525878906,31.5,31.75,30.404661178588867,14988
2011-07-11,30.0,31.700000762939453,29.549999237060547,29.850000381469727,28.58517074584961,17423
2011-07-12,29.5,30.0,28.25,29.899999618530273,28.6330509185791,4739
2011-07-13,29.549999237060547,30.0,29.5,29.649999618530273,28.393644332885742,7724
2011-07-14,30.0,30.600000381469727,29.350000381469727,29.600000381469727,28.345762252807617,5160
2011-07-15,29.299999237060547,30.0,29.0,29.649999618530273,28.393644332885742,3997
2011-07-18,29.450000762939453,30.399999618530273,29.399999618530273,29.5,28.25,2546
2011-07-19,28.299999237060547,29.25,28.0,28.899999618530273,28.899999618530273,4892
2011-07-20,28.299999237060547,29.0,27.649999618530273,28.0,28.0,5205
2011-07-21,28.0,28.600000381469727,27.0,27.649999618530273,27.649999618530273,3597
2011-07-22,27.649999618530273,28.299999237060547,27.149999618530273,27.549999237060547,27.549999237060547,3182
2011-07-25,27.75,29.0,27.75,28.549999237060547,28.549999237060547,5882
2011-07-26,28.899999618530273,28.899999618530273,27.850000381469727,28.049999237060547,28.049999237060547,1145
2011-07-27,27.049999237060547,28.700000762939453,27.049999237060547,27.850000381469727,27.850000381469727,3408
2011-07-28,27.600000381469727,28.0,26.700000762939453,26.899999618530273,26.899999618530273,3027
2011-07-29,27.100000381469727,27.799999237060547,26.600000381469727,26.899999618530273,26.899999618530273,2730
2011-08-01,27.75,27.75,25.649999618530273,26.799999237060547,26.799999237060547,2293
2011-08-03,26.850000381469727,26.850000381469727,25.549999237060547,25.549999237060547,25.549999237060547,1469
2011-08-04,26.350000381469727,26.350000381469727,24.649999618530273,25.549999237060547,25.549999237060547,3476
2011-08-05,25.049999237060547,25.049999237060547,23.399999618530273,23.899999618530273,23.899999618530273,14155
2011-08-08,23.0,24.549999237060547,22.100000381469727,22.5,22.5,13786
2011-08-09,22.100000381469727,23.450000762939453,21.049999237060547,21.549999237060547,21.549999237060547,5162
2011-08-10,22.100000381469727,25.0,22.100000381469727,22.899999618530273,22.899999618530273,5388
2011-08-11,23.5,24.700000762939453,22.600000381469727,24.399999618530273,24.399999618530273,2087
2011-08-12,25.649999618530273,25.649999618530273,23.0,24.399999618530273,24.399999618530273,4059
2011-08-16,24.5,24.899999618530273,21.5,21.950000762939453,21.950000762939453,7070
2011-08-17,22.5,22.700000762939453,20.649999618530273,22.5,22.5,11646
2011-08-18,23.5,24.049999237060547,21.5,22.299999237060547,22.299999237060547,6597
2011-08-19,21.0,22.200000762939453,20.700000762939453,21.549999237060547,21.549999237060547,5481
2011-08-22,22.399999618530273,23.5,21.0,22.899999618530273,22.899999618530273,2408
2011-08-23,22.899999618530273,23.75,22.649999618530273,22.649999618530273,22.649999618530273,3872
2011-08-24,22.100000381469727,23.25,22.100000381469727,22.600000381469727,22.600000381469727,9427
2011-08-25,22.0,23.600000381469727,22.0,22.850000381469727,22.850000381469727,1558
2011-08-26,22.25,23.850000381469727,22.100000381469727,22.799999237060547,22.799999237060547,7563
2011-08-29,22.0,23.799999237060547,21.700000762939453,22.549999237060547,22.549999237060547,1142
2011-08-30,23.5,23.5,22.5,23.25,23.25,1692
2011-09-02,22.600000381469727,23.450000762939453,22.600000381469727,22.899999618530273,22.899999618530273,1354
2011-09-05,22.100000381469727,23.600000381469727,22.100000381469727,22.600000381469727,22.600000381469727,3125
2011-09-06,23.5,24.450000762939453,22.600000381469727,24.200000762939453,24.200000762939453,3095
2011-09-07,23.549999237060547,24.049999237060547,23.200000762939453,23.399999618530273,23.399999618530273,2857
2011-09-08,23.600000381469727,24.200000762939453,23.0,23.100000381469727,23.100000381469727,4051
2011-09-09,23.049999237060547,23.350000381469727,22.700000762939453,22.700000762939453,22.700000762939453,1746
2011-09-12,22.25,23.5,22.25,22.299999237060547,22.299999237060547,1215
2011-09-13,22.649999618530273,23.200000762939453,22.549999237060547,22.850000381469727,22.850000381469727,829
2011-09-14,22.75,22.75,22.600000381469727,22.600000381469727,22.600000381469727,120
2011-09-15,22.600000381469727,23.450000762939453,22.100000381469727,23.100000381469727,23.100000381469727,1540
2011-09-16,23.899999618530273,23.899999618530273,22.5,22.600000381469727,22.600000381469727,1586
2011-09-19,23.25,23.399999618530273,22.350000381469727,22.950000762939453,22.950000762939453,358
2011-09-20,23.0,23.700000762939453,22.549999237060547,22.950000762939453,22.950000762939453,5634
2011-09-21,22.950000762939453,23.25,22.850000381469727,22.850000381469727,22.850000381469727,203
2011-09-22,23.450000762939453,23.450000762939453,21.799999237060547,22.5,22.5,1135
2011-09-23,21.700000762939453,22.399999618530273,21.700000762939453,22.0,22.0,5615
2011-09-26,21.899999618530273,22.5,20.700000762939453,21.700000762939453,21.700000762939453,4354
2011-09-27,22.600000381469727,22.600000381469727,22.049999237060547,22.049999237060547,22.049999237060547,625
2011-09-28,22.5,22.799999237060547,22.0,22.200000762939453,22.200000762939453,928
2011-09-29,21.700000762939453,22.25,21.700000762939453,21.850000381469727,21.850000381469727,907
2011-09-30,21.5,22.850000381469727,21.5,22.450000762939453,22.450000762939453,1964
2011-10-03,24.799999237060547,24.799999237060547,21.5,21.700000762939453,21.700000762939453,584
2011-10-04,21.149999618530273,22.0,21.149999618530273,22.0,22.0,1151
2011-10-05,21.5,22.5,21.5,22.100000381469727,22.100000381469727,108
2011-10-07,21.600000381469727,22.700000762939453,21.600000381469727,22.700000762939453,22.700000762939453,551
2011-10-10,22.0,22.25,21.899999618530273,22.25,22.25,601
2011-10-11,21.5,22.899999618530273,21.5,22.0,22.0,1932
2011-10-12,21.0,22.0,20.5,21.5,21.5,283
2011-10-13,22.399999618530273,22.799999237060547,22.049999237060547,22.200000762939453,22.200000762939453,1253
2011-10-14,21.799999237060547,23.0,21.799999237060547,22.450000762939453,22.450000762939453,1986
2011-10-17,22.450000762939453,22.450000762939453,21.75,22.0,22.0,401
2011-10-18,21.600000381469727,23.5,21.549999237060547,22.450000762939453,22.450000762939453,2361
2011-10-19,22.5,23.450000762939453,22.149999618530273,22.799999237060547,22.799999237060547,1976
2011-10-20,22.0,23.0,21.75,22.549999237060547,22.549999237060547,53
2011-10-21,23.299999237060547,23.299999237060547,21.600000381469727,21.649999618530273,21.649999618530273,777
2011-10-24,22.5,22.5,21.299999237060547,21.5,21.5,4630
2011-10-25,23.299999237060547,23.299999237060547,21.549999237060547,22.899999618530273,22.899999618530273,1529
2011-10-28,22.25,22.850000381469727,21.549999237060547,22.600000381469727,22.600000381469727,3118
2011-10-31,23.450000762939453,23.450000762939453,22.200000762939453,22.200000762939453,22.200000762939453,75
2011-11-01,22.25,23.149999618530273,22.049999237060547,22.049999237060547,22.049999237060547,419
2011-11-02,22.950000762939453,22.950000762939453,21.75,22.049999237060547,22.049999237060547,4483
2011-11-03,21.149999618530273,22.549999237060547,21.049999237060547,22.549999237060547,22.549999237060547,1925
2011-11-04,22.5,22.5,22.0,22.25,22.25,8
2011-11-08,21.649999618530273,23.799999237060547,21.649999618530273,23.049999237060547,23.049999237060547,208
2011-11-09,22.5,22.5,22.049999237060547,22.049999237060547,22.049999237060547,372
2011-11-11,21.049999237060547,23.0,21.049999237060547,21.600000381469727,21.600000381469727,3140
2011-11-14,21.299999237060547,21.75,21.149999618530273,21.200000762939453,21.200000762939453,533
2011-11-15,21.899999618530273,21.950000762939453,17.700000762939453,18.200000762939453,18.200000762939453,11305
2011-11-16,18.75,20.350000381469727,18.5,20.100000381469727,20.100000381469727,1230
2011-11-17,22.0,22.0,18.549999237060547,18.600000381469727,18.600000381469727,1661
2011-11-18,18.649999618530273,18.950000762939453,17.600000381469727,17.950000762939453,17.950000762939453,2448
2011-11-21,18.5,18.5,18.0,18.0,18.0,1112
2011-11-22,18.850000381469727,18.899999618530273,17.899999618530273,18.5,18.5,716
2011-11-23,17.75,20.450000762939453,17.75,18.049999237060547,18.049999237060547,2815
2011-11-24,17.0,19.0,17.0,18.100000381469727,18.100000381469727,3064
2011-11-25,17.549999237060547,18.850000381469727,17.5,18.799999237060547,18.799999237060547,338
2011-11-28,18.799999237060547,18.799999237060547,18.799999237060547,18.799999237060547,18.799999237060547,0
2011-11-29,18.049999237060547,18.549999237060547,18.049999237060547,18.25,18.25,962
2011-11-30,18.5,18.5,18.0,18.0,18.0,210
2011-12-01,19.799999237060547,19.799999237060547,18.0,18.0,18.0,135
2011-12-02,17.350000381469727,18.5,17.299999237060547,18.0,18.0,487
2011-12-05,17.149999618530273,18.100000381469727,17.100000381469727,17.799999237060547,17.799999237060547,312
2011-12-07,17.649999618530273,18.5,17.600000381469727,18.200000762939453,18.200000762939453,1155
2011-12-08,18.200000762939453,18.25,18.0,18.0,18.0,795
2011-12-09,18.0,18.0,18.0,18.0,18.0,0
2011-12-12,17.600000381469727,18.350000381469727,17.549999237060547,18.149999618530273,18.149999618530273,157
2011-12-13,17.549999237060547,18.0,17.5,17.5,17.5,1214
2011-12-14,17.100000381469727,18.399999618530273,17.0,17.100000381469727,17.100000381469727,648
2011-12-15,17.049999237060547,17.049999237060547,17.0,17.0,17.0,1518
2011-12-16,18.25,18.25,16.5,16.799999237060547,16.799999237060547,1487
2011-12-19,17.0,17.899999618530273,15.399999618530273,16.350000381469727,16.350000381469727,3356
2011-12-20,16.0,16.0,15.199999809265137,15.199999809265137,15.199999809265137,3101
2011-12-21,15.0,16.450000762939453,15.0,15.5,15.5,1148
2011-12-22,15.0,17.0,14.550000190734863,16.75,16.75,6391
2011-12-23,16.649999618530273,16.799999237060547,16.5,16.5,16.5,1020
2011-12-26,17.350000381469727,17.350000381469727,16.049999237060547,16.950000762939453,16.950000762939453,309
2011-12-27,17.100000381469727,17.200000762939453,15.949999809265137,16.0,16.0,2816
2011-12-28,16.649999618530273,16.700000762939453,15.850000381469727,15.850000381469727,15.850000381469727,150
2011-12-29,16.649999618530273,17.600000381469727,15.899999618530273,17.549999237060547,17.549999237060547,911
2011-12-30,19.0,19.0,15.149999618530273,15.600000381469727,15.600000381469727,2695
2012-01-02,16.299999237060547,16.299999237060547,15.600000381469727,16.0,16.0,918
2012-01-03,16.299999237060547,16.600000381469727,16.049999237060547,16.600000381469727,16.600000381469727,750
2012-01-04,16.450000762939453,16.450000762939453,16.0,16.100000381469727,16.100000381469727,660
2012-01-05,15.649999618530273,16.450000762939453,15.550000190734863,16.25,16.25,5739
2012-01-06,16.299999237060547,16.950000762939453,15.949999809265137,16.0,16.0,1298
2012-01-09,17.100000381469727,17.899999618530273,17.049999237060547,17.899999618530273,17.899999618530273,1991
2012-01-10,18.399999618530273,18.5,17.850000381469727,17.850000381469727,17.850000381469727,3154
2012-01-11,18.799999237060547,18.799999237060547,18.399999618530273,18.600000381469727,18.600000381469727,3601
2012-01-12,18.0,18.5,17.5,18.100000381469727,18.100000381469727,1087
2012-01-13,18.0,18.799999237060547,18.0,18.399999618530273,18.399999618530273,198
2012-01-16,19.149999618530273,19.149999618530273,16.649999618530273,18.0,18.0,253
2012-01-17,17.600000381469727,18.5,17.600000381469727,17.799999237060547,17.799999237060547,842
2012-01-18,17.799999237060547,17.850000381469727,17.799999237060547,17.799999237060547,17.799999237060547,85
2012-01-19,17.850000381469727,17.850000381469727,15.649999618530273,17.649999618530273,17.649999618530273,1078
2012-01-20,18.399999618530273,18.450000762939453,17.149999618530273,17.600000381469727,17.600000381469727,1111
2012-01-23,17.200000762939453,18.5,17.200000762939453,17.5,17.5,2366
2012-01-24,17.299999237060547,18.0,17.299999237060547,18.0,18.0,170
2012-01-25,18.799999237060547,19.799999237060547,18.549999237060547,19.100000381469727,19.100000381469727,6671
2012-01-27,19.100000381469727,19.450000762939453,18.149999618530273,19.149999618530273,19.149999618530273,626
2012-01-30,19.0,19.0,19.0,19.0,19.0,2
2012-01-31,18.5,18.850000381469727,17.100000381469727,18.350000381469727,18.350000381469727,9014
2012-02-01,18.149999618530273,19.25,18.149999618530273,19.25,19.25,3287
2012-02-02,19.950000762939453,19.950000762939453,19.299999237060547,19.75,19.75,2062
2012-02-03,20.0,20.200000762939453,19.0,19.700000762939453,19.700000762939453,2583
2012-02-06,20.850000381469727,20.850000381469727,19.0,19.600000381469727,19.600000381469727,10648
2012-02-07,19.0,19.75,18.850000381469727,19.5,19.5,254
2012-02-08,19.5,20.0,18.600000381469727,18.799999237060547,18.799999237060547,2772
2012-02-09,18.700000762939453,19.5,18.350000381469727,19.5,19.5,334
2012-02-10,19.5,19.5,18.049999237060547,18.549999237060547,18.549999237060547,5911
2012-02-13,18.549999237060547,19.0,18.5,18.950000762939453,18.950000762939453,1650
2012-02-14,19.0,19.799999237060547,17.549999237060547,18.5,18.5,9449
2012-02-15,19.350000381469727,19.950000762939453,18.5,19.100000381469727,19.100000381469727,5969
2012-02-16,18.75,19.399999618530273,18.5,19.299999237060547,19.299999237060547,899
2012-02-17,19.200000762939453,20.399999618530273,19.149999618530273,19.700000762939453,19.700000762939453,6538
2012-02-21,19.700000762939453,19.75,19.299999237060547,19.350000381469727,19.350000381469727,4176
2012-02-22,19.25,19.5,18.5,18.75,18.75,2476
2012-02-23,18.5,19.350000381469727,17.700000762939453,18.100000381469727,18.100000381469727,10822
2012-02-24,19.149999618530273,19.149999618530273,18.149999618530273,18.200000762939453,18.200000762939453,399
2012-02-27,18.850000381469727,18.850000381469727,17.25,17.450000762939453,17.450000762939453,1689
2012-02-28,17.899999618530273,18.0,17.350000381469727,17.600000381469727,17.600000381469727,1335
2012-02-29,18.200000762939453,18.200000762939453,17.350000381469727,17.5,17.5,1010
2012-03-01,17.149999618530273,17.899999618530273,17.149999618530273,17.850000381469727,17.850000381469727,710
2012-03-02,18.0,18.0,17.299999237060547,17.299999237060547,17.299999237060547,5
2012-03-05,18.0,19.5,17.549999237060547,18.600000381469727,18.600000381469727,299
2012-03-06,18.25,18.950000762939453,17.399999618530273,18.600000381469727,18.600000381469727,207
2012-03-07,18.0,20.0,17.100000381469727,17.850000381469727,17.850000381469727,1785
2012-03-09,18.0,18.0,17.200000762939453,17.350000381469727,17.350000381469727,1201
2012-03-12,18.0,18.0,17.600000381469727,17.649999618530273,17.649999618530273,202
2012-03-13,17.799999237060547,18.899999618530273,17.799999237060547,18.0,18.0,1793
2012-03-14,18.75,19.5,17.149999618530273,19.0,19.0,1552
2012-03-15,18.5,18.850000381469727,17.75,18.850000381469727,18.850000381469727,144
2012-03-16,21.899999618530273,21.899999618530273,17.850000381469727,17.850000381469727,17.850000381469727,1490
2012-03-19,18.899999618530273,18.899999618530273,17.75,17.799999237060547,17.799999237060547,206
2012-03-20,17.549999237060547,17.549999237060547,17.149999618530273,17.549999237060547,17.549999237060547,1477
2012-03-21,17.799999237060547,17.799999237060547,17.799999237060547,17.799999237060547,17.799999237060547,2
2012-03-22,17.5,19.0,17.100000381469727,17.399999618530273,17.399999618530273,1551
2012-03-23,18.75,18.799999237060547,17.149999618530273,17.700000762939453,17.700000762939453,4665
2012-03-26,17.75,17.75,17.200000762939453,17.299999237060547,17.299999237060547,3283
2012-03-27,16.600000381469727,17.149999618530273,16.600000381469727,16.950000762939453,16.950000762939453,1941
2012-03-28,17.299999237060547,17.299999237060547,17.049999237060547,17.049999237060547,17.049999237060547,1729
2012-03-29,18.350000381469727,18.399999618530273,17.25,17.799999237060547,17.799999237060547,1150
2012-03-30,17.600000381469727,18.25,17.25,18.0,18.0,10381
2012-04-02,17.299999237060547,18.799999237060547,17.25,18.700000762939453,18.700000762939453,1450
2012-04-03,18.5,18.5,17.75,18.299999237060547,18.299999237060547,3415
2012-04-04,18.0,18.5,17.399999618530273,18.450000762939453,18.450000762939453,110
2012-04-09,17.549999237060547,17.649999618530273,17.549999237060547,17.600000381469727,17.600000381469727,54
2012-04-10,17.600000381469727,17.600000381469727,17.600000381469727,17.600000381469727,17.600000381469727,0
2012-04-11,17.75,18.5,17.700000762939453,17.700000762939453,17.700000762939453,1271
2012-04-12,18.0,18.0,16.899999618530273,17.5,17.5,1805
2012-04-13,17.399999618530273,18.399999618530273,16.799999237060547,17.25,17.25,5826
2012-04-16,17.299999237060547,17.299999237060547,17.299999237060547,17.299999237060547,17.299999237060547,10
2012-04-17,17.0,18.0,17.0,17.75,17.75,1096
2012-04-18,17.600000381469727,17.950000762939453,17.549999237060547,17.950000762939453,17.950000762939453,2122
2012-04-19,17.200000762939453,17.5,17.200000762939453,17.25,17.25,1555
2012-04-20,17.200000762939453,17.200000762939453,16.5,16.649999618530273,16.649999618530273,17063
2012-04-23,16.0,17.0,16.0,16.299999237060547,16.299999237060547,4793
2012-04-24,16.049999237060547,16.049999237060547,16.049999237060547,16.049999237060547,16.049999237060547,300
2012-04-25,18.950000762939453,19.0,16.600000381469727,16.600000381469727,16.600000381469727,816
2012-04-26,16.200000762939453,16.200000762939453,16.0,16.149999618530273,16.149999618530273,1401
2012-04-27,16.950000762939453,16.950000762939453,16.200000762939453,16.399999618530273,16.399999618530273,937
2012-04-30,16.5,16.5,16.5,16.5,16.5,500
2012-05-02,16.5,17.100000381469727,16.100000381469727,16.149999618530273,16.149999618530273,3325
2012-05-03,16.0,16.950000762939453,16.0,16.950000762939453,16.950000762939453,250
2012-05-04,16.100000381469727,16.100000381469727,16.100000381469727,16.100000381469727,16.100000381469727,200
2012-05-07,16.0,16.0,16.0,16.0,16.0,126
2012-05-08,16.0,16.0,16.0,16.0,16.0,0
2012-05-09,15.550000190734863,15.899999618530273,15.0,15.25,15.25,1712
2012-05-10,15.449999809265137,16.5,15.100000381469727,15.949999809265137,15.949999809265137,8687
2012-05-11,16.0,16.0,15.300000190734863,15.350000381469727,15.350000381469727,1755
2012-05-14,15.350000381469727,15.949999809265137,15.0,15.649999618530273,15.649999618530273,7972
2012-05-15,15.050000190734863,16.0,15.050000190734863,15.149999618530273,15.149999618530273,2108
2012-05-16,15.75,15.800000190734863,15.0,15.800000190734863,15.800000190734863,787
2012-05-17,15.5,15.5,14.5,14.850000381469727,14.850000381469727,1794
2012-05-18,15.949999809265137,15.949999809265137,15.949999809265137,15.949999809265137,15.949999809265137,57
2012-05-21,15.399999618530273,15.399999618530273,15.149999618530273,15.149999618530273,15.149999618530273,36
2012-05-22,15.550000190734863,15.600000381469727,15.5,15.600000381469727,15.600000381469727,285
2012-05-23,15.5,15.550000190734863,14.949999809265137,15.0,15.0,1551
2012-05-24,15.0,15.0,15.0,15.0,15.0,0
2012-05-25,14.899999618530273,16.399999618530273,14.600000381469727,15.949999809265137,15.949999809265137,248
2012-05-28,16.0,16.649999618530273,14.25,15.949999809265137,15.949999809265137,4271
2012-05-29,15.5,16.0,15.25,15.600000381469727,15.600000381469727,653
2012-05-30,15.75,16.5,15.75,15.800000190734863,15.800000190734863,1800
2012-05-31,15.800000190734863,16.0,15.100000381469727,15.949999809265137,15.949999809265137,2384
2012-06-01,15.5,16.200000762939453,14.850000381469727,15.25,15.25,3687
2012-06-04,15.0,15.5,14.649999618530273,15.399999618530273,15.399999618530273,1035
2012-06-05,15.25,15.350000381469727,15.0,15.350000381469727,15.350000381469727,1706
2012-06-06,15.0,15.75,15.0,15.550000190734863,15.550000190734863,6215
2012-06-07,15.550000190734863,15.550000190734863,15.550000190734863,15.550000190734863,15.550000190734863,0
2012-06-08,15.75,15.75,15.350000381469727,15.350000381469727,15.350000381469727,1103
2012-06-11,16.200000762939453,16.200000762939453,15.25,15.899999618530273,15.899999618530273,594
2012-06-12,15.199999809265137,15.850000381469727,15.199999809265137,15.350000381469727,15.350000381469727,831
2012-06-13,16.200000762939453,16.200000762939453,15.0,15.100000381469727,15.100000381469727,4729
2012-06-14,15.149999618530273,15.25,15.100000381469727,15.25,15.25,246
2012-06-15,15.5,15.5,15.199999809265137,15.5,15.5,171
2012-06-18,15.899999618530273,15.899999618530273,15.300000190734863,15.449999809265137,15.449999809265137,3518
2012-06-19,15.5,15.699999809265137,15.350000381469727,15.399999618530273,15.399999618530273,713
2012-06-20,15.699999809265137,15.699999809265137,15.350000381469727,15.5,15.5,3
2012-06-21,15.25,15.25,15.25,15.25,15.25,99
2012-06-22,15.199999809265137,15.600000381469727,15.199999809265137,15.399999618530273,15.399999618530273,1127
2012-06-25,17.100000381469727,17.100000381469727,15.550000190734863,15.899999618530273,15.899999618530273,450
2012-06-26,15.300000190734863,16.299999237060547,15.300000190734863,15.449999809265137,15.449999809265137,612
2012-06-27,15.300000190734863,15.449999809265137,15.050000190734863,15.300000190734863,15.300000190734863,238
2012-06-28,15.600000381469727,15.600000381469727,15.199999809265137,15.199999809265137,15.199999809265137,305
2012-06-29,15.899999618530273,16.0,15.199999809265137,15.5,15.5,2230
2012-07-02,15.0,16.100000381469727,15.0,15.75,15.75,2021
2012-07-03,16.399999618530273,16.399999618530273,15.75,15.850000381469727,15.850000381469727,1103
2012-07-04,16.0,18.899999618530273,15.850000381469727,16.5,16.5,23148
2012-07-05,17.450000762939453,17.899999618530273,16.649999618530273,16.950000762939453,16.950000762939453,670
2012-07-06,16.0,18.549999237060547,16.0,17.450000762939453,17.450000762939453,25103
2012-07-09,19.0,19.0,16.649999618530273,16.850000381469727,16.850000381469727,1094
2012-07-10,17.799999237060547,17.799999237060547,16.649999618530273,16.850000381469727,16.850000381469727,8284
2012-07-11,17.799999237060547,17.799999237060547,16.799999237060547,16.899999618530273,16.899999618530273,2309
2012-07-12,16.899999618530273,17.700000762939453,16.450000762939453,16.450000762939453,16.450000762939453,2304
2012-07-13,17.399999618530273,17.399999618530273,16.0,16.0,16.0,1320
2012-07-16,17.0,17.299999237060547,16.0,16.899999618530273,16.899999618530273,2255
2012-07-17,17.950000762939453,17.950000762939453,15.75,15.949999809265137,15.949999809265137,2614
2012-07-18,16.950000762939453,16.950000762939453,15.25,16.299999237060547,16.299999237060547,2224
2012-07-19,16.299999237060547,16.299999237060547,15.649999618530273,16.299999237060547,16.299999237060547,530
2012-07-20,17.200000762939453,17.200000762939453,15.5,15.899999618530273,15.899999618530273,2523
2012-07-23,15.699999809265137,16.799999237060547,15.149999618530273,15.5,15.5,387
2012-07-24,16.200000762939453,16.200000762939453,15.300000190734863,15.449999809265137,15.449999809265137,1306
2012-07-25,16.200000762939453,16.200000762939453,14.550000190734863,15.899999618530273,15.899999618530273,1890
2012-07-26,16.200000762939453,16.200000762939453,15.100000381469727,15.300000190734863,15.300000190734863,1278
2012-07-27,16.200000762939453,16.200000762939453,14.800000190734863,15.550000190734863,15.550000190734863,520
2012-07-30,16.5,16.5,15.149999618530273,15.149999618530273,15.149999618530273,2025
2012-07-31,15.149999618530273,15.149999618530273,15.149999618530273,15.149999618530273,15.149999618530273,0
2012-08-01,15.149999618530273,15.600000381469727,15.100000381469727,15.149999618530273,15.149999618530273,1082
2012-08-02,14.899999618530273,15.600000381469727,14.5,15.550000190734863,15.550000190734863,4511
2012-08-03,14.899999618530273,15.75,14.699999809265137,15.0,15.0,994
2012-08-06,15.050000190734863,15.600000381469727,15.0,15.25,15.25,1475
2012-08-07,15.300000190734863,15.949999809265137,15.0,15.199999809265137,15.199999809265137,1731
2012-08-08,14.949999809265137,15.800000190734863,14.899999618530273,15.0,15.0,3512
2012-08-09,15.0,15.300000190734863,15.0,15.199999809265137,15.199999809265137,1034
2012-08-10,14.899999618530273,15.25,14.600000381469727,15.25,15.25,151
2012-08-13,15.0,15.75,14.800000190734863,15.050000190734863,15.050000190734863,257
2012-08-14,15.0,15.25,14.949999809265137,15.149999618530273,15.149999618530273,1261
2012-08-16,15.300000190734863,15.300000190734863,14.699999809265137,14.75,14.75,227
2012-08-17,14.699999809265137,15.75,14.649999618530273,15.75,15.75,1554
2012-08-21,15.399999618530273,15.75,14.600000381469727,14.850000381469727,14.850000381469727,714
2012-08-22,14.949999809265137,15.199999809265137,14.899999618530273,15.100000381469727,15.100000381469727,279
2012-08-23,14.800000190734863,15.75,14.5,15.149999618530273,15.149999618530273,1286
2012-08-24,15.100000381469727,15.149999618530273,15.100000381469727,15.100000381469727,15.100000381469727,732
2012-08-27,14.800000190734863,15.100000381469727,14.5,14.75,14.75,1173
2012-08-28,15.199999809265137,15.699999809265137,13.5,14.149999618530273,14.149999618530273,782
2012-08-29,14.0,15.25,13.5,13.850000381469727,13.850000381469727,751
2012-08-30,15.0,15.0,13.75,13.949999809265137,13.949999809265137,468
2012-08-31,15.399999618530273,15.399999618530273,14.0,15.25,15.25,95
2012-09-03,15.5,15.5,14.100000381469727,14.449999809265137,14.449999809265137,4179
2012-09-04,14.050000190734863,14.399999618530273,14.050000190734863,14.25,14.25,549
2012-09-05,15.0,15.0,13.550000190734863,14.149999618530273,14.149999618530273,314
2012-09-06,14.699999809265137,14.699999809265137,11.399999618530273,12.75,12.75,18877
2012-09-07,13.75,13.75,12.699999809265137,12.800000190734863,12.800000190734863,648
2012-09-10,12.600000381469727,12.649999618530273,12.5,12.649999618530273,12.649999618530273,553
2012-09-11,13.149999618530273,13.149999618530273,13.149999618530273,13.149999618530273,13.149999618530273,1
2012-09-12,14.449999809265137,14.649999618530273,13.050000190734863,13.550000190734863,13.550000190734863,1355
2012-09-13,13.100000381469727,13.649999618530273,12.649999618530273,13.0,13.0,506
2012-09-14,13.350000381469727,14.0,12.75,13.0,13.0,11940
2012-09-17,13.300000190734863,13.300000190734863,12.25,12.600000381469727,12.600000381469727,4937
2012-09-18,12.300000190734863,13.75,12.300000190734863,12.699999809265137,12.699999809265137,3020
2012-09-20,12.5,13.100000381469727,12.5,12.949999809265137,12.949999809265137,1234
2012-09-21,12.850000381469727,13.25,12.850000381469727,13.25,13.25,903
2012-09-24,13.0,13.75,12.699999809265137,13.25,13.25,6384
2012-09-25,13.0,13.449999809265137,12.949999809265137,12.949999809265137,12.949999809265137,628
2012-09-26,12.800000190734863,13.899999618530273,12.75,13.25,13.25,17011
2012-09-27,13.0,13.199999809265137,12.800000190734863,13.0,13.0,5590
2012-09-28,12.800000190734863,13.0,12.25,12.899999618530273,12.899999618530273,5872
2012-10-01,13.050000190734863,13.949999809265137,12.850000381469727,12.850000381469727,12.850000381469727,1011
2012-10-03,13.0,13.0,12.850000381469727,12.850000381469727,12.850000381469727,50
2012-10-04,13.5,14.5,13.300000190734863,13.800000190734863,13.800000190734863,14485
2012-10-05,13.699999809265137,14.399999618530273,13.100000381469727,14.25,14.25,12772
2012-10-08,14.0,14.0,13.5,14.0,14.0,5049
2012-10-09,13.800000190734863,14.199999809265137,13.399999618530273,14.0,14.0,1146
2012-10-10,13.800000190734863,13.800000190734863,13.350000381469727,13.399999618530273,13.399999618530273,7
2012-10-11,13.5,13.800000190734863,13.149999618530273,13.350000381469727,13.350000381469727,529
2012-10-12,13.350000381469727,13.399999618530273,13.350000381469727,13.399999618530273,13.399999618530273,108
2012-10-15,13.350000381469727,13.949999809265137,13.350000381469727,13.899999618530273,13.899999618530273,1038
2012-10-16,13.75,13.75,13.100000381469727,13.149999618530273,13.149999618530273,2801
2012-10-17,13.399999618530273,13.399999618530273,13.399999618530273,13.399999618530273,13.399999618530273,80
2012-10-18,13.100000381469727,14.25,13.0,13.949999809265137,13.949999809265137,1037
2012-10-19,13.699999809265137,13.800000190734863,13.100000381469727,13.399999618530273,13.399999618530273,766
2012-10-22,13.199999809265137,13.600000381469727,12.899999618530273,13.149999618530273,13.149999618530273,1176
2012-10-23,13.149999618530273,13.75,13.149999618530273,13.199999809265137,13.199999809265137,752
2012-10-25,13.25,13.649999618530273,13.0,13.600000381469727,13.600000381469727,2811
2012-10-29,13.100000381469727,13.949999809265137,13.100000381469727,13.600000381469727,13.600000381469727,1010
2012-10-30,13.0,14.149999618530273,13.0,13.649999618530273,13.649999618530273,623
2012-10-31,13.300000190734863,13.300000190734863,13.050000190734863,13.149999618530273,13.149999618530273,138
2012-11-01,13.050000190734863,13.649999618530273,13.050000190734863,13.649999618530273,13.649999618530273,950
2012-11-02,13.399999618530273,14.0,12.800000190734863,13.5,13.5,1290
2012-11-05,13.399999618530273,13.699999809265137,13.0,13.0,13.0,475
2012-11-06,12.899999618530273,13.600000381469727,12.899999618530273,13.0,13.0,988
2012-11-07,13.0,13.449999809265137,13.0,13.449999809265137,13.449999809265137,2735
2012-11-08,12.800000190734863,13.050000190734863,12.5,13.050000190734863,13.050000190734863,2308
2012-11-09,13.0,13.0,13.0,13.0,13.0,100
2012-11-12,12.0,13.899999618530273,10.5,13.050000190734863,13.050000190734863,6387
2012-11-15,13.850000381469727,14.149999618530273,13.600000381469727,13.899999618530273,13.899999618530273,1416
2012-11-16,13.699999809265137,13.850000381469727,13.0,13.050000190734863,13.050000190734863,471
2012-11-19,13.050000190734863,13.050000190734863,13.050000190734863,13.050000190734863,13.050000190734863,0
2012-11-20,12.899999618530273,13.399999618530273,12.550000190734863,13.0,13.0,306
2012-11-21,12.899999618530273,13.699999809265137,12.199999809265137,13.0,13.0,2027
2012-11-22,12.899999618530273,12.899999618530273,12.25,12.800000190734863,12.800000190734863,1274
2012-11-23,12.75,12.949999809265137,12.399999618530273,12.5,12.5,2771
2012-11-26,13.600000381469727,13.600000381469727,12.5,12.800000190734863,12.800000190734863,3295
2012-11-27,12.800000190734863,12.800000190734863,12.5,12.600000381469727,12.600000381469727,104
2012-11-29,12.800000190734863,13.0,12.600000381469727,12.850000381469727,12.850000381469727,421
2012-11-30,12.75,12.899999618530273,12.300000190734863,12.5,12.5,8861
2012-12-03,12.550000190734863,13.199999809265137,12.350000381469727,12.75,12.75,3486
2012-12-04,12.5,13.449999809265137,12.5,12.949999809265137,12.949999809265137,7235
2012-12-05,13.0,13.199999809265137,12.75,13.199999809265137,13.199999809265137,1318
2012-12-06,12.899999618530273,13.0,12.5,12.649999618530273,12.649999618530273,2798
2012-12-07,12.649999618530273,12.899999618530273,12.5,12.800000190734863,12.800000190734863,4553
2012-12-10,12.949999809265137,13.300000190734863,12.699999809265137,12.800000190734863,12.800000190734863,3131
2012-12-11,12.800000190734863,13.199999809265137,12.800000190734863,12.800000190734863,12.800000190734863,1415
2012-12-12,12.600000381469727,13.25,12.100000381469727,12.550000190734863,12.550000190734863,7885
2012-12-13,12.649999618530273,12.75,12.600000381469727,12.75,12.75,324
2012-12-14,12.600000381469727,12.600000381469727,12.5,12.600000381469727,12.600000381469727,55
2012-12-17,12.399999618530273,13.550000190734863,12.199999809265137,12.649999618530273,12.649999618530273,386
2012-12-18,12.399999618530273,14.0,12.399999618530273,13.25,13.25,9257
2012-12-19,13.050000190734863,13.350000381469727,12.75,13.350000381469727,13.350000381469727,746
2012-12-20,13.0,13.449999809265137,12.600000381469727,12.75,12.75,188
2012-12-21,12.5,12.75,12.100000381469727,12.399999618530273,12.399999618530273,927
2012-12-24,12.399999618530273,12.399999618530273,12.399999618530273,12.399999618530273,12.399999618530273,0
2012-12-26,12.300000190734863,13.199999809265137,12.0,12.199999809265137,12.199999809265137,11004
2012-12-27,12.050000190734863,12.800000190734863,12.050000190734863,12.75,12.75,336
2012-12-28,12.800000190734863,12.800000190734863,12.100000381469727,12.5,12.5,1286
2012-12-31,12.550000190734863,12.699999809265137,12.100000381469727,12.300000190734863,12.300000190734863,1363
2013-01-01,12.199999809265137,12.649999618530273,12.050000190734863,12.399999618530273,12.399999618530273,5798
2013-01-02,12.399999618530273,13.100000381469727,12.350000381469727,12.949999809265137,12.949999809265137,2762
2013-01-03,12.800000190734863,13.850000381469727,12.800000190734863,13.350000381469727,13.350000381469727,1622
2013-01-04,13.5,13.699999809265137,13.0,13.199999809265137,13.199999809265137,2404
2013-01-07,13.100000381469727,13.550000190734863,13.100000381469727,13.399999618530273,13.399999618530273,1001
2013-01-08,13.050000190734863,13.050000190734863,13.0,13.0,13.0,351
2013-01-09,12.899999618530273,13.350000381469727,12.449999809265137,12.75,12.75,1690
2013-01-10,12.699999809265137,13.5,12.649999618530273,13.100000381469727,13.100000381469727,1380
2013-01-11,13.899999618530273,13.899999618530273,13.050000190734863,13.050000190734863,13.050000190734863,1190
2013-01-14,14.149999618530273,14.199999809265137,13.100000381469727,13.100000381469727,13.100000381469727,983
2013-01-15,12.899999618530273,13.149999618530273,12.300000190734863,13.050000190734863,13.050000190734863,554
2013-01-16,12.899999618530273,13.850000381469727,12.5,12.600000381469727,12.600000381469727,446
2013-01-17,13.25,13.300000190734863,12.600000381469727,12.800000190734863,12.800000190734863,1800
2013-01-18,12.699999809265137,13.800000190734863,12.25,13.050000190734863,13.050000190734863,1596
2013-01-21,13.100000381469727,13.100000381469727,13.050000190734863,13.100000381469727,13.100000381469727,467
2013-01-22,12.800000190734863,12.949999809265137,12.199999809265137,12.800000190734863,12.800000190734863,1558
2013-01-23,12.699999809265137,13.0,11.899999618530273,11.899999618530273,11.899999618530273,10534
2013-01-24,12.550000190734863,12.550000190734863,11.5,11.550000190734863,11.550000190734863,20
2013-01-25,11.399999618530273,12.5,11.0,12.050000190734863,12.050000190734863,433
2013-01-28,11.850000381469727,11.899999618530273,11.350000381469727,11.550000190734863,11.550000190734863,1013
2013-01-29,11.649999618530273,12.0,11.600000381469727,12.0,12.0,1144
2013-01-30,12.0,12.0,12.0,12.0,12.0,202
2013-01-31,11.800000190734863,11.800000190734863,11.300000190734863,11.75,11.75,1412
2013-02-01,11.75,13.899999618530273,11.5,11.5,11.5,405
2013-02-04,11.600000381469727,12.949999809265137,11.600000381469727,12.949999809265137,12.949999809265137,1001
2013-02-05,12.699999809265137,13.199999809265137,11.75,12.149999618530273,12.149999618530273,2050
2013-02-06,12.0,13.050000190734863,11.5,13.050000190734863,13.050000190734863,151
2013-02-07,12.75,13.0,12.050000190734863,12.199999809265137,12.199999809265137,1166
2013-02-08,12.0,12.0,11.199999809265137,12.0,12.0,798
2013-02-11,11.899999618530273,12.050000190734863,11.100000381469727,11.699999809265137,11.699999809265137,1173
2013-02-12,11.5,11.5,10.149999618530273,11.350000381469727,11.350000381469727,5080
2013-02-13,11.350000381469727,11.550000190734863,10.449999809265137,10.949999809265137,10.949999809265137,1514
2013-02-14,10.800000190734863,10.800000190734863,10.25,10.600000381469727,10.600000381469727,50
2013-02-15,10.399999618530273,11.25,9.899999618530273,11.25,11.25,65
2013-02-18,11.0,11.0,10.300000190734863,10.300000190734863,10.300000190734863,288
2013-02-19,10.300000190734863,10.300000190734863,10.300000190734863,10.300000190734863,10.300000190734863,0
2013-02-20,10.399999618530273,11.0,9.949999809265137,10.399999618530273,10.399999618530273,3661
2013-02-21,10.199999809265137,11.0,10.0,10.800000190734863,10.800000190734863,327
2013-02-22,11.149999618530273,11.449999809265137,10.050000190734863,10.050000190734863,10.050000190734863,1707
2013-02-25,9.949999809265137,10.350000381469727,9.600000381469727,10.25,10.25,836
2013-02-26,9.850000381469727,9.850000381469727,9.100000381469727,9.600000381469727,9.600000381469727,4236
2013-02-27,9.600000381469727,10.949999809265137,9.600000381469727,10.25,10.25,387
2013-02-28,9.850000381469727,10.5,8.75,8.800000190734863,8.800000190734863,1383
2013-03-01,8.75,9.0,8.75,9.0,9.0,173
2013-03-04,8.699999809265137,10.699999809265137,8.100000381469727,8.800000190734863,8.800000190734863,2503
2013-03-05,8.699999809265137,8.949999809265137,8.149999618530273,8.199999809265137,8.199999809265137,75
2013-03-06,8.199999809265137,8.199999809265137,8.199999809265137,8.199999809265137,8.199999809265137,0
2013-03-07,8.350000381469727,8.649999618530273,8.350000381469727,8.649999618530273,8.649999618530273,464
2013-03-08,9.5,9.5,9.5,9.5,9.5,10
2013-03-11,8.699999809265137,9.699999809265137,8.649999618530273,9.0,9.0,447
2013-03-12,8.550000190734863,8.550000190734863,8.25,8.449999809265137,8.449999809265137,757
2013-03-13,8.449999809265137,9.050000190734863,8.449999809265137,9.0,9.0,78
2013-03-14,8.5,8.5,8.5,8.5,8.5,78
2013-03-15,8.199999809265137,8.399999618530273,8.199999809265137,8.300000190734863,8.300000190734863,2
2013-03-18,7.550000190734863,9.100000381469727,7.550000190734863,9.100000381469727,9.100000381469727,925
2013-03-19,8.300000190734863,8.949999809265137,8.300000190734863,8.550000190734863,8.550000190734863,3760
2013-03-20,7.800000190734863,9.399999618530273,7.699999809265137,8.0,8.0,151
2013-03-21,8.75,8.75,7.349999904632568,7.5,7.5,5007
2013-03-22,7.050000190734863,8.25,6.800000190734863,8.0,8.0,24071
2013-03-25,8.75,8.800000190734863,7.650000095367432,8.75,8.75,2282
2013-03-26,8.050000190734863,8.800000190734863,7.900000095367432,8.800000190734863,8.800000190734863,2444
2013-03-28,7.949999809265137,7.949999809265137,7.949999809265137,7.949999809265137,7.949999809265137,100
2013-04-01,7.25,8.399999618530273,7.25,8.399999618530273,8.399999618530273,1376
2013-04-02,8.399999618530273,8.399999618530273,8.399999618530273,8.399999618530273,8.399999618530273,0
2013-04-03,8.550000190734863,9.149999618530273,8.5,9.050000190734863,9.050000190734863,2060
2013-04-04,8.600000381469727,8.600000381469727,8.300000190734863,8.399999618530273,8.399999618530273,6841
2013-04-05,9.199999809265137,9.199999809265137,8.449999809265137,8.449999809265137,8.449999809265137,600
2013-04-08,8.399999618530273,8.399999618530273,8.399999618530273,8.399999618530273,8.399999618530273,125
2013-04-09,8.649999618530273,9.100000381469727,8.649999618530273,9.050000190734863,9.050000190734863,837
2013-04-10,9.050000190734863,9.050000190734863,9.050000190734863,9.050000190734863,9.050000190734863,200
2013-04-11,8.550000190734863,8.550000190734863,8.149999618530273,8.149999618530273,8.149999618530273,5319
2013-04-12,7.349999904632568,7.949999809265137,7.349999904632568,7.400000095367432,7.400000095367432,1508
2013-04-15,7.800000190734863,7.900000095367432,7.050000190734863,7.800000190734863,7.800000190734863,1446
2013-04-16,7.5,7.5,7.449999809265137,7.449999809265137,7.449999809265137,1117
2013-04-17,7.300000190734863,7.800000190734863,7.300000190734863,7.5,7.5,863
2013-04-18,7.5,7.5,7.5,7.5,7.5,232
2013-04-22,7.400000095367432,7.400000095367432,7.25,7.25,7.25,555
2013-04-23,7.25,7.25,7.25,7.25,7.25,0
2013-04-25,7.599999904632568,7.599999904632568,7.599999904632568,7.599999904632568,7.599999904632568,200
2013-04-26,7.699999809265137,7.699999809265137,7.650000095367432,7.650000095367432,7.650000095367432,300
2013-04-29,8.0,8.0,7.550000190734863,7.550000190734863,7.550000190734863,1057
2013-04-30,7.550000190734863,7.550000190734863,7.550000190734863,7.550000190734863,7.550000190734863,0
2013-05-02,7.550000190734863,7.650000095367432,7.449999809265137,7.650000095367432,7.650000095367432,252
2013-05-03,7.650000095367432,7.650000095367432,7.349999904632568,7.349999904632568,7.349999904632568,200
2013-05-06,7.349999904632568,7.349999904632568,7.349999904632568,7.349999904632568,7.349999904632568,232
2013-05-07,7.400000095367432,7.449999809265137,7.300000190734863,7.300000190734863,7.300000190734863,933
2013-05-08,8.0,8.0,8.0,8.0,8.0,100
2013-05-09,7.5,7.5,7.5,7.5,7.5,50
2013-05-10,7.300000190734863,7.300000190734863,7.150000095367432,7.150000095367432,7.150000095367432,1994
2013-05-13,7.0,7.0,7.0,7.0,7.0,388
2013-05-14,6.599999904632568,7.650000095367432,6.599999904632568,7.650000095367432,7.650000095367432,656
2013-05-15,7.050000190734863,7.5,7.050000190734863,7.449999809265137,7.449999809265137,400
2013-05-16,7.449999809265137,7.449999809265137,7.099999904632568,7.099999904632568,7.099999904632568,1250
2013-05-17,7.400000095367432,7.75,7.400000095367432,7.550000190734863,7.550000190734863,1562
2013-05-20,7.25,8.100000381469727,7.199999809265137,7.699999809265137,7.699999809265137,925
2013-05-21,7.099999904632568,8.399999618530273,7.099999904632568,7.550000190734863,7.550000190734863,238
2013-05-22,7.0,8.050000190734863,7.0,7.5,7.5,276
2013-05-23,8.050000190734863,8.100000381469727,7.800000190734863,8.050000190734863,8.050000190734863,1911
2013-05-24,8.0,8.25,7.449999809265137,8.199999809265137,8.199999809265137,1526
2013-05-27,7.900000095367432,8.25,7.449999809265137,8.149999618530273,8.149999618530273,491
2013-05-28,7.5,7.699999809265137,7.349999904632568,7.699999809265137,7.699999809265137,3320
2013-05-29,7.800000190734863,7.800000190734863,7.800000190734863,7.800000190734863,7.800000190734863,495
2013-05-30,7.800000190734863,7.800000190734863,7.800000190734863,7.800000190734863,7.800000190734863,0
2013-05-31,7.400000095367432,7.400000095367432,7.349999904632568,7.349999904632568,7.349999904632568,376
2013-06-03,6.699999809265137,7.800000190734863,6.699999809265137,7.800000190734863,7.800000190734863,200
2013-06-04,7.25,7.400000095367432,7.099999904632568,7.199999809265137,7.199999809265137,1231
2013-06-05,6.699999809265137,7.650000095367432,6.5,7.349999904632568,7.349999904632568,2440
2013-06-06,7.349999904632568,7.349999904632568,6.900000095367432,6.900000095367432,6.900000095367432,820
2013-06-07,7.199999809265137,7.25,6.699999809265137,7.150000095367432,7.150000095367432,549
2013-06-10,6.550000190734863,7.75,6.550000190734863,6.699999809265137,6.699999809265137,1550
2013-06-11,6.599999904632568,6.699999809265137,6.300000190734863,6.699999809265137,6.699999809265137,341
2013-06-12,6.849999904632568,6.849999904632568,6.849999904632568,6.849999904632568,6.849999904632568,47
2013-06-13,6.5,6.599999904632568,6.199999809265137,6.300000190734863,6.300000190734863,529
2013-06-14,6.0,6.699999809265137,5.699999809265137,6.5,6.5,842
2013-06-17,6.0,6.599999904632568,5.900000095367432,6.0,6.0,3827
2013-06-18,6.199999809265137,6.199999809265137,5.400000095367432,5.400000095367432,5.400000095367432,9928
2013-06-19,5.800000190734863,5.800000190734863,5.5,5.650000095367432,5.650000095367432,5159
2013-06-20,5.800000190734863,5.800000190734863,5.75,5.75,5.75,484
2013-06-21,5.5,6.099999904632568,5.5,6.099999904632568,6.099999904632568,1625
2013-06-24,5.800000190734863,5.800000190734863,5.550000190734863,5.599999904632568,5.599999904632568,642
2013-06-25,5.300000190734863,5.800000190734863,5.300000190734863,5.800000190734863,5.800000190734863,216
2013-06-26,5.550000190734863,5.900000095367432,5.550000190734863,5.550000190734863,5.550000190734863,1000
2013-06-27,5.550000190734863,5.550000190734863,5.550000190734863,5.550000190734863,5.550000190734863,0
2013-06-28,5.75,5.75,5.75,5.75,5.75,77
2013-07-01,5.550000190734863,5.949999809265137,5.5,5.949999809265137,5.949999809265137,418
2013-07-02,6.150000095367432,6.150000095367432,6.150000095367432,6.150000095367432,6.150000095367432,2
2013-07-03,6.199999809265137,6.199999809265137,5.900000095367432,5.900000095367432,5.900000095367432,2
2013-07-04,5.699999809265137,5.699999809265137,5.650000095367432,5.650000095367432,5.650000095367432,150
2013-07-05,5.650000095367432,5.650000095367432,5.650000095367432,5.650000095367432,5.650000095367432,0
2013-07-08,5.400000095367432,5.400000095367432,5.400000095367432,5.400000095367432,5.400000095367432,10
2013-07-09,5.5,5.5,5.199999809265137,5.5,5.5,213
2013-07-10,5.5,5.5,5.5,5.5,5.5,0
2013-07-11,5.5,5.5,5.5,5.5,5.5,0
2013-07-12,5.5,5.5,5.5,5.5,5.5,0
2013-07-15,5.5,5.5,5.5,5.5,5.5,0
2013-07-16,5.5,5.5,5.5,5.5,5.5,0
2013-07-17,5.25,5.25,5.25,5.25,5.25,100
2013-07-18,5.25,5.25,5.25,5.25,5.25,0
2013-07-19,5.25,5.25,5.25,5.25,5.25,0
2013-07-22,5.25,5.25,5.25,5.25,5.25,0
2013-07-23,5.25,5.25,5.25,5.25,5.25,0
2013-07-24,5.25,5.25,5.25,5.25,5.25,0
2013-07-25,5.25,5.25,5.25,5.25,5.25,0
2013-07-26,5.25,5.25,5.25,5.25,5.25,0
2013-07-29,5.25,5.25,5.25,5.25,5.25,0
2013-07-30,5.25,5.25,5.25,5.25,5.25,0
2013-07-31,5.25,5.25,5.25,5.25,5.25,300
2013-08-01,5.25,5.25,5.25,5.25,5.25,0
2013-08-02,5.199999809265137,5.199999809265137,5.199999809265137,5.199999809265137,5.199999809265137,1155
2013-08-05,4.949999809265137,4.949999809265137,4.949999809265137,4.949999809265137,4.949999809265137,299
2013-08-06,4.949999809265137,4.949999809265137,4.949999809265137,4.949999809265137,4.949999809265137,0
2013-08-07,4.75,4.75,4.75,4.75,4.75,150
2013-08-08,4.75,4.75,4.75,4.75,4.75,50
2013-08-12,4.699999809265137,4.699999809265137,4.550000190734863,4.699999809265137,4.699999809265137,1010
2013-08-13,4.699999809265137,4.699999809265137,4.699999809265137,4.699999809265137,4.699999809265137,0
2013-08-14,4.900000095367432,4.900000095367432,4.900000095367432,4.900000095367432,4.900000095367432,200
2013-08-16,4.900000095367432,4.900000095367432,4.900000095367432,4.900000095367432,4.900000095367432,0
2013-08-19,5.0,5.0,5.0,5.0,5.0,50
2013-08-20,5.25,5.25,5.25,5.25,5.25,262
2013-08-21,5.25,5.25,5.25,5.25,5.25,0
2013-08-22,5.25,5.25,5.25,5.25,5.25,0
2013-08-23,5.25,5.25,5.25,5.25,5.25,0
2013-08-26,5.25,5.25,5.25,5.25,5.25,0
2013-08-27,5.25,5.25,5.25,5.25,5.25,0
2013-08-28,5.25,5.25,5.25,5.25,5.25,0
2013-08-29,5.25,5.25,5.25,5.25,5.25,0
2013-08-30,5.25,5.25,5.25,5.25,5.25,0
2013-09-02,5.25,5.25,5.25,5.25,5.25,0
2013-09-03,5.25,5.25,5.25,5.25,5.25,0
2013-09-04,5.25,5.25,5.25,5.25,5.25,0
2013-09-05,5.25,5.25,5.25,5.25,5.25,0
2013-09-06,5.5,5.5,5.5,5.5,5.5,1000
2013-09-10,5.5,5.5,5.5,5.5,5.5,0
2013-09-11,5.5,5.5,5.5,5.5,5.5,0
2013-09-12,5.5,5.5,5.5,5.5,5.5,0
2013-09-13,5.75,5.75,5.75,5.75,5.75,900
2013-09-16,5.75,5.75,5.75,5.75,5.75,0
2013-09-17,5.75,5.75,5.75,5.75,5.75,0
2013-09-18,5.75,5.75,5.75,5.75,5.75,0
2013-09-19,5.599999904632568,5.599999904632568,5.599999904632568,5.599999904632568,5.599999904632568,1000
2013-09-20,5.5,5.849999904632568,5.400000095367432,5.5,5.5,1732
2013-09-23,5.5,5.5,5.5,5.5,5.5,0
2013-09-24,5.5,5.5,5.5,5.5,5.5,0
2013-09-25,5.5,5.5,5.5,5.5,5.5,0
2013-09-26,5.5,5.5,5.5,5.5,5.5,0
2013-09-27,5.5,5.5,5.5,5.5,5.5,0
2013-09-30,5.5,5.5,5.5,5.5,5.5,1200
2013-10-01,5.5,5.5,5.5,5.5,5.5,0
2013-10-03,5.5,5.5,5.25,5.5,5.5,1500
2013-10-04,5.5,5.5,5.5,5.5,5.5,0
2013-10-07,5.5,5.5,5.5,5.5,5.5,25
2013-10-08,5.25,5.25,5.25,5.25,5.25,1250
2013-10-09,5.5,5.5,5.5,5.5,5.5,6000
2013-10-10,5.5,5.5,5.5,5.5,5.5,0
2013-10-11,5.5,5.5,5.5,5.5,5.5,979
2013-10-14,5.25,5.25,5.25,5.25,5.25,793
2013-10-15,5.0,5.199999809265137,5.0,5.0,5.0,268
2013-10-17,4.75,4.800000190734863,4.75,4.75,4.75,70
2013-10-18,4.75,4.75,4.75,4.75,4.75,0
2013-10-21,4.75,4.75,4.75,4.75,4.75,0
2013-10-22,4.75,4.75,4.75,4.75,4.75,0
2013-10-23,4.75,4.75,4.75,4.75,4.75,0
2013-10-24,4.550000190734863,4.550000190734863,4.550000190734863,4.550000190734863,4.550000190734863,500
2013-10-25,4.75,4.75,4.75,4.75,4.75,10
2013-10-28,4.949999809265137,4.949999809265137,4.949999809265137,4.949999809265137,4.949999809265137,150
2013-10-29,4.949999809265137,4.949999809265137,4.949999809265137,4.949999809265137,4.949999809265137,0
2013-10-30,4.949999809265137,4.949999809265137,4.949999809265137,4.949999809265137,4.949999809265137,75
2013-10-31,4.949999809265137,4.949999809265137,4.949999809265137,4.949999809265137,4.949999809265137,0
2013-11-01,4.949999809265137,4.949999809265137,4.949999809265137,4.949999809265137,4.949999809265137,0
2013-11-05,4.949999809265137,4.949999809265137,4.949999809265137,4.949999809265137,4.949999809265137,0
2013-11-06,4.949999809265137,4.949999809265137,4.949999809265137,4.949999809265137,4.949999809265137,0
2013-11-07,4.75,4.75,4.75,4.75,4.75,500
2013-11-08,4.75,4.75,4.75,4.75,4.75,0
2013-11-11,4.75,4.75,4.75,4.75,4.75,0
2013-11-12,4.599999904632568,4.599999904632568,4.599999904632568,4.599999904632568,4.599999904632568,7
2013-11-13,4.800000190734863,4.800000190734863,4.800000190734863,4.800000190734863,4.800000190734863,232
2013-11-14,4.800000190734863,4.800000190734863,4.800000190734863,4.800000190734863,4.800000190734863,0
2013-11-18,5.0,5.0,5.0,5.0,5.0,100
2013-11-19,5.0,5.0,5.0,5.0,5.0,0
2013-11-20,5.0,5.0,5.0,5.0,5.0,0
2013-11-21,5.0,5.0,5.0,5.0,5.0,0
2013-11-22,5.0,5.0,5.0,5.0,5.0,0
2013-11-25,5.0,5.0,5.0,5.0,5.0,0
2013-11-26,5.0,5.0,5.0,5.0,5.0,0
2013-11-27,4.800000190734863,4.800000190734863,4.800000190734863,4.800000190734863,4.800000190734863,100
2013-11-28,5.0,5.0,5.0,5.0,5.0,75
2013-11-29,5.0,5.0,5.0,5.0,5.0,0
2013-12-02,5.0,5.0,5.0,5.0,5.0,0
2013-12-03,5.25,5.25,5.25,5.25,5.25,500
2013-12-04,5.25,5.25,5.25,5.25,5.25,0
2013-12-05,5.25,5.25,5.25,5.25,5.25,0
2013-12-06,5.25,5.25,5.25,5.25,5.25,0
2013-12-09,5.25,5.25,5.25,5.25,5.25,0
2013-12-10,5.25,5.25,5.25,5.25,5.25,0
2013-12-11,5.25,5.25,5.25,5.25,5.25,0
2013-12-12,5.0,5.0,5.0,5.0,5.0,150
2013-12-13,5.0,5.0,5.0,5.0,5.0,0
2013-12-16,5.25,5.25,5.25,5.25,5.25,685
2013-12-17,5.199999809265137,5.199999809265137,5.199999809265137,5.199999809265137,5.199999809265137,232
2013-12-18,5.199999809265137,5.199999809265137,5.199999809265137,5.199999809265137,5.199999809265137,0
2013-12-19,5.199999809265137,5.199999809265137,5.199999809265137,5.199999809265137,5.199999809265137,0
2013-12-20,5.199999809265137,5.199999809265137,5.199999809265137,5.199999809265137,5.199999809265137,0
2013-12-23,5.199999809265137,5.199999809265137,5.199999809265137,5.199999809265137,5.199999809265137,0
2013-12-24,5.199999809265137,5.199999809265137,5.199999809265137,5.199999809265137,5.199999809265137,0
2013-12-26,5.199999809265137,5.199999809265137,5.199999809265137,5.199999809265137,5.199999809265137,0
2013-12-27,5.199999809265137,5.199999809265137,5.199999809265137,5.199999809265137,5.199999809265137,0
2013-12-30,5.449999809265137,5.449999809265137,5.449999809265137,5.449999809265137,5.449999809265137,376
2013-12-31,5.699999809265137,5.699999809265137,5.699999809265137,5.699999809265137,5.699999809265137,605
2014-01-01,5.949999809265137,5.949999809265137,5.949999809265137,5.949999809265137,5.949999809265137,83
2014-01-02,6.199999809265137,6.199999809265137,6.199999809265137,6.199999809265137,6.199999809265137,96
2014-01-03,6.5,6.5,6.5,6.5,6.5,2255
2014-01-06,6.5,6.5,6.5,6.5,6.5,0
2014-01-07,6.5,6.5,6.5,6.5,6.5,0
2014-01-08,6.599999904632568,6.599999904632568,6.599999904632568,6.599999904632568,6.599999904632568,850
2014-01-09,6.849999904632568,6.849999904632568,6.849999904632568,6.849999904632568,6.849999904632568,2000
2014-01-10,6.550000190734863,6.550000190734863,6.550000190734863,6.550000190734863,6.550000190734863,650
2014-01-13,6.550000190734863,6.550000190734863,6.550000190734863,6.550000190734863,6.550000190734863,0
2014-01-14,6.550000190734863,6.550000190734863,6.550000190734863,6.550000190734863,6.550000190734863,0
2014-01-15,6.550000190734863,6.550000190734863,6.550000190734863,6.550000190734863,6.550000190734863,0
2014-01-16,6.550000190734863,6.550000190734863,6.550000190734863,6.550000190734863,6.550000190734863,0
2014-01-17,6.550000190734863,6.550000190734863,6.550000190734863,6.550000190734863,6.550000190734863,0
2014-01-20,6.550000190734863,6.550000190734863,6.550000190734863,6.550000190734863,6.550000190734863,0
2014-01-21,6.550000190734863,6.550000190734863,6.550000190734863,6.550000190734863,6.550000190734863,0
2014-01-22,6.550000190734863,6.550000190734863,6.550000190734863,6.550000190734863,6.550000190734863,0
2014-01-23,6.550000190734863,6.550000190734863,6.550000190734863,6.550000190734863,6.550000190734863,0
2014-01-24,6.550000190734863,6.550000190734863,6.550000190734863,6.550000190734863,6.550000190734863,0
2014-01-27,6.550000190734863,6.550000190734863,6.550000190734863,6.550000190734863,6.550000190734863,0
2014-01-28,6.550000190734863,6.550000190734863,6.550000190734863,6.550000190734863,6.550000190734863,0
2014-01-29,6.550000190734863,6.550000190734863,6.550000190734863,6.550000190734863,6.550000190734863,0
2014-01-30,6.550000190734863,6.550000190734863,6.550000190734863,6.550000190734863,6.550000190734863,0
2014-01-31,6.550000190734863,6.550000190734863,6.550000190734863,6.550000190734863,6.550000190734863,0
2014-02-03,6.550000190734863,6.550000190734863,6.550000190734863,6.550000190734863,6.550000190734863,0
2014-02-04,6.550000190734863,6.550000190734863,6.550000190734863,6.550000190734863,6.550000190734863,0
2014-02-05,6.550000190734863,6.550000190734863,6.550000190734863,6.550000190734863,6.550000190734863,0
2014-02-06,6.550000190734863,6.550000190734863,6.550000190734863,6.550000190734863,6.550000190734863,0
2014-02-07,6.550000190734863,6.550000190734863,6.550000190734863,6.550000190734863,6.550000190734863,0
2014-02-10,6.550000190734863,6.550000190734863,6.550000190734863,6.550000190734863,6.550000190734863,0
2014-02-11,6.550000190734863,6.550000190734863,6.550000190734863,6.550000190734863,6.550000190734863,0
2014-02-12,6.550000190734863,6.550000190734863,6.550000190734863,6.550000190734863,6.550000190734863,0
2014-02-13,6.550000190734863,6.550000190734863,6.550000190734863,6.550000190734863,6.550000190734863,0
2014-02-14,6.550000190734863,6.550000190734863,6.550000190734863,6.550000190734863,6.550000190734863,0
2014-02-17,6.550000190734863,6.550000190734863,6.550000190734863,6.550000190734863,6.550000190734863,0
2014-02-18,6.550000190734863,6.550000190734863,6.550000190734863,6.550000190734863,6.550000190734863,0
2014-02-19,6.550000190734863,6.550000190734863,6.550000190734863,6.550000190734863,6.550000190734863,0
2014-02-20,6.550000190734863,6.550000190734863,6.550000190734863,6.550000190734863,6.550000190734863,0
2014-02-21,6.550000190734863,6.550000190734863,6.550000190734863,6.550000190734863,6.550000190734863,0
2014-02-24,6.550000190734863,6.550000190734863,6.550000190734863,6.550000190734863,6.550000190734863,0
2014-02-25,6.25,6.25,6.25,6.25,6.25,100
2014-02-26,5.949999809265137,6.550000190734863,5.949999809265137,5.949999809265137,5.949999809265137,2100
2014-02-28,5.699999809265137,5.699999809265137,5.699999809265137,5.699999809265137,5.699999809265137,2345
2014-03-03,5.5,5.5,5.5,5.5,5.5,425
2014-03-04,5.5,5.5,5.5,5.5,5.5,0
2014-03-05,5.5,5.5,5.5,5.5,5.5,0
2014-03-06,5.5,5.5,5.5,5.5,5.5,464
2014-03-07,5.5,5.5,5.400000095367432,5.5,5.5,700
2014-03-10,5.5,5.5,5.5,5.5,5.5,0
2014-03-11,5.5,5.5,5.5,5.5,5.5,0
2014-03-12,5.5,5.5,5.5,5.5,5.5,0
2014-03-13,5.5,5.5,5.5,5.5,5.5,0
2014-03-14,5.650000095367432,5.699999809265137,5.650000095367432,5.650000095367432,5.650000095367432,2000
2014-03-18,5.5,5.5,5.5,5.5,5.5,1050
2014-03-19,5.5,5.5,5.5,5.5,5.5,0
2014-03-20,5.5,5.5,5.5,5.5,5.5,0
2014-03-21,5.25,5.25,5.25,5.25,5.25,201
2014-03-24,5.25,5.25,5.25,5.25,5.25,0
2014-03-25,5.25,5.25,5.25,5.25,5.25,0
2014-03-26,5.25,5.25,5.25,5.25,5.25,0
2014-03-27,5.0,5.0,5.0,5.0,5.0,25
2014-03-28,5.0,5.0,5.0,5.0,5.0,0
2014-03-31,5.25,5.25,5.25,5.25,5.25,734
2014-04-01,5.25,5.25,5.25,5.25,5.25,0
2014-04-02,5.099999904632568,5.099999904632568,5.0,5.099999904632568,5.099999904632568,1700
2014-04-03,5.099999904632568,5.099999904632568,5.099999904632568,5.099999904632568,5.099999904632568,0
2014-04-04,4.849999904632568,4.849999904632568,4.849999904632568,4.849999904632568,4.849999904632568,388
2014-04-07,5.0,5.0,5.0,5.0,5.0,10
2014-04-09,5.25,5.25,5.25,5.25,5.25,1032
2014-04-10,5.449999809265137,5.5,5.449999809265137,5.449999809265137,5.449999809265137,1600
2014-04-11,5.349999904632568,5.349999904632568,5.25,5.349999904632568,5.349999904632568,1025
2014-04-15,5.349999904632568,5.349999904632568,5.349999904632568,5.349999904632568,5.349999904632568,0
2014-04-16,5.349999904632568,5.349999904632568,5.349999904632568,5.349999904632568,5.349999904632568,0
2014-04-17,5.599999904632568,5.599999904632568,5.599999904632568,5.599999904632568,5.599999904632568,2000
2014-04-21,5.800000190734863,5.849999904632568,5.800000190734863,5.800000190734863,5.800000190734863,2445
2014-04-22,6.0,6.0,5.550000190734863,6.0,6.0,800
2014-04-23,6.199999809265137,6.300000190734863,6.199999809265137,6.199999809265137,6.199999809265137,465
2014-04-24,6.199999809265137,6.199999809265137,6.199999809265137,6.199999809265137,6.199999809265137,0
2014-04-25,6.199999809265137,6.199999809265137,6.199999809265137,6.199999809265137,6.199999809265137,0
2014-04-28,6.199999809265137,6.199999809265137,6.199999809265137,6.199999809265137,6.199999809265137,0
2014-04-29,6.199999809265137,6.199999809265137,6.199999809265137,6.199999809265137,6.199999809265137,0
2014-04-30,6.199999809265137,6.199999809265137,6.199999809265137,6.199999809265137,6.199999809265137,0
2014-05-02,6.199999809265137,6.199999809265137,6.199999809265137,6.199999809265137,6.199999809265137,0
2014-05-05,6.199999809265137,6.199999809265137,6.199999809265137,6.199999809265137,6.199999809265137,0
2014-05-06,5.900000095367432,5.900000095367432,5.900000095367432,5.900000095367432,5.900000095367432,452
2014-05-07,6.0,6.0,6.0,6.0,6.0,300
2014-05-08,6.0,6.0,6.0,6.0,6.0,0
2014-05-09,6.300000190734863,6.300000190734863,6.300000190734863,6.300000190734863,6.300000190734863,131
2014-05-12,6.5,6.599999904632568,6.300000190734863,6.5,6.5,2360
2014-05-13,6.5,6.5,6.5,6.5,6.5,1239
2014-05-14,6.300000190734863,6.300000190734863,6.300000190734863,6.300000190734863,6.300000190734863,479
2014-05-15,6.599999904632568,6.599999904632568,6.400000095367432,6.599999904632568,6.599999904632568,1982
2014-05-16,6.300000190734863,6.300000190734863,6.300000190734863,6.300000190734863,6.300000190734863,297
2014-05-19,6.300000190734863,6.300000190734863,6.300000190734863,6.300000190734863,6.300000190734863,0
2014-05-20,6.550000190734863,6.550000190734863,6.550000190734863,6.550000190734863,6.550000190734863,750
2014-05-21,6.849999904632568,6.849999904632568,6.849999904632568,6.849999904632568,6.849999904632568,1150
2014-05-22,7.099999904632568,7.150000095367432,7.0,7.099999904632568,7.099999904632568,1414
2014-05-23,7.449999809265137,7.449999809265137,7.449999809265137,7.449999809265137,7.449999809265137,700
2014-05-26,7.800000190734863,7.800000190734863,7.800000190734863,7.800000190734863,7.800000190734863,1677
2014-05-27,7.800000190734863,7.800000190734863,7.800000190734863,7.800000190734863,7.800000190734863,0
2014-05-28,8.149999618530273,8.149999618530273,8.149999618530273,8.149999618530273,8.149999618530273,710
2014-05-29,8.449999809265137,8.449999809265137,8.449999809265137,8.449999809265137,8.449999809265137,2297
2014-05-30,8.050000190734863,8.199999809265137,8.199999809265137,8.199999809265137,8.199999809265137,177
2014-06-02,8.399999618530273,8.399999618530273,8.399999618530273,8.399999618530273,8.399999618530273,3
2014-06-03,8.399999618530273,8.399999618530273,8.399999618530273,8.399999618530273,8.399999618530273,0
2014-06-04,8.399999618530273,8.399999618530273,8.399999618530273,8.399999618530273,8.399999618530273,0
2014-06-05,8.800000190734863,8.800000190734863,8.800000190734863,8.800000190734863,8.800000190734863,111
2014-06-06,8.399999618530273,8.399999618530273,8.399999618530273,8.399999618530273,8.399999618530273,862
2014-06-09,8.399999618530273,8.399999618530273,8.399999618530273,8.399999618530273,8.399999618530273,0
2014-06-10,8.399999618530273,8.399999618530273,8.399999618530273,8.399999618530273,8.399999618530273,0
2014-06-11,8.399999618530273,8.399999618530273,8.399999618530273,8.399999618530273,8.399999618530273,0
2014-06-12,8.399999618530273,8.399999618530273,8.399999618530273,8.399999618530273,8.399999618530273,0
2014-06-13,8.800000190734863,8.800000190734863,8.800000190734863,8.800000190734863,8.800000190734863,200
2014-06-16,8.800000190734863,8.800000190734863,8.800000190734863,8.800000190734863,8.800000190734863,0
2014-06-17,8.800000190734863,8.800000190734863,8.800000190734863,8.800000190734863,8.800000190734863,0
2014-06-18,8.800000190734863,8.800000190734863,8.800000190734863,8.800000190734863,8.800000190734863,0
2014-06-19,8.800000190734863,8.800000190734863,8.800000190734863,8.800000190734863,8.800000190734863,0
2014-06-20,9.050000190734863,9.050000190734863,9.050000190734863,9.050000190734863,9.050000190734863,1000
2014-06-23,9.100000381469727,9.100000381469727,9.100000381469727,9.100000381469727,9.100000381469727,1000
2014-06-24,9.100000381469727,9.100000381469727,9.100000381469727,9.100000381469727,9.100000381469727,0
2014-06-25,9.0,9.0,9.0,9.0,9.0,432
2014-06-26,9.399999618530273,9.399999618530273,9.399999618530273,9.399999618530273,9.399999618530273,100
2014-06-27,9.850000381469727,9.850000381469727,9.850000381469727,9.850000381469727,9.850000381469727,1000
2014-06-30,9.850000381469727,9.850000381469727,9.850000381469727,9.850000381469727,9.850000381469727,0
2014-07-01,10.25,10.25,10.25,10.25,10.25,20
2014-07-02,9.850000381469727,10.300000190734863,9.800000190734863,9.850000381469727,9.850000381469727,618
2014-07-03,9.850000381469727,9.850000381469727,9.850000381469727,9.850000381469727,9.850000381469727,201
2014-07-04,9.800000190734863,9.850000381469727,9.800000190734863,9.800000190734863,9.800000190734863,1247
2014-07-07,9.800000190734863,9.800000190734863,9.800000190734863,9.800000190734863,9.800000190734863,0
2014-07-08,9.800000190734863,9.800000190734863,9.800000190734863,9.800000190734863,9.800000190734863,0
2014-07-09,9.800000190734863,9.800000190734863,9.800000190734863,9.800000190734863,9.800000190734863,0
2014-07-10,9.800000190734863,9.800000190734863,9.800000190734863,9.800000190734863,9.800000190734863,0
2014-07-11,9.800000190734863,9.800000190734863,9.800000190734863,9.800000190734863,9.800000190734863,0
2014-07-14,9.350000381469727,9.350000381469727,9.350000381469727,9.350000381469727,9.350000381469727,50
2014-07-15,8.899999618530273,9.0,8.899999618530273,8.899999618530273,8.899999618530273,3301
2014-07-16,9.100000381469727,9.100000381469727,8.5,8.800000190734863,8.800000190734863,1853
2014-07-17,8.800000190734863,8.800000190734863,8.800000190734863,8.800000190734863,8.800000190734863,0
2014-07-18,9.100000381469727,9.199999809265137,8.649999618530273,8.649999618530273,8.649999618530273,601
2014-07-21,8.699999809265137,8.699999809265137,8.399999618530273,8.399999618530273,8.399999618530273,860
2014-07-22,8.25,8.75,8.149999618530273,8.649999618530273,8.649999618530273,1215
2014-07-23,8.399999618530273,8.399999618530273,8.399999618530273,8.399999618530273,8.399999618530273,1539
2014-07-24,8.0,8.0,8.0,8.0,8.0,1800
2014-07-25,7.650000095367432,7.650000095367432,7.650000095367432,7.650000095367432,7.650000095367432,200
2014-07-28,7.650000095367432,7.650000095367432,7.650000095367432,7.650000095367432,7.650000095367432,102
2014-07-30,8.0,8.0,7.75,7.800000190734863,7.800000190734863,1161
2014-07-31,7.449999809265137,7.449999809265137,7.449999809265137,7.449999809265137,7.449999809265137,1134
2014-08-01,7.199999809265137,7.199999809265137,7.199999809265137,7.199999809265137,7.199999809265137,63
2014-08-04,7.550000190734863,7.550000190734863,7.550000190734863,7.550000190734863,7.550000190734863,100
2014-08-05,7.599999904632568,7.900000095367432,7.599999904632568,7.650000095367432,7.650000095367432,2400
2014-08-06,8.0,8.0,8.0,8.0,8.0,815
2014-08-07,7.650000095367432,8.199999809265137,7.650000095367432,8.199999809265137,8.199999809265137,1295
2014-08-08,8.199999809265137,8.199999809265137,8.199999809265137,8.199999809265137,8.199999809265137,0
2014-08-11,8.300000190734863,8.300000190734863,8.300000190734863,8.300000190734863,8.300000190734863,6
2014-08-12,8.050000190734863,8.050000190734863,8.050000190734863,8.050000190734863,8.050000190734863,10
2014-08-13,8.0,8.399999618530273,8.0,8.350000381469727,8.350000381469727,590
2014-08-14,8.399999618530273,8.399999618530273,7.949999809265137,8.0,8.0,2595
2014-08-18,8.399999618530273,8.399999618530273,8.399999618530273,8.399999618530273,8.399999618530273,204
2014-08-19,8.0,8.0,8.0,8.0,8.0,285
2014-08-20,8.149999618530273,8.350000381469727,8.050000190734863,8.050000190734863,8.050000190734863,287
2014-08-21,7.900000095367432,8.449999809265137,7.900000095367432,8.449999809265137,8.449999809265137,201
2014-08-22,8.050000190734863,8.25,8.050000190734863,8.25,8.25,460
2014-08-25,8.25,8.399999618530273,8.0,8.399999618530273,8.399999618530273,635
2014-08-26,8.050000190734863,8.149999618530273,8.050000190734863,8.149999618530273,8.149999618530273,1143
2014-08-27,8.550000190734863,8.550000190734863,8.550000190734863,8.550000190734863,8.550000190734863,142
2014-08-28,8.550000190734863,8.899999618530273,8.25,8.899999618530273,8.899999618530273,14702
2014-09-01,8.899999618530273,8.899999618530273,8.899999618530273,8.899999618530273,8.899999618530273,0
2014-09-02,8.899999618530273,8.899999618530273,8.899999618530273,8.899999618530273,8.899999618530273,0
2014-09-03,9.25,9.25,8.5,8.550000190734863,8.550000190734863,298
2014-09-04,8.300000190734863,8.949999809265137,8.300000190734863,8.949999809265137,8.949999809265137,24
2014-09-05,8.5,8.699999809265137,8.149999618530273,8.600000381469727,8.600000381469727,1176
2014-09-08,8.0,9.449999809265137,8.0,9.399999618530273,9.399999618530273,1230
2014-09-09,8.649999618530273,10.300000190734863,8.649999618530273,10.300000190734863,10.300000190734863,3140
2014-09-10,11.300000190734863,11.300000190734863,10.600000381469727,11.300000190734863,11.300000190734863,7792
2014-09-11,11.850000381469727,11.850000381469727,11.050000190734863,11.800000190734863,11.800000190734863,7755
2014-09-12,11.949999809265137,12.350000381469727,11.949999809265137,12.350000381469727,12.350000381469727,3692
2014-09-15,12.899999618530273,12.949999809265137,12.199999809265137,12.800000190734863,12.800000190734863,11105
2014-09-16,12.199999809265137,13.399999618530273,12.199999809265137,13.199999809265137,13.199999809265137,14573
2014-09-17,13.75,13.850000381469727,13.199999809265137,13.850000381469727,13.850000381469727,8184
2014-09-18,14.399999618530273,14.5,14.399999618530273,14.5,14.5,10666
2014-09-19,15.199999809265137,15.199999809265137,15.0,15.199999809265137,15.199999809265137,14610
2014-09-22,15.899999618530273,15.949999809265137,15.699999809265137,15.949999809265137,15.949999809265137,5334
2014-09-23,16.200000762939453,16.700000762939453,15.199999809265137,15.199999809265137,15.199999809265137,15383
2014-09-24,14.5,14.649999618530273,14.449999809265137,14.449999809265137,14.449999809265137,3727
2014-09-25,13.949999809265137,13.949999809265137,13.75,13.75,13.75,150
2014-09-26,13.100000381469727,13.100000381469727,13.100000381469727,13.100000381469727,13.100000381469727,462
2014-09-29,13.0,13.149999618530273,12.449999809265137,12.5,12.5,2543
2014-09-30,12.0,12.0,11.899999618530273,11.949999809265137,11.949999809265137,1750
2014-10-01,11.399999618530273,11.399999618530273,11.399999618530273,11.399999618530273,11.399999618530273,825
2014-10-07,10.850000381469727,10.850000381469727,10.850000381469727,10.850000381469727,10.850000381469727,2114
2014-10-08,10.350000381469727,10.75,10.350000381469727,10.75,10.75,1751
2014-10-09,10.300000190734863,11.199999809265137,10.25,10.600000381469727,10.600000381469727,3170
2014-10-10,10.100000381469727,10.800000190734863,10.100000381469727,10.800000190734863,10.800000190734863,2854
2014-10-13,10.5,10.5,10.5,10.5,10.5,340
2014-10-14,10.0,10.0,10.0,10.0,10.0,310
2014-10-15,10.0,10.0,10.0,10.0,10.0,0
2014-10-16,10.0,10.5,9.600000381469727,9.600000381469727,9.600000381469727,885
2014-10-17,10.050000190734863,10.050000190734863,10.050000190734863,10.050000190734863,10.050000190734863,577
2014-10-20,10.550000190734863,10.550000190734863,10.149999618530273,10.550000190734863,10.550000190734863,7523
2014-10-21,10.550000190734863,11.0,10.550000190734863,11.0,11.0,201
2014-10-22,11.0,11.550000190734863,11.0,11.550000190734863,11.550000190734863,1250
2014-10-27,11.0,11.0,11.0,11.0,11.0,500
2014-10-28,11.0,11.0,11.0,11.0,11.0,0
2014-10-29,11.550000190734863,11.550000190734863,11.550000190734863,11.550000190734863,11.550000190734863,100
2014-10-30,12.100000381469727,12.100000381469727,11.0,11.25,11.25,3274
2014-10-31,11.300000190734863,11.800000190734863,11.300000190734863,11.75,11.75,1083
2014-11-03,11.75,12.25,11.300000190734863,11.800000190734863,11.800000190734863,1475
2014-11-05,11.649999618530273,11.649999618530273,11.350000381469727,11.399999618530273,11.399999618530273,2467
2014-11-07,11.5,11.5,10.850000381469727,11.5,11.5,1256
2014-11-10,11.0,12.050000190734863,11.0,12.050000190734863,12.050000190734863,6448
2014-11-11,11.0,12.399999618530273,11.0,12.399999618530273,12.399999618530273,1182
2014-11-12,11.350000381469727,12.25,11.350000381469727,11.600000381469727,11.600000381469727,5313
2014-11-13,11.0,11.100000381469727,10.600000381469727,10.600000381469727,10.600000381469727,1211
2014-11-14,10.550000190734863,10.550000190734863,10.550000190734863,10.550000190734863,10.550000190734863,1000
2014-11-17,10.5,10.5,9.600000381469727,9.949999809265137,9.949999809265137,2032
2014-11-18,9.949999809265137,10.800000190734863,9.300000190734863,10.550000190734863,10.550000190734863,1787
2014-11-19,10.649999618530273,10.949999809265137,10.449999809265137,10.550000190734863,10.550000190734863,2058
2014-11-20,10.5,10.75,9.800000190734863,9.800000190734863,9.800000190734863,400
2014-11-21,9.0,10.75,9.0,10.699999809265137,10.699999809265137,1036
2014-11-24,9.800000190734863,10.0,9.800000190734863,9.899999618530273,9.899999618530273,251
2014-11-25,9.899999618530273,10.5,9.600000381469727,10.050000190734863,10.050000190734863,1225
2014-11-26,11.0,11.0,9.5,10.600000381469727,10.600000381469727,4218
2014-11-27,9.699999809265137,10.5,9.550000190734863,10.5,10.5,706
2014-11-28,9.800000190734863,10.199999809265137,9.800000190734863,10.0,10.0,2960
2014-12-01,10.0,10.399999618530273,9.850000381469727,10.399999618530273,10.399999618530273,313
2014-12-02,10.5,10.5,10.350000381469727,10.350000381469727,10.350000381469727,1207
2014-12-03,10.350000381469727,10.350000381469727,10.350000381469727,10.350000381469727,10.350000381469727,0
2014-12-04,10.350000381469727,10.350000381469727,10.350000381469727,10.350000381469727,10.350000381469727,0
2014-12-05,10.75,11.0,10.449999809265137,10.899999618530273,10.899999618530273,817
2014-12-08,9.850000381469727,10.649999618530273,9.850000381469727,10.149999618530273,10.149999618530273,1323
2014-12-09,11.0,11.149999618530273,11.0,11.149999618530273,11.149999618530273,3808
2014-12-10,11.0,11.100000381469727,11.0,11.0,11.0,210
2014-12-11,10.100000381469727,11.5,10.100000381469727,11.5,11.5,882
2014-12-12,11.5,11.5,11.5,11.5,11.5,0
2014-12-15,11.0,11.300000190734863,10.350000381469727,10.350000381469727,10.350000381469727,333
2014-12-16,10.350000381469727,10.350000381469727,10.350000381469727,10.350000381469727,10.350000381469727,0
2014-12-17,9.75,10.899999618530273,9.75,10.350000381469727,10.350000381469727,1900
2014-12-18,10.350000381469727,10.350000381469727,10.350000381469727,10.350000381469727,10.350000381469727,0
2014-12-19,10.350000381469727,10.350000381469727,10.350000381469727,10.350000381469727,10.350000381469727,0
2014-12-22,9.550000190734863,11.199999809265137,9.5,11.199999809265137,11.199999809265137,2084
2014-12-23,10.100000381469727,10.899999618530273,10.100000381469727,10.899999618530273,10.899999618530273,1725
2014-12-24,10.550000190734863,10.649999618530273,10.550000190734863,10.649999618530273,10.649999618530273,800
2014-12-26,11.0,11.699999809265137,11.0,11.649999618530273,11.649999618530273,2693
2014-12-29,11.649999618530273,12.800000190734863,11.649999618530273,11.800000190734863,11.800000190734863,4877
2014-12-30,11.800000190734863,11.800000190734863,11.800000190734863,11.800000190734863,11.800000190734863,0
2014-12-31,10.899999618530273,12.350000381469727,10.899999618530273,11.550000190734863,11.550000190734863,1608
2015-01-01,10.850000381469727,11.0,10.800000190734863,10.949999809265137,10.949999809265137,991
2015-01-02,10.449999809265137,12.0,10.449999809265137,12.0,12.0,1774
2015-01-05,12.949999809265137,14.399999618530273,12.600000381469727,14.399999618530273,14.399999618530273,7504
2015-01-06,14.25,16.450000762939453,12.699999809265137,15.649999618530273,15.649999618530273,26616
2015-01-07,16.700000762939453,17.200000762939453,16.700000762939453,17.200000762939453,17.200000762939453,25984
2015-01-08,18.899999618530273,18.899999618530273,18.850000381469727,18.899999618530273,18.899999618530273,17760
2015-01-09,20.75,20.75,20.75,20.75,20.75,17008
2015-01-12,21.75,21.75,21.75,21.75,21.75,17595
2015-01-13,22.700000762939453,22.700000762939453,20.700000762939453,20.700000762939453,20.700000762939453,47328
2015-01-14,20.0,20.0,19.700000762939453,19.700000762939453,19.700000762939453,2282
2015-01-15,18.75,19.200000762939453,18.75,18.75,18.75,1789
2015-01-16,17.850000381469727,18.799999237060547,17.850000381469727,17.850000381469727,17.850000381469727,12300
2015-01-19,17.799999237060547,18.700000762939453,17.799999237060547,18.700000762939453,18.700000762939453,9732
2015-01-20,19.5,19.600000381469727,19.100000381469727,19.549999237060547,19.549999237060547,9653
2015-01-21,19.549999237060547,19.850000381469727,18.649999618530273,18.649999618530273,18.649999618530273,10388
2015-01-22,18.600000381469727,19.549999237060547,18.149999618530273,19.0,19.0,14445
2015-01-23,18.25,18.950000762939453,18.049999237060547,18.200000762939453,18.200000762939453,3775
2015-01-27,17.399999618530273,17.600000381469727,17.299999237060547,17.299999237060547,17.299999237060547,4699
2015-01-28,17.5,17.5,16.450000762939453,16.450000762939453,16.450000762939453,3984
2015-01-29,16.200000762939453,17.25,15.649999618530273,15.699999809265137,15.699999809265137,14966
2015-01-30,16.450000762939453,16.450000762939453,15.149999618530273,15.899999618530273,15.899999618530273,7030
2015-02-02,16.25,16.299999237060547,15.649999618530273,16.100000381469727,16.100000381469727,1815
2015-02-03,16.25,16.399999618530273,15.75,15.800000190734863,15.800000190734863,6385
2015-02-04,16.25,16.25,15.399999618530273,15.600000381469727,15.600000381469727,802
2015-02-05,16.299999237060547,16.299999237060547,15.350000381469727,16.100000381469727,16.100000381469727,250
2015-02-06,15.300000190734863,15.5,15.300000190734863,15.300000190734863,15.300000190734863,3435
2015-02-09,15.050000190734863,15.050000190734863,14.550000190734863,14.600000381469727,14.600000381469727,1350
2015-02-10,15.0,15.0,14.0,14.899999618530273,14.899999618530273,1961
2015-02-11,15.550000190734863,15.600000381469727,14.5,15.399999618530273,15.399999618530273,514
2015-02-12,15.800000190734863,16.0,14.75,15.300000190734863,15.300000190734863,1222
2015-02-13,15.75,15.850000381469727,14.699999809265137,14.75,14.75,1231
2015-02-16,15.0,15.449999809265137,15.0,15.449999809265137,15.449999809265137,515
2015-02-18,15.449999809265137,16.200000762939453,14.800000190734863,16.200000762939453,16.200000762939453,1712
2015-02-19,15.649999618530273,16.950000762939453,15.600000381469727,15.949999809265137,15.949999809265137,2720
2015-02-20,15.75,16.200000762939453,15.75,16.200000762939453,16.200000762939453,250
2015-02-23,16.899999618530273,16.899999618530273,15.399999618530273,15.5,15.5,4105
2015-02-24,15.25,15.25,14.75,14.75,14.75,1242
2015-02-25,15.399999618530273,15.449999809265137,14.399999618530273,15.300000190734863,15.300000190734863,3508
2015-02-26,15.5,15.600000381469727,14.550000190734863,15.550000190734863,15.550000190734863,1080
2015-02-27,15.100000381469727,15.800000190734863,14.850000381469727,15.699999809265137,15.699999809265137,2187
2015-03-02,14.25,14.550000190734863,14.25,14.449999809265137,14.449999809265137,3509
2015-03-03,13.75,15.0,13.75,13.850000381469727,13.850000381469727,2560
2015-03-04,14.5,14.5,13.199999809265137,14.350000381469727,14.350000381469727,8360
2015-03-05,14.5,14.600000381469727,13.699999809265137,13.699999809265137,13.699999809265137,519
2015-03-09,14.699999809265137,14.699999809265137,13.5,13.5,13.5,901
2015-03-10,13.5,14.300000190734863,13.399999618530273,14.300000190734863,14.300000190734863,1150
2015-03-11,13.399999618530273,13.75,13.399999618530273,13.75,13.75,350
2015-03-12,15.0,15.0,13.0,14.399999618530273,14.399999618530273,514
2015-03-13,13.5,15.100000381469727,13.5,13.699999809265137,13.699999809265137,1602
2015-03-16,13.0,14.850000381469727,12.649999618530273,13.050000190734863,13.050000190734863,1864
2015-03-17,12.649999618530273,13.25,12.649999618530273,13.25,13.25,2123
2015-03-18,12.800000190734863,13.350000381469727,12.75,13.300000190734863,13.300000190734863,384
2015-03-19,13.149999618530273,13.949999809265137,12.850000381469727,13.100000381469727,13.100000381469727,4674
2015-03-20,12.600000381469727,13.25,12.449999809265137,13.25,13.25,2232
2015-03-23,13.850000381469727,13.850000381469727,12.800000190734863,13.449999809265137,13.449999809265137,2373
2015-03-24,13.75,13.75,13.25,13.25,13.25,1255
2015-03-25,13.0,13.0,12.600000381469727,12.600000381469727,12.600000381469727,3000
2015-03-26,12.399999618530273,12.399999618530273,12.25,12.25,12.25,2014
2015-03-27,12.600000381469727,12.600000381469727,11.800000190734863,12.25,12.25,2350
2015-03-30,11.649999618530273,12.0,11.649999618530273,12.0,12.0,332
2015-03-31,12.5,12.5,11.449999809265137,11.600000381469727,11.600000381469727,1892
2015-04-01,12.149999618530273,12.149999618530273,12.149999618530273,12.149999618530273,12.149999618530273,800
2015-04-06,12.149999618530273,12.75,12.149999618530273,12.75,12.75,688
2015-04-07,13.050000190734863,13.050000190734863,12.149999618530273,13.0,13.0,306
2015-04-08,13.5,13.5,13.5,13.5,13.5,10
2015-04-09,13.050000190734863,13.050000190734863,12.5,12.649999618530273,12.649999618530273,1962
2015-04-10,12.25,13.850000381469727,12.25,12.899999618530273,12.899999618530273,3560
2015-04-13,12.949999809265137,14.0,12.949999809265137,13.75,13.75,1015
2015-04-15,13.75,14.0,13.350000381469727,14.0,14.0,512
2015-04-16,13.0,14.449999809265137,13.0,14.300000190734863,14.300000190734863,3290
2015-04-17,13.399999618530273,13.699999809265137,13.399999618530273,13.699999809265137,13.699999809265137,1900
2015-04-20,12.649999618530273,13.5,12.649999618530273,13.5,13.5,332
2015-04-21,14.25,14.25,12.300000190734863,12.300000190734863,12.300000190734863,502
2015-04-22,13.449999809265137,13.5,12.850000381469727,13.449999809265137,13.449999809265137,5273
2015-04-23,14.25,14.25,12.949999809265137,13.600000381469727,13.600000381469727,310
2015-04-24,12.5,14.300000190734863,12.5,12.949999809265137,12.949999809265137,202
2015-04-27,12.050000190734863,12.699999809265137,11.899999618530273,11.899999618530273,11.899999618530273,3155
2015-04-28,12.0,12.399999618530273,11.399999618530273,12.399999618530273,12.399999618530273,370
2015-04-29,11.5,12.0,11.5,12.0,12.0,150
2015-04-30,12.0,12.0,12.0,12.0,12.0,0
2015-05-04,10.699999809265137,13.699999809265137,10.5,11.649999618530273,11.649999618530273,633
2015-05-05,13.199999809265137,13.399999618530273,13.199999809265137,13.399999618530273,13.399999618530273,160
2015-05-06,11.600000381469727,13.149999618530273,11.600000381469727,13.149999618530273,13.149999618530273,300
2015-05-07,14.449999809265137,14.449999809265137,11.800000190734863,12.899999618530273,12.899999618530273,1257
2015-05-08,14.899999618530273,14.899999618530273,11.949999809265137,13.899999618530273,13.899999618530273,233
2015-05-11,11.350000381469727,14.399999618530273,11.350000381469727,12.199999809265137,12.199999809265137,2860
2015-05-12,11.899999618530273,13.550000190734863,11.899999618530273,13.550000190734863,13.550000190734863,1050
2015-05-13,14.449999809265137,14.449999809265137,11.550000190734863,12.050000190734863,12.050000190734863,1569
2015-05-14,11.949999809265137,12.399999618530273,11.949999809265137,12.0,12.0,3210
2015-05-15,11.949999809265137,13.100000381469727,11.25,11.449999809265137,11.449999809265137,903
2015-05-18,11.350000381469727,11.350000381469727,11.350000381469727,11.350000381469727,11.350000381469727,180
2015-05-19,13.050000190734863,13.600000381469727,13.050000190734863,13.600000381469727,13.600000381469727,5802
2015-05-20,15.800000190734863,15.800000190734863,13.100000381469727,14.199999809265137,14.199999809265137,4762
2015-05-21,13.100000381469727,16.5,13.100000381469727,15.899999618530273,15.899999618530273,17250
2015-05-22,16.399999618530273,18.850000381469727,15.399999618530273,15.75,15.75,9920
2015-05-25,14.25,15.300000190734863,13.050000190734863,14.100000381469727,14.100000381469727,5449
2015-05-26,13.199999809265137,16.899999618530273,13.199999809265137,16.899999618530273,16.899999618530273,18537
2015-05-27,17.049999237060547,17.5,16.5,16.5,16.5,15273
2015-05-28,16.899999618530273,16.899999618530273,16.75,16.75,16.75,5422
2015-05-29,14.899999618530273,18.0,14.899999618530273,15.649999618530273,15.649999618530273,3767
2015-06-01,15.850000381469727,17.200000762939453,15.850000381469727,16.049999237060547,16.049999237060547,2690
2015-06-02,15.0,18.0,15.0,15.899999618530273,15.899999618530273,5331
2015-06-03,16.0,17.799999237060547,14.300000190734863,14.649999618530273,14.649999618530273,10964
2015-06-04,13.5,17.200000762939453,13.199999809265137,16.75,16.75,11783
2015-06-05,16.049999237060547,16.049999237060547,15.25,16.049999237060547,16.049999237060547,765
2015-06-08,14.550000190734863,15.899999618530273,14.050000190734863,15.050000190734863,15.050000190734863,8022
2015-06-09,14.550000190734863,16.950000762939453,14.550000190734863,16.899999618530273,16.899999618530273,3579
2015-06-10,17.0,17.100000381469727,16.299999237060547,16.600000381469727,16.600000381469727,5980
2015-06-11,16.5,17.0,16.5,16.75,16.75,753
2015-06-12,16.25,17.149999618530273,16.25,16.25,16.25,2102
2015-06-15,14.649999618530273,17.950000762939453,14.5,16.0,16.0,1987
2015-06-16,17.799999237060547,17.799999237060547,15.25,15.449999809265137,15.449999809265137,2587
2015-06-17,15.0,16.850000381469727,15.0,15.899999618530273,15.899999618530273,1389
2015-06-18,15.25,16.25,15.25,15.300000190734863,15.300000190734863,1004
2015-06-19,15.5,15.550000190734863,15.5,15.550000190734863,15.550000190734863,791
2015-06-22,15.0,16.950000762939453,14.75,15.850000381469727,15.850000381469727,600
2015-06-23,17.0,17.299999237060547,14.5,17.049999237060547,17.049999237060547,7195
2015-06-24,17.25,17.25,15.949999809265137,15.949999809265137,15.949999809265137,700
2015-06-25,15.649999618530273,15.649999618530273,15.649999618530273,15.649999618530273,15.649999618530273,100
2015-06-26,15.199999809265137,17.350000381469727,15.199999809265137,16.850000381469727,16.850000381469727,915
2015-06-29,14.600000381469727,17.0,14.600000381469727,17.0,17.0,1577
2015-06-30,16.049999237060547,16.100000381469727,16.049999237060547,16.049999237060547,16.049999237060547,679
2015-07-01,15.25,16.5,15.25,16.450000762939453,16.450000762939453,2648
2015-07-02,15.550000190734863,17.0,15.550000190734863,16.950000762939453,16.950000762939453,1041
2015-07-03,16.600000381469727,16.600000381469727,16.0,16.100000381469727,16.100000381469727,2061
2015-07-06,16.049999237060547,16.25,16.049999237060547,16.049999237060547,16.049999237060547,2296
2015-07-07,16.25,17.25,16.25,16.5,16.5,1527
2015-07-08,16.5,16.5,15.5,15.5,15.5,1930
2015-07-09,15.899999618530273,16.5,15.550000190734863,16.0,16.0,1851
2015-07-10,14.850000381469727,16.799999237060547,14.850000381469727,15.25,15.25,1253
2015-07-13,15.25,16.450000762939453,15.050000190734863,16.350000381469727,16.350000381469727,5101
2015-07-14,15.699999809265137,16.5,15.300000190734863,16.350000381469727,16.350000381469727,5030
2015-07-15,14.75,16.850000381469727,14.75,15.550000190734863,15.550000190734863,2014
2015-07-16,15.550000190734863,15.550000190734863,14.5,15.300000190734863,15.300000190734863,14803
2015-07-17,17.0,17.0,15.199999809265137,15.300000190734863,15.300000190734863,658
2015-07-20,18.299999237060547,18.299999237060547,14.25,15.100000381469727,15.100000381469727,589
2015-07-21,15.600000381469727,15.600000381469727,15.600000381469727,15.600000381469727,15.600000381469727,3012
2015-07-22,15.0,15.0,15.0,15.0,15.0,98
2015-07-23,15.0,15.800000190734863,14.850000381469727,15.050000190734863,15.050000190734863,231
2015-07-24,15.0,15.899999618530273,15.0,15.899999618530273,15.899999618530273,2942
2015-07-27,14.899999618530273,14.899999618530273,14.899999618530273,14.899999618530273,14.899999618530273,400
2015-07-28,16.0,16.0,14.649999618530273,14.649999618530273,14.649999618530273,450
2015-07-29,14.75,15.5,14.699999809265137,14.699999809265137,14.699999809265137,106
2015-07-30,15.0,15.449999809265137,14.050000190734863,14.550000190734863,14.550000190734863,4292
2015-07-31,14.0,15.449999809265137,14.0,15.300000190734863,15.300000190734863,7964
2015-08-03,14.399999618530273,15.300000190734863,14.399999618530273,15.300000190734863,15.300000190734863,78
2015-08-04,15.25,15.75,15.0,15.050000190734863,15.050000190734863,1106
2015-08-05,15.0,16.25,15.0,15.149999618530273,15.149999618530273,2165
2015-08-06,15.0,18.149999618530273,15.0,17.549999237060547,17.549999237060547,25184
2015-08-07,19.799999237060547,19.799999237060547,17.200000762939453,18.25,18.25,16765
2015-08-10,17.600000381469727,18.200000762939453,17.549999237060547,17.75,17.75,4291
2015-08-11,18.0,18.0,16.549999237060547,16.649999618530273,16.649999618530273,4225
2015-08-12,15.550000190734863,19.149999618530273,15.550000190734863,15.800000190734863,15.800000190734863,4641
2015-08-13,15.399999618530273,16.0,15.25,15.25,15.25,1150
2015-08-14,15.350000381469727,16.899999618530273,15.350000381469727,15.350000381469727,15.350000381469727,1907
2015-08-17,15.25,15.25,15.100000381469727,15.149999618530273,15.149999618530273,2100
2015-08-18,14.100000381469727,16.700000762939453,14.100000381469727,15.300000190734863,15.300000190734863,8608
2015-08-19,15.850000381469727,16.700000762939453,15.649999618530273,16.700000762939453,16.700000762939453,3950
2015-08-20,15.449999809265137,15.449999809265137,15.25,15.25,15.25,1101
2015-08-21,14.5,15.899999618530273,14.5,14.600000381469727,14.600000381469727,203
2015-08-24,14.300000190734863,16.600000381469727,13.149999618530273,13.850000381469727,13.850000381469727,1476
2015-08-25,13.850000381469727,14.899999618530273,12.25,12.649999618530273,12.649999618530273,1736
2015-08-26,11.75,13.550000190734863,11.75,12.149999618530273,12.149999618530273,616
2015-08-27,13.350000381469727,13.800000190734863,12.350000381469727,13.350000381469727,13.350000381469727,355
2015-08-28,13.0,15.25,12.75,14.399999618530273,14.399999618530273,1689
2015-08-31,14.75,14.75,13.199999809265137,14.5,14.5,977
2015-09-01,13.0,13.5,13.0,13.5,13.5,110
2015-09-02,12.600000381469727,15.0,12.600000381469727,14.550000190734863,14.550000190734863,1906
2015-09-03,13.399999618530273,15.100000381469727,13.399999618530273,14.5,14.5,77
2015-09-04,13.5,16.0,13.5,15.399999618530273,15.399999618530273,7941
2015-09-07,13.5,14.949999809265137,13.5,14.25,14.25,250
2015-09-08,13.0,16.0,13.0,15.75,15.75,2225
2015-09-09,12.600000381469727,16.950000762939453,12.600000381469727,14.300000190734863,14.300000190734863,1392
2015-09-10,15.199999809265137,15.899999618530273,15.199999809265137,15.5,15.5,2020
2015-09-11,15.800000190734863,16.0,13.75,15.550000190734863,15.550000190734863,4921
2015-09-14,15.199999809265137,16.5,14.300000190734863,14.600000381469727,14.600000381469727,690
2015-09-15,14.800000190734863,16.049999237060547,14.449999809265137,16.049999237060547,16.049999237060547,3625
2015-09-16,16.0,16.0,15.550000190734863,15.850000381469727,15.850000381469727,1400
2015-09-18,15.300000190734863,15.850000381469727,15.300000190734863,15.850000381469727,15.850000381469727,40
2015-09-21,15.800000190734863,15.850000381469727,14.399999618530273,15.800000190734863,15.800000190734863,1582
2015-09-22,15.850000381469727,16.299999237060547,15.0,15.100000381469727,15.100000381469727,29894
2015-09-23,15.5,15.5,14.600000381469727,15.300000190734863,15.300000190734863,1168
2015-09-24,17.549999237060547,17.549999237060547,14.600000381469727,14.899999618530273,14.899999618530273,1943
2015-09-28,15.399999618530273,15.899999618530273,14.850000381469727,15.399999618530273,15.399999618530273,6102
2015-09-29,14.600000381469727,14.949999809265137,14.5,14.550000190734863,14.550000190734863,1352
2015-09-30,15.0,15.850000381469727,14.25,14.75,14.75,825
2015-10-01,14.300000190734863,15.199999809265137,14.050000190734863,14.25,14.25,3319
2015-10-05,15.899999618530273,15.899999618530273,15.899999618530273,15.899999618530273,15.899999618530273,99
2015-10-06,14.449999809265137,14.649999618530273,14.449999809265137,14.649999618530273,14.649999618530273,496
2015-10-07,14.199999809265137,15.100000381469727,14.100000381469727,14.149999618530273,14.149999618530273,1310
2015-10-08,14.199999809265137,14.949999809265137,14.199999809265137,14.949999809265137,14.949999809265137,1530
2015-10-09,15.0,15.0,14.100000381469727,14.149999618530273,14.149999618530273,2624
2015-10-12,14.149999618530273,14.850000381469727,14.149999618530273,14.149999618530273,14.149999618530273,287
2015-10-13,14.100000381469727,14.850000381469727,14.0,14.449999809265137,14.449999809265137,2716
2015-10-14,15.300000190734863,15.300000190734863,13.600000381469727,13.800000190734863,13.800000190734863,26
2015-10-15,14.050000190734863,14.850000381469727,14.050000190734863,14.699999809265137,14.699999809265137,306
2015-10-16,14.699999809265137,14.699999809265137,14.699999809265137,14.699999809265137,14.699999809265137,0
2015-10-19,14.050000190734863,14.850000381469727,14.050000190734863,14.649999618530273,14.649999618530273,68
2015-10-20,12.600000381469727,14.850000381469727,12.600000381469727,13.850000381469727,13.850000381469727,1975
2015-10-21,14.0,14.800000190734863,13.649999618530273,14.800000190734863,14.800000190734863,1281
2015-10-23,15.649999618530273,15.649999618530273,13.75,14.800000190734863,14.800000190734863,971
2015-10-26,13.399999618530273,14.399999618530273,12.75,14.300000190734863,14.300000190734863,3031
2015-10-27,13.800000190734863,14.899999618530273,13.600000381469727,14.800000190734863,14.800000190734863,701
2015-10-28,13.800000190734863,14.800000190734863,13.699999809265137,13.699999809265137,13.699999809265137,2600
2015-10-29,13.699999809265137,14.25,13.149999618530273,13.149999618530273,13.149999618530273,6147
2015-10-30,13.800000190734863,13.899999618530273,12.399999618530273,12.649999618530273,12.649999618530273,4699
2015-11-02,12.699999809265137,12.75,12.649999618530273,12.699999809265137,12.699999809265137,3000
2015-11-03,13.350000381469727,13.649999618530273,12.5,13.550000190734863,13.550000190734863,5805
2015-11-04,12.800000190734863,13.399999618530273,12.5,12.699999809265137,12.699999809265137,2925
2015-11-05,12.600000381469727,13.550000190734863,12.600000381469727,12.850000381469727,12.850000381469727,1225
2015-11-06,12.5,12.5,12.5,12.5,12.5,432
2015-11-09,12.5,12.5,11.699999809265137,11.699999809265137,11.699999809265137,551
2015-11-10,11.699999809265137,13.100000381469727,11.5,13.100000381469727,13.100000381469727,3315
2015-11-13,13.550000190734863,13.550000190734863,11.199999809265137,11.949999809265137,11.949999809265137,1155
2015-11-16,12.0,13.149999618530273,11.75,12.75,12.75,7231
2015-11-17,11.949999809265137,13.399999618530273,11.949999809265137,12.399999618530273,12.399999618530273,4300
2015-11-18,12.550000190734863,13.199999809265137,12.100000381469727,12.199999809265137,12.199999809265137,3100
2015-11-19,11.800000190734863,13.25,11.800000190734863,13.0,13.0,7205
2015-11-20,12.399999618530273,13.600000381469727,12.399999618530273,13.600000381469727,13.600000381469727,300
2015-11-23,12.699999809265137,13.75,12.5,13.449999809265137,13.449999809265137,2328
2015-11-24,13.399999618530273,13.649999618530273,12.850000381469727,13.649999618530273,13.649999618530273,2125
2015-11-26,14.0,16.350000381469727,14.0,16.350000381469727,16.350000381469727,26590
2015-11-27,17.350000381469727,19.600000381469727,16.649999618530273,18.75,18.75,117757
2015-11-30,19.149999618530273,19.5,17.5,17.950000762939453,17.950000762939453,20644
2015-12-01,17.950000762939453,18.350000381469727,16.700000762939453,17.0,17.0,4276
2015-12-02,17.0,17.0,15.5,15.699999809265137,15.699999809265137,11862
2015-12-03,15.0,15.850000381469727,15.0,15.449999809265137,15.449999809265137,8377
2015-12-04,15.050000190734863,15.699999809265137,15.050000190734863,15.300000190734863,15.300000190734863,1400
2015-12-07,15.300000190734863,15.300000190734863,15.300000190734863,15.300000190734863,15.300000190734863,50
2015-12-08,15.800000190734863,15.800000190734863,14.850000381469727,14.850000381469727,14.850000381469727,1496
2015-12-09,14.5,14.550000190734863,14.050000190734863,14.149999618530273,14.149999618530273,1404
2015-12-10,15.0,15.0,15.0,15.0,15.0,51
2015-12-11,15.100000381469727,16.0,14.0,15.199999809265137,15.199999809265137,1854
2015-12-14,15.699999809265137,16.0,15.5,15.949999809265137,15.949999809265137,1445
2015-12-15,16.649999618530273,16.649999618530273,15.050000190734863,15.300000190734863,15.300000190734863,2773
2015-12-16,15.5,16.399999618530273,14.649999618530273,15.800000190734863,15.800000190734863,1756
2015-12-17,15.0,15.649999618530273,14.949999809265137,15.350000381469727,15.350000381469727,3187
2015-12-18,15.100000381469727,15.600000381469727,15.0,15.600000381469727,15.600000381469727,700
2015-12-21,15.899999618530273,17.149999618530273,15.550000190734863,16.899999618530273,16.899999618530273,44158
2015-12-22,16.899999618530273,17.5,16.100000381469727,16.25,16.25,4726
2015-12-23,17.299999237060547,17.299999237060547,16.100000381469727,16.5,16.5,1122
2015-12-24,16.5,17.0,16.100000381469727,16.350000381469727,16.350000381469727,2103
2015-12-28,16.850000381469727,17.0,16.350000381469727,16.799999237060547,16.799999237060547,872
2015-12-29,16.850000381469727,16.850000381469727,16.25,16.450000762939453,16.450000762939453,926
2015-12-30,16.5,17.899999618530273,16.149999618530273,17.75,17.75,18718
2015-12-31,17.799999237060547,17.799999237060547,16.549999237060547,17.0,17.0,8246
2016-01-01,17.5,17.5,16.5,16.700000762939453,16.700000762939453,4242
2016-01-04,16.0,16.899999618530273,16.0,16.049999237060547,16.049999237060547,10451
2016-01-05,16.200000762939453,16.399999618530273,16.0,16.200000762939453,16.200000762939453,8500
2016-01-06,16.600000381469727,16.600000381469727,16.0,16.0,16.0,2200
2016-01-07,18.149999618530273,18.149999618530273,14.199999809265137,15.600000381469727,15.600000381469727,1924
2016-01-08,16.5,16.5,16.0,16.0,16.0,1200
2016-01-11,15.600000381469727,17.399999618530273,15.600000381469727,16.899999618530273,16.899999618530273,3560
2016-01-12,16.850000381469727,16.950000762939453,14.25,15.800000190734863,15.800000190734863,9632
2016-01-13,16.0,16.0,14.600000381469727,15.800000190734863,15.800000190734863,5272
2016-01-14,13.75,15.199999809265137,13.649999618530273,15.0,15.0,2351
2016-01-15,15.5,15.5,14.300000190734863,14.649999618530273,14.649999618530273,1212
2016-01-18,14.0,16.0,12.649999618530273,13.550000190734863,13.550000190734863,8569
2016-01-19,13.25,14.550000190734863,13.25,14.5,14.5,1300
2016-01-20,14.0,14.0,12.850000381469727,13.149999618530273,13.149999618530273,2092
2016-01-21,15.75,15.75,13.550000190734863,14.149999618530273,14.149999618530273,4706
2016-01-22,13.949999809265137,16.200000762939453,13.949999809265137,14.399999618530273,14.399999618530273,948
2016-01-25,14.75,15.600000381469727,14.0,14.149999618530273,14.149999618530273,1019
2016-01-27,14.850000381469727,14.850000381469727,13.75,13.75,13.75,581
2016-01-28,13.949999809265137,13.949999809265137,13.949999809265137,13.949999809265137,13.949999809265137,113
2016-01-29,14.0,14.649999618530273,13.75,14.050000190734863,14.050000190734863,2686
2016-02-01,14.100000381469727,14.100000381469727,14.050000190734863,14.050000190734863,14.050000190734863,250
2016-02-02,14.25,14.25,14.199999809265137,14.199999809265137,14.199999809265137,300
2016-02-03,14.0,14.800000190734863,14.0,14.800000190734863,14.800000190734863,1005
2016-02-04,14.5,14.5,12.199999809265137,13.550000190734863,13.550000190734863,41103
2016-02-05,14.399999618530273,14.449999809265137,14.0,14.0,14.0,272
2016-02-08,15.5,15.5,13.350000381469727,14.25,14.25,2553
2016-02-09,13.800000190734863,14.800000190734863,13.25,14.350000381469727,14.350000381469727,2012
2016-02-10,15.399999618530273,15.449999809265137,15.399999618530273,15.399999618530273,15.399999618530273,10
2016-02-11,15.0,15.0,12.600000381469727,12.600000381469727,12.600000381469727,1216
2016-02-12,12.600000381469727,14.800000190734863,10.5,14.0,14.0,4100
2016-02-15,13.199999809265137,14.449999809265137,13.100000381469727,13.149999618530273,13.149999618530273,1646
2016-02-16,12.899999618530273,14.0,12.850000381469727,13.300000190734863,13.300000190734863,7001
2016-02-17,13.0,14.949999809265137,12.399999618530273,12.800000190734863,12.800000190734863,4768
2016-02-18,15.0,15.0,12.600000381469727,12.75,12.75,1705
2016-02-19,12.800000190734863,12.850000381469727,12.800000190734863,12.800000190734863,12.800000190734863,725
2016-02-22,12.300000190734863,13.899999618530273,12.300000190734863,13.899999618530273,13.899999618530273,804
2016-02-23,13.600000381469727,14.449999809265137,12.649999618530273,12.949999809265137,12.949999809265137,322
2016-02-24,14.399999618530273,14.399999618530273,12.5,13.300000190734863,13.300000190734863,1170
2016-02-25,13.0,14.199999809265137,12.550000190734863,13.350000381469727,13.350000381469727,1184
2016-02-26,13.350000381469727,13.350000381469727,13.350000381469727,13.350000381469727,13.350000381469727,0
2016-02-29,12.899999618530273,13.5,12.050000190734863,12.399999618530273,12.399999618530273,2249
2016-03-01,12.5,13.75,12.5,13.75,13.75,353
2016-03-02,13.0,13.75,12.399999618530273,13.550000190734863,13.550000190734863,1296
2016-03-03,16.25,16.25,14.199999809265137,14.399999618530273,14.399999618530273,295
2016-03-04,13.600000381469727,13.600000381469727,13.100000381469727,13.25,13.25,687
2016-03-08,13.050000190734863,13.600000381469727,12.949999809265137,12.949999809265137,12.949999809265137,1881
2016-03-09,12.949999809265137,12.949999809265137,12.25,12.399999618530273,12.399999618530273,926
2016-03-10,12.399999618530273,12.949999809265137,12.149999618530273,12.899999618530273,12.899999618530273,841
2016-03-11,12.800000190734863,12.850000381469727,12.050000190734863,12.300000190734863,12.300000190734863,4381
2016-03-14,13.75,13.75,12.5,12.850000381469727,12.850000381469727,1066
2016-03-15,12.5,13.0,12.100000381469727,12.199999809265137,12.199999809265137,1478
2016-03-16,12.800000190734863,13.0,12.649999618530273,12.649999618530273,12.649999618530273,316
2016-03-17,12.5,12.850000381469727,11.5,11.850000381469727,11.850000381469727,1986
2016-03-18,11.899999618530273,11.899999618530273,11.449999809265137,11.800000190734863,11.800000190734863,2022
2016-03-21,11.75,12.449999809265137,11.550000190734863,11.649999618530273,11.649999618530273,1851
2016-03-22,11.75,12.399999618530273,11.699999809265137,11.699999809265137,11.699999809265137,1615
2016-03-23,11.5,12.100000381469727,11.449999809265137,11.75,11.75,3073
2016-03-28,12.199999809265137,12.199999809265137,11.25,11.25,11.25,1772
2016-03-29,11.5,11.649999618530273,11.199999809265137,11.649999618530273,11.649999618530273,301
2016-03-30,11.25,12.0,11.199999809265137,11.300000190734863,11.300000190734863,1604
2016-03-31,11.300000190734863,11.949999809265137,11.25,11.25,11.25,401
2016-04-01,11.5,11.5,11.5,11.5,11.5,143
2016-04-04,11.100000381469727,12.149999618530273,10.75,11.25,11.25,562
2016-04-05,11.850000381469727,12.0,11.800000190734863,12.0,12.0,1400
2016-04-06,14.350000381469727,14.350000381469727,11.899999618530273,11.899999618530273,11.899999618530273,1829
2016-04-07,11.699999809265137,12.699999809265137,11.699999809265137,11.75,11.75,605
2016-04-08,11.649999618530273,12.25,11.600000381469727,11.75,11.75,1600
2016-04-11,11.75,12.600000381469727,11.75,12.0,12.0,637
2016-04-12,12.0,12.0,12.0,12.0,12.0,0
2016-04-13,12.0,13.0,12.0,12.050000190734863,12.050000190734863,2311
2016-04-18,11.699999809265137,12.949999809265137,11.699999809265137,11.850000381469727,11.850000381469727,1125
2016-04-20,12.0,12.800000190734863,12.0,12.699999809265137,12.699999809265137,1202
2016-04-21,12.0,12.949999809265137,11.949999809265137,12.899999618530273,12.899999618530273,3993
2016-04-22,12.850000381469727,12.949999809265137,12.050000190734863,12.600000381469727,12.600000381469727,656
2016-04-25,12.300000190734863,12.300000190734863,12.199999809265137,12.199999809265137,12.199999809265137,1065
2016-04-26,11.850000381469727,12.399999618530273,11.850000381469727,12.399999618530273,12.399999618530273,2092
2016-04-27,12.199999809265137,12.800000190734863,12.0,12.149999618530273,12.149999618530273,2496
2016-04-28,13.050000190734863,13.050000190734863,12.800000190734863,12.800000190734863,12.800000190734863,512
2016-04-29,12.100000381469727,12.800000190734863,11.800000190734863,12.800000190734863,12.800000190734863,400
2016-05-02,12.5,12.75,11.600000381469727,11.75,11.75,1158
2016-05-03,11.75,11.75,11.75,11.75,11.75,0
2016-05-04,11.600000381469727,11.600000381469727,11.600000381469727,11.600000381469727,11.600000381469727,500
2016-05-05,11.600000381469727,12.449999809265137,11.449999809265137,11.949999809265137,11.949999809265137,430
2016-05-06,11.600000381469727,12.699999809265137,11.600000381469727,12.300000190734863,12.300000190734863,740
2016-05-09,12.300000190734863,12.300000190734863,11.600000381469727,11.600000381469727,11.600000381469727,406
2016-05-10,12.449999809265137,13.800000190734863,12.100000381469727,13.199999809265137,13.199999809265137,5161
2016-05-11,12.699999809265137,12.699999809265137,12.0,12.100000381469727,12.100000381469727,5
2016-05-12,12.949999809265137,12.949999809265137,11.899999618530273,12.699999809265137,12.699999809265137,1243
2016-05-13,12.199999809265137,12.199999809265137,11.75,11.850000381469727,11.850000381469727,501
2016-05-16,12.949999809265137,12.949999809265137,12.0,12.050000190734863,12.050000190734863,1732
2016-05-17,12.699999809265137,12.699999809265137,12.050000190734863,12.649999618530273,12.649999618530273,1000
2016-05-18,12.649999618530273,12.649999618530273,12.649999618530273,12.649999618530273,12.649999618530273,105
2016-05-19,12.0,12.75,11.899999618530273,12.449999809265137,12.449999809265137,713
2016-05-20,12.0,12.0,11.75,11.899999618530273,11.899999618530273,1794
2016-05-23,12.0,12.5,11.649999618530273,11.800000190734863,11.800000190734863,1098
2016-05-24,11.550000190734863,11.550000190734863,11.550000190734863,11.550000190734863,11.550000190734863,682
2016-05-25,11.600000381469727,11.600000381469727,11.449999809265137,11.449999809265137,11.449999809265137,210
2016-05-26,11.600000381469727,12.100000381469727,11.050000190734863,11.550000190734863,11.550000190734863,3174
2016-05-27,11.550000190734863,11.550000190734863,11.550000190734863,11.550000190734863,11.550000190734863,0
2016-05-30,11.550000190734863,11.949999809265137,11.5,11.600000381469727,11.600000381469727,1200
2016-05-31,11.199999809265137,12.0,10.050000190734863,11.0,11.0,5355
2016-06-01,11.300000190734863,11.300000190734863,10.800000190734863,10.949999809265137,10.949999809265137,1123
2016-06-02,10.699999809265137,10.699999809265137,10.649999618530273,10.649999618530273,10.649999618530273,282
2016-06-03,10.5,11.0,10.5,11.0,11.0,225
2016-06-06,10.699999809265137,10.699999809265137,10.600000381469727,10.649999618530273,10.649999618530273,3
2016-06-07,10.5,10.949999809265137,10.149999618530273,10.5,10.5,3833
2016-06-08,10.649999618530273,10.649999618530273,10.649999618530273,10.649999618530273,10.649999618530273,286
2016-06-09,10.550000190734863,10.550000190734863,10.300000190734863,10.350000381469727,10.350000381469727,526
2016-06-10,10.399999618530273,10.399999618530273,10.350000381469727,10.399999618530273,10.399999618530273,544
2016-06-13,10.25,10.25,10.25,10.25,10.25,50
2016-06-14,10.399999618530273,11.25,10.399999618530273,11.25,11.25,800
2016-06-15,11.0,11.0,10.75,10.949999809265137,10.949999809265137,527
2016-06-16,10.600000381469727,11.899999618530273,10.600000381469727,11.699999809265137,11.699999809265137,4
2016-06-17,11.0,11.0,10.699999809265137,11.0,11.0,1046
2016-06-20,10.649999618530273,11.350000381469727,10.649999618530273,10.75,10.75,1834
2016-06-21,10.5,11.300000190734863,10.300000190734863,11.300000190734863,11.300000190734863,705
2016-06-22,10.699999809265137,11.25,9.699999809265137,10.449999809265137,10.449999809265137,5917
2016-06-23,10.949999809265137,11.0,10.949999809265137,10.949999809265137,10.949999809265137,2
2016-06-24,11.850000381469727,11.850000381469727,10.5,11.100000381469727,11.100000381469727,2251
2016-06-27,11.100000381469727,12.449999809265137,10.550000190734863,11.0,11.0,3353
2016-06-28,11.600000381469727,11.600000381469727,10.699999809265137,11.5,11.5,336
2016-06-29,11.0,12.449999809265137,10.449999809265137,11.199999809265137,11.199999809265137,9878
2016-06-30,11.0,11.850000381469727,10.649999618530273,11.0,11.0,3552
2016-07-01,11.100000381469727,11.5,10.850000381469727,10.949999809265137,10.949999809265137,2800
2016-07-04,11.699999809265137,12.0,11.050000190734863,11.350000381469727,11.350000381469727,7252
2016-07-05,12.149999618530273,12.149999618530273,11.300000190734863,11.550000190734863,11.550000190734863,1345
2016-07-07,11.649999618530273,11.800000190734863,11.100000381469727,11.649999618530273,11.649999618530273,899
2016-07-08,11.550000190734863,11.649999618530273,11.5,11.550000190734863,11.550000190734863,233
2016-07-11,11.550000190734863,12.699999809265137,11.550000190734863,12.699999809265137,12.699999809265137,17830
2016-07-12,13.449999809265137,13.800000190734863,12.850000381469727,13.050000190734863,13.050000190734863,15276
2016-07-13,13.5,13.5,12.300000190734863,12.350000381469727,12.350000381469727,2430
2016-07-14,12.350000381469727,12.399999618530273,12.25,12.25,12.25,1000
2016-07-15,11.600000381469727,12.600000381469727,11.600000381469727,12.25,12.25,215
2016-07-18,11.550000190734863,13.100000381469727,11.550000190734863,12.550000190734863,12.550000190734863,3150
2016-07-19,13.75,13.800000190734863,11.800000190734863,12.699999809265137,12.699999809265137,14590
2016-07-20,12.550000190734863,12.899999618530273,11.600000381469727,12.899999618530273,12.899999618530273,3001
2016-07-21,12.199999809265137,13.350000381469727,11.899999618530273,12.050000190734863,12.050000190734863,3689
2016-07-22,12.149999618530273,12.699999809265137,12.149999618530273,12.449999809265137,12.449999809265137,610
2016-07-25,13.100000381469727,13.100000381469727,12.25,12.550000190734863,12.550000190734863,440
2016-07-26,12.0,12.800000190734863,12.0,12.800000190734863,12.800000190734863,515
2016-07-27,12.100000381469727,12.600000381469727,11.899999618530273,12.0,12.0,5565
2016-07-28,11.949999809265137,12.449999809265137,11.949999809265137,12.449999809265137,12.449999809265137,1640
2016-07-29,11.800000190734863,12.850000381469727,11.800000190734863,12.449999809265137,12.449999809265137,3202
2016-08-01,12.100000381469727,12.100000381469727,12.050000190734863,12.050000190734863,12.050000190734863,100
2016-08-02,11.949999809265137,12.5,11.449999809265137,11.850000381469727,11.850000381469727,2778
2016-08-03,11.550000190734863,11.800000190734863,11.050000190734863,11.149999618530273,11.149999618530273,2598
2016-08-04,11.850000381469727,11.949999809265137,10.75,11.100000381469727,11.100000381469727,2832
2016-08-05,12.25,12.25,10.899999618530273,11.800000190734863,11.800000190734863,4200
2016-08-08,11.5,12.449999809265137,11.5,11.649999618530273,11.649999618530273,1065
2016-08-09,11.600000381469727,11.949999809265137,11.449999809265137,11.949999809265137,11.949999809265137,222
2016-08-10,14.0,14.0,11.199999809265137,11.300000190734863,11.300000190734863,1500
2016-08-11,11.300000190734863,12.300000190734863,11.100000381469727,11.899999618530273,11.899999618530273,1131
2016-08-12,13.800000190734863,13.800000190734863,11.300000190734863,11.800000190734863,11.800000190734863,1695
2016-08-16,11.449999809265137,11.850000381469727,11.300000190734863,11.350000381469727,11.350000381469727,3801
2016-08-17,11.149999618530273,12.550000190734863,10.800000190734863,11.699999809265137,11.699999809265137,6420
2016-08-18,11.199999809265137,11.949999809265137,11.0,11.100000381469727,11.100000381469727,5985
2016-08-19,11.850000381469727,11.850000381469727,11.0,11.300000190734863,11.300000190734863,4868
2016-08-22,11.649999618530273,11.649999618530273,11.649999618530273,11.649999618530273,11.649999618530273,101
2016-08-23,11.050000190734863,11.649999618530273,11.0,11.100000381469727,11.100000381469727,4797
2016-08-24,11.0,11.600000381469727,11.0,11.5,11.5,2700
2016-08-25,11.050000190734863,11.5,11.0,11.449999809265137,11.449999809265137,3351
2016-08-26,11.600000381469727,11.600000381469727,10.850000381469727,10.850000381469727,10.850000381469727,9482
2016-08-29,11.5,11.5,10.0,10.399999618530273,10.399999618530273,4864
2016-08-30,10.5,10.75,10.050000190734863,10.199999809265137,10.199999809265137,1609
2016-08-31,10.100000381469727,10.75,10.0,10.5,10.5,4150
2016-09-01,11.399999618530273,11.5,11.0,11.25,11.25,2228
2016-09-02,10.899999618530273,11.25,10.800000190734863,11.050000190734863,11.050000190734863,1174
2016-09-06,11.050000190734863,11.050000190734863,10.649999618530273,10.699999809265137,10.699999809265137,1105
2016-09-07,10.649999618530273,11.25,10.649999618530273,10.899999618530273,10.899999618530273,2967
2016-09-08,10.699999809265137,11.149999618530273,10.600000381469727,11.149999618530273,11.149999618530273,1052
2016-09-09,10.699999809265137,11.449999809265137,10.600000381469727,11.149999618530273,11.149999618530273,1784
2016-09-12,10.699999809265137,11.100000381469727,10.649999618530273,11.050000190734863,11.050000190734863,1566
2016-09-14,10.75,11.5,10.399999618530273,11.100000381469727,11.100000381469727,5113
2016-09-15,11.100000381469727,11.100000381469727,10.600000381469727,10.649999618530273,10.649999618530273,2673
2016-09-16,10.600000381469727,11.399999618530273,10.600000381469727,11.0,11.0,545
2016-09-19,11.100000381469727,11.199999809265137,10.600000381469727,10.649999618530273,10.649999618530273,1964
2016-09-20,10.5,11.199999809265137,10.5,10.550000190734863,10.550000190734863,2358
2016-09-21,10.100000381469727,11.899999618530273,10.100000381469727,11.300000190734863,11.300000190734863,7422
2016-09-22,11.050000190734863,11.600000381469727,10.699999809265137,11.5,11.5,1738
2016-09-23,11.0,11.5,10.850000381469727,11.0,11.0,2775
2016-09-26,10.800000190734863,10.800000190734863,10.699999809265137,10.699999809265137,10.699999809265137,176
2016-09-27,10.600000381469727,10.850000381469727,10.399999618530273,10.600000381469727,10.600000381469727,860
2016-09-28,11.0,11.0,10.399999618530273,10.399999618530273,10.399999618530273,300
2016-09-29,10.399999618530273,10.5,9.899999618530273,10.149999618530273,10.149999618530273,5383
2016-09-30,10.5,11.300000190734863,10.5,10.899999618530273,10.899999618530273,2
2016-10-03,11.25,11.25,11.25,11.25,11.25,1
2016-10-04,11.0,11.0,10.399999618530273,10.699999809265137,10.699999809265137,3843
2016-10-05,10.649999618530273,11.0,10.399999618530273,10.399999618530273,10.399999618530273,706
2016-10-06,11.800000190734863,11.800000190734863,11.0,11.0,11.0,4373
2016-10-07,11.0,11.25,10.449999809265137,10.75,10.75,1855
2016-10-10,10.75,10.899999618530273,10.350000381469727,10.5,10.5,1925
2016-10-13,10.5,11.149999618530273,10.300000190734863,10.800000190734863,10.800000190734863,1274
2016-10-14,12.25,12.25,10.5,10.699999809265137,10.699999809265137,3421
2016-10-17,10.600000381469727,11.300000190734863,10.600000381469727,11.199999809265137,11.199999809265137,1766
2016-10-18,11.0,11.199999809265137,10.949999809265137,10.949999809265137,10.949999809265137,655
2016-10-19,10.100000381469727,11.350000381469727,10.100000381469727,11.350000381469727,11.350000381469727,289
2016-10-20,11.300000190734863,13.600000381469727,11.300000190734863,13.600000381469727,13.600000381469727,24915
2016-10-21,14.449999809265137,16.299999237060547,14.449999809265137,16.200000762939453,16.200000762939453,231057
2016-10-24,16.450000762939453,16.5,14.600000381469727,14.600000381469727,14.600000381469727,27862
2016-10-25,14.0,14.5,13.149999618530273,13.800000190734863,13.800000190734863,35359
2016-10-26,12.850000381469727,14.100000381469727,12.850000381469727,13.850000381469727,13.850000381469727,12645
2016-10-27,13.050000190734863,13.800000190734863,12.75,12.949999809265137,12.949999809265137,34081
2016-10-28,13.0,13.100000381469727,12.5,13.0,13.0,7411
2016-11-01,13.100000381469727,13.149999618530273,12.5,12.550000190734863,12.550000190734863,7388
2016-11-02,12.949999809265137,13.149999618530273,12.100000381469727,12.399999618530273,12.399999618530273,10612
2016-11-03,11.850000381469727,12.399999618530273,11.800000190734863,12.199999809265137,12.199999809265137,5326
2016-11-04,11.800000190734863,12.399999618530273,11.75,12.149999618530273,12.149999618530273,2153
2016-11-07,12.0,12.350000381469727,12.0,12.25,12.25,5029
2016-11-08,12.350000381469727,12.850000381469727,12.350000381469727,12.75,12.75,15465
2016-11-09,12.600000381469727,12.600000381469727,12.25,12.5,12.5,2532
2016-11-10,12.5,12.5,11.899999618530273,12.100000381469727,12.100000381469727,6612
2016-11-11,12.100000381469727,12.300000190734863,11.899999618530273,11.899999618530273,11.899999618530273,2543
2016-11-15,11.350000381469727,11.350000381469727,11.350000381469727,11.350000381469727,11.350000381469727,1209
2016-11-16,11.350000381469727,11.350000381469727,10.800000190734863,10.949999809265137,10.949999809265137,3643
2016-11-17,11.350000381469727,11.350000381469727,10.449999809265137,10.449999809265137,10.449999809265137,3553
2016-11-18,10.800000190734863,10.800000190734863,10.0,10.5,10.5,2351
2016-11-21,10.100000381469727,10.550000190734863,10.0,10.399999618530273,10.399999618530273,3058
2016-11-22,9.899999618530273,10.300000190734863,9.899999618530273,9.899999618530273,9.899999618530273,1300
2016-11-23,9.550000190734863,10.350000381469727,9.550000190734863,10.350000381469727,10.350000381469727,3097
2016-11-24,10.75,10.75,10.550000190734863,10.75,10.75,1071
2016-11-25,10.75,11.050000190734863,10.75,10.949999809265137,10.949999809265137,527
2016-11-28,11.0,11.0,10.449999809265137,10.550000190734863,10.550000190734863,1303
2016-11-29,10.5,10.899999618530273,10.300000190734863,10.399999618530273,10.399999618530273,3462
2016-11-30,10.899999618530273,10.899999618530273,10.699999809265137,10.75,10.75,1947
2016-12-01,10.800000190734863,10.899999618530273,10.800000190734863,10.800000190734863,10.800000190734863,1502
2016-12-02,10.399999618530273,11.600000381469727,10.350000381469727,11.350000381469727,11.350000381469727,3635
2016-12-05,11.550000190734863,11.550000190734863,10.600000381469727,11.5,11.5,140
2016-12-06,10.75,12.25,10.75,11.199999809265137,11.199999809265137,10657
2016-12-07,10.899999618530273,11.800000190734863,10.899999618530273,11.600000381469727,11.600000381469727,3205
2016-12-08,12.350000381469727,12.350000381469727,10.899999618530273,11.199999809265137,11.199999809265137,4704
2016-12-09,11.550000190734863,11.550000190734863,10.800000190734863,11.300000190734863,11.300000190734863,510
2016-12-12,11.600000381469727,11.600000381469727,11.5,11.5,11.5,10
2016-12-13,12.199999809265137,12.199999809265137,11.350000381469727,11.600000381469727,11.600000381469727,7475
2016-12-14,11.949999809265137,11.949999809265137,10.800000190734863,11.649999618530273,11.649999618530273,437
2016-12-15,10.649999618530273,12.199999809265137,10.649999618530273,11.0,11.0,2159
2016-12-16,11.949999809265137,11.949999809265137,10.850000381469727,11.0,11.0,4142
2016-12-19,11.550000190734863,11.600000381469727,10.350000381469727,10.600000381469727,10.600000381469727,1854
2016-12-20,11.0,11.5,11.0,11.350000381469727,11.350000381469727,425
2016-12-21,11.350000381469727,11.350000381469727,11.350000381469727,11.350000381469727,11.350000381469727,196
2016-12-22,10.449999809265137,10.449999809265137,10.399999618530273,10.399999618530273,10.399999618530273,300
2016-12-23,11.300000190734863,11.300000190734863,10.399999618530273,11.199999809265137,11.199999809265137,2651
2016-12-26,10.199999809265137,11.0,10.199999809265137,11.0,11.0,832
2016-12-27,10.100000381469727,11.300000190734863,10.0,10.75,10.75,3312
2016-12-28,10.600000381469727,10.949999809265137,10.350000381469727,10.949999809265137,10.949999809265137,520
2016-12-29,10.399999618530273,10.949999809265137,10.399999618530273,10.5,10.5,812
2016-12-30,11.0,11.0,10.550000190734863,10.899999618530273,10.899999618530273,416
2017-01-02,10.899999618530273,10.899999618530273,10.399999618530273,10.550000190734863,10.550000190734863,1194
2017-01-03,11.0,11.350000381469727,10.600000381469727,11.350000381469727,11.350000381469727,1482
2017-01-04,11.25,12.199999809265137,11.25,12.0,12.0,3545
2017-01-05,12.149999618530273,12.699999809265137,12.0,12.5,12.5,7210
2017-01-06,13.0,13.0,11.399999618530273,12.0,12.0,4618
2017-01-09,11.449999809265137,11.699999809265137,10.949999809265137,11.100000381469727,11.100000381469727,14423
2017-01-10,11.100000381469727,11.699999809265137,11.0,11.5,11.5,3001
2017-01-11,11.899999618530273,11.899999618530273,10.949999809265137,11.149999618530273,11.149999618530273,4636
2017-01-12,11.350000381469727,11.449999809265137,10.899999618530273,11.100000381469727,11.100000381469727,12100
2017-01-13,10.850000381469727,11.199999809265137,10.699999809265137,10.850000381469727,10.850000381469727,1449
2017-01-16,10.699999809265137,11.300000190734863,10.699999809265137,11.25,11.25,5048
2017-01-17,11.0,11.25,10.949999809265137,11.0,11.0,1476
2017-01-18,11.0,11.0,10.699999809265137,10.699999809265137,10.699999809265137,1705
2017-01-19,10.699999809265137,11.300000190734863,10.699999809265137,10.949999809265137,10.949999809265137,7542
2017-01-20,11.300000190734863,11.300000190734863,10.649999618530273,10.699999809265137,10.699999809265137,4088
2017-01-23,11.300000190734863,11.300000190734863,11.0,11.300000190734863,11.300000190734863,2424
2017-01-24,11.300000190734863,12.25,11.0,11.649999618530273,11.649999618530273,16988
2017-01-25,11.5,12.199999809265137,11.350000381469727,12.100000381469727,12.100000381469727,5052
2017-01-27,11.449999809265137,12.0,11.199999809265137,11.300000190734863,11.300000190734863,2624
2017-01-30,12.100000381469727,12.399999618530273,11.550000190734863,12.399999618530273,12.399999618530273,13443
2017-01-31,12.449999809265137,12.449999809265137,11.300000190734863,11.600000381469727,11.600000381469727,11951
2017-02-01,11.949999809265137,12.399999618530273,11.5,11.949999809265137,11.949999809265137,1989
2017-02-02,12.25,12.5,11.5,11.75,11.75,12866
2017-02-03,11.550000190734863,12.100000381469727,11.5,11.550000190734863,11.550000190734863,4435
2017-02-06,11.699999809265137,12.149999618530273,11.699999809265137,11.699999809265137,11.699999809265137,1870
2017-02-07,11.899999618530273,13.699999809265137,11.800000190734863,12.449999809265137,12.449999809265137,50256
2017-02-08,13.199999809265137,13.399999618530273,12.5,12.550000190734863,12.550000190734863,34859
2017-02-09,12.550000190734863,13.149999618530273,12.149999618530273,12.300000190734863,12.300000190734863,5301
2017-02-10,12.449999809265137,13.149999618530273,11.850000381469727,12.149999618530273,12.149999618530273,6163
2017-02-13,12.0,12.899999618530273,11.699999809265137,11.899999618530273,11.899999618530273,17808
2017-02-14,12.649999618530273,12.649999618530273,11.649999618530273,12.300000190734863,12.300000190734863,1953
2017-02-15,12.300000190734863,12.300000190734863,11.149999618530273,11.350000381469727,11.350000381469727,760
2017-02-16,12.100000381469727,13.0,11.5,12.350000381469727,12.350000381469727,11355
2017-02-17,13.25,13.25,11.649999618530273,12.350000381469727,12.350000381469727,2569
2017-02-20,11.899999618530273,12.449999809265137,11.75,11.850000381469727,11.850000381469727,1695
2017-02-21,13.850000381469727,13.850000381469727,12.050000190734863,12.600000381469727,12.600000381469727,6860
2017-02-22,12.100000381469727,14.75,11.949999809265137,13.449999809265137,13.449999809265137,114641
2017-02-23,14.100000381469727,15.0,13.399999618530273,13.800000190734863,13.800000190734863,74569
2017-02-27,14.5,16.549999237060547,13.850000381469727,16.549999237060547,16.549999237060547,204141
2017-02-28,17.549999237060547,18.899999618530273,15.0,16.049999237060547,16.049999237060547,477867
2017-03-01,16.0,16.850000381469727,15.800000190734863,16.200000762939453,16.200000762939453,41498
2017-03-02,16.0,16.200000762939453,14.75,14.949999809265137,14.949999809265137,35016
2017-03-03,14.800000190734863,14.800000190734863,13.75,14.25,14.25,33167
2017-03-06,15.5,15.5,13.199999809265137,14.149999618530273,14.149999618530273,54566
2017-03-07,14.100000381469727,16.5,14.050000190734863,15.350000381469727,15.350000381469727,146948
2017-03-08,15.399999618530273,15.550000190734863,14.199999809265137,14.75,14.75,20399
2017-03-09,15.300000190734863,15.300000190734863,14.0,14.199999809265137,14.199999809265137,19597
2017-03-10,14.100000381469727,14.5,14.050000190734863,14.100000381469727,14.100000381469727,9591
2017-03-14,14.199999809265137,14.5,13.25,13.850000381469727,13.850000381469727,10254
2017-03-15,13.699999809265137,14.699999809265137,13.25,14.199999809265137,14.199999809265137,14333
2017-03-16,14.100000381469727,14.850000381469727,13.75,13.899999618530273,13.899999618530273,8928
2017-03-17,13.899999618530273,14.800000190734863,13.449999809265137,14.25,14.25,9109
2017-03-20,13.899999618530273,14.600000381469727,13.550000190734863,13.899999618530273,13.899999618530273,5013
2017-03-21,14.5,16.0,14.100000381469727,15.25,15.25,129478
2017-03-22,15.75,18.149999618530273,15.0,16.850000381469727,16.850000381469727,377071
2017-03-23,16.950000762939453,16.950000762939453,16.049999237060547,16.049999237060547,16.049999237060547,3500
2017-03-24,15.25,15.25,15.25,15.25,15.25,1966
2017-03-27,14.75,15.550000190734863,14.5,14.550000190734863,14.550000190734863,23066
2017-03-28,14.0,14.800000190734863,13.899999618530273,14.199999809265137,14.199999809265137,8458
2017-03-29,13.75,14.399999618530273,13.75,14.0,14.0,1890
2017-03-30,14.050000190734863,14.050000190734863,13.899999618530273,14.050000190734863,14.050000190734863,5000
2017-03-31,14.0,14.649999618530273,13.5,13.699999809265137,13.699999809265137,1551
2017-04-03,13.600000381469727,14.300000190734863,13.5,13.5,13.5,4903
2017-04-05,13.399999618530273,13.899999618530273,13.399999618530273,13.800000190734863,13.800000190734863,4211
2017-04-06,14.0,14.449999809265137,13.5,13.699999809265137,13.699999809265137,5109
2017-04-07,13.949999809265137,14.350000381469727,13.699999809265137,13.899999618530273,13.899999618530273,3917
2017-04-10,13.300000190734863,14.550000190734863,13.300000190734863,14.550000190734863,14.550000190734863,5456
2017-04-11,14.199999809265137,15.25,14.199999809265137,15.25,15.25,3408
2017-04-12,15.100000381469727,15.149999618530273,14.600000381469727,15.149999618530273,15.149999618530273,679
2017-04-13,14.399999618530273,15.0,14.399999618530273,14.5,14.5,1851
2017-04-17,14.5,14.5,13.800000190734863,13.800000190734863,13.800000190734863,4020
2017-04-18,13.399999618530273,14.399999618530273,13.399999618530273,14.399999618530273,14.399999618530273,1602
2017-04-19,14.300000190734863,14.399999618530273,14.300000190734863,14.399999618530273,14.399999618530273,101
2017-04-20,13.699999809265137,14.0,13.699999809265137,13.75,13.75,1782
2017-04-21,13.800000190734863,13.850000381469727,13.75,13.75,13.75,1650
2017-04-24,14.0,14.350000381469727,13.699999809265137,13.899999618530273,13.899999618530273,1600
2017-04-25,14.100000381469727,14.399999618530273,13.399999618530273,13.899999618530273,13.899999618530273,2206
2017-04-26,13.550000190734863,13.649999618530273,13.550000190734863,13.600000381469727,13.600000381469727,1890
2017-04-27,13.600000381469727,14.0,13.149999618530273,13.300000190734863,13.300000190734863,1366
2017-04-28,13.449999809265137,13.649999618530273,13.449999809265137,13.649999618530273,13.649999618530273,300
2017-05-02,13.449999809265137,13.5,13.0,13.0,13.0,652
2017-05-03,13.449999809265137,13.449999809265137,13.25,13.25,13.25,1546
2017-05-04,13.25,13.25,13.25,13.25,13.25,0
2017-05-05,13.0,13.149999618530273,12.600000381469727,12.600000381469727,12.600000381469727,5000
2017-05-08,12.75,13.149999618530273,12.75,13.149999618530273,13.149999618530273,550
2017-05-09,12.649999618530273,13.649999618530273,12.649999618530273,13.0,13.0,276
2017-05-10,13.0,13.0,13.0,13.0,13.0,149
2017-05-11,13.25,13.25,12.649999618530273,12.699999809265137,12.699999809265137,2500
2017-05-12,12.199999809265137,13.300000190734863,12.199999809265137,12.600000381469727,12.600000381469727,243
2017-05-15,12.600000381469727,12.600000381469727,12.25,12.550000190734863,12.550000190734863,1125
2017-05-16,12.850000381469727,13.149999618530273,12.649999618530273,13.100000381469727,13.100000381469727,2525
2017-05-17,12.449999809265137,13.75,12.449999809265137,12.800000190734863,12.800000190734863,6766
2017-05-18,12.449999809265137,12.649999618530273,12.449999809265137,12.5,12.5,951
2017-05-19,12.149999618530273,12.149999618530273,12.100000381469727,12.100000381469727,12.100000381469727,964
2017-05-22,12.699999809265137,12.699999809265137,11.649999618530273,11.699999809265137,11.699999809265137,307
2017-05-23,11.699999809265137,11.699999809265137,11.699999809265137,11.699999809265137,11.699999809265137,0
2017-05-24,11.25,11.25,11.199999809265137,11.199999809265137,11.199999809265137,2510
2017-05-25,10.699999809265137,11.75,10.699999809265137,10.800000190734863,10.800000190734863,350
2017-05-26,10.800000190734863,10.800000190734863,10.800000190734863,10.800000190734863,10.800000190734863,0
2017-05-29,10.350000381469727,10.350000381469727,10.300000190734863,10.300000190734863,10.300000190734863,1000
2017-05-30,10.25,10.800000190734863,10.050000190734863,10.300000190734863,10.300000190734863,382
2017-05-31,10.0,10.050000190734863,9.899999618530273,10.0,10.0,2987
2017-06-01,9.550000190734863,10.300000190734863,9.5,9.5,9.5,2189
2017-06-02,9.100000381469727,9.100000381469727,9.100000381469727,9.100000381469727,9.100000381469727,100
2017-06-05,9.100000381469727,9.100000381469727,9.100000381469727,9.100000381469727,9.100000381469727,0
2017-06-06,8.850000381469727,9.100000381469727,8.850000381469727,9.100000381469727,9.100000381469727,332
2017-06-07,9.100000381469727,9.100000381469727,8.850000381469727,8.850000381469727,8.850000381469727,1000
2017-06-08,8.850000381469727,8.850000381469727,8.850000381469727,8.850000381469727,8.850000381469727,0
2017-06-09,8.899999618530273,8.899999618530273,8.449999809265137,8.449999809265137,8.449999809265137,1994
2017-06-12,8.600000381469727,8.600000381469727,8.600000381469727,8.600000381469727,8.600000381469727,160
2017-06-13,8.600000381469727,8.600000381469727,8.600000381469727,8.600000381469727,8.600000381469727,0
2017-06-14,8.25,8.25,8.25,8.25,8.25,100
2017-06-15,7.949999809265137,8.649999618530273,7.949999809265137,8.300000190734863,8.300000190734863,1130
2017-06-16,8.699999809265137,8.699999809265137,8.699999809265137,8.699999809265137,8.699999809265137,6
2017-06-19,8.399999618530273,8.899999618530273,8.350000381469727,8.899999618530273,8.899999618530273,2776
2017-06-20,8.899999618530273,8.899999618530273,8.899999618530273,8.899999618530273,8.899999618530273,0
2017-06-21,8.5,8.5,8.5,8.5,8.5,200
2017-06-22,8.5,8.5,8.5,8.5,8.5,0
2017-06-23,8.5,8.5,8.5,8.5,8.5,0
2017-06-27,8.5,8.5,8.5,8.5,8.5,0
2017-06-28,8.399999618530273,8.399999618530273,8.399999618530273,8.399999618530273,8.399999618530273,252
2017-06-29,8.399999618530273,8.399999618530273,8.399999618530273,8.399999618530273,8.399999618530273,0
2017-06-30,8.399999618530273,8.399999618530273,8.399999618530273,8.399999618530273,8.399999618530273,0
2017-07-03,8.399999618530273,8.399999618530273,8.399999618530273,8.399999618530273,8.399999618530273,0
2017-07-04,8.399999618530273,8.399999618530273,8.399999618530273,8.399999618530273,8.399999618530273,0
2017-07-05,8.399999618530273,8.399999618530273,8.399999618530273,8.399999618530273,8.399999618530273,0
2017-07-06,8.399999618530273,8.399999618530273,8.399999618530273,8.399999618530273,8.399999618530273,0
2017-07-07,8.800000190734863,8.800000190734863,8.800000190734863,8.800000190734863,8.800000190734863,25
2017-07-10,8.800000190734863,8.800000190734863,8.800000190734863,8.800000190734863,8.800000190734863,1
2017-07-11,9.199999809265137,9.199999809265137,9.199999809265137,9.199999809265137,9.199999809265137,5
2017-07-12,9.649999618530273,9.649999618530273,9.5,9.5,9.5,55
2017-07-13,9.5,9.5,9.5,9.5,9.5,0
2017-07-14,9.5,9.5,9.5,9.5,9.5,0
2017-07-17,9.5,9.5,9.5,9.5,9.5,0
2017-07-18,9.5,9.5,9.5,9.5,9.5,0
2017-07-19,9.5,9.5,9.5,9.5,9.5,0
2017-07-20,9.5,9.5,9.5,9.5,9.5,0
2017-07-21,9.5,9.5,9.5,9.5,9.5,0
2017-07-24,9.5,9.5,9.5,9.5,9.5,0
2017-07-25,9.5,9.5,9.5,9.5,9.5,0
2017-07-26,9.5,9.5,9.5,9.5,9.5,0
2017-07-27,9.5,9.5,9.5,9.5,9.5,0
2017-07-28,9.5,9.5,9.5,9.5,9.5,0
2017-07-31,9.5,9.5,9.5,9.5,9.5,0
2017-08-01,9.5,9.5,9.5,9.5,9.5,0
2017-08-02,9.5,9.5,9.5,9.5,9.5,0
2017-08-03,9.5,9.5,9.5,9.5,9.5,0
2017-08-04,9.5,9.5,9.5,9.5,9.5,0
2017-08-07,9.5,9.5,9.5,9.5,9.5,0
2017-08-08,9.5,9.5,9.5,9.5,9.5,0
2017-08-09,9.5,9.5,9.5,9.5,9.5,0
2017-08-10,9.5,9.5,9.5,9.5,9.5,0
2017-08-11,9.5,9.5,9.5,9.5,9.5,0
2017-08-14,9.5,9.5,9.5,9.5,9.5,0
2017-08-16,9.5,9.5,9.5,9.5,9.5,0
2017-08-17,9.5,9.5,9.5,9.5,9.5,0
2017-08-18,9.5,9.5,9.5,9.5,9.5,0
2017-08-21,9.5,9.5,9.5,9.5,9.5,0
2017-08-22,9.5,9.5,9.5,9.5,9.5,0
2017-08-23,9.5,9.5,9.5,9.5,9.5,0
2017-08-24,9.5,9.5,9.5,9.5,9.5,0
2017-08-28,9.5,9.5,9.5,9.5,9.5,0
2017-08-29,9.5,9.5,9.5,9.5,9.5,0
2017-08-30,9.5,9.5,9.5,9.5,9.5,0
2017-08-31,9.5,9.5,9.5,9.5,9.5,0
2017-09-01,9.5,9.5,9.5,9.5,9.5,0
2017-09-04,9.5,9.5,9.5,9.5,9.5,0
2017-09-05,9.5,9.5,9.5,9.5,9.5,0
2017-09-06,9.5,9.5,9.5,9.5,9.5,0
2017-09-07,9.5,9.5,9.5,9.5,9.5,0
2017-09-08,9.5,9.5,9.5,9.5,9.5,0
2017-09-11,9.5,9.5,9.5,9.5,9.5,0
2017-09-12,9.5,9.5,9.5,9.5,9.5,0
2017-09-13,9.5,9.5,9.5,9.5,9.5,0
2017-09-14,9.5,9.5,9.5,9.5,9.5,0
2017-09-15,9.5,9.5,9.5,9.5,9.5,0
2017-09-18,9.5,9.5,9.5,9.5,9.5,0
2017-09-19,9.5,9.5,9.5,9.5,9.5,0
2017-09-20,9.5,9.5,9.5,9.5,9.5,0
2017-09-21,9.5,9.5,9.5,9.5,9.5,0
2017-09-22,9.5,9.5,9.5,9.5,9.5,0
2017-09-25,9.5,9.5,9.5,9.5,9.5,0
2017-09-26,9.5,9.5,9.5,9.5,9.5,0
2017-09-27,9.5,9.5,9.5,9.5,9.5,0
2017-09-28,9.5,9.5,9.5,9.5,9.5,0
2017-09-29,9.5,9.5,9.5,9.5,9.5,0
2017-10-03,9.5,9.5,9.5,9.5,9.5,0
2017-10-04,9.5,9.5,9.5,9.5,9.5,0
2017-10-05,9.5,9.5,9.5,9.5,9.5,0
2017-10-06,9.5,9.5,9.5,9.5,9.5,0
2017-10-09,9.5,9.5,9.5,9.5,9.5,0
2017-10-10,9.5,9.5,9.5,9.5,9.5,0
2017-10-11,9.5,9.5,9.5,9.5,9.5,0
2017-10-12,9.5,9.5,9.5,9.5,9.5,0
2017-10-13,9.5,9.5,9.5,9.5,9.5,0
2017-10-16,9.5,9.5,9.5,9.5,9.5,0
2017-10-17,9.5,9.5,9.5,9.5,9.5,0
2017-10-18,9.100000381469727,11.399999618530273,8.100000381469727,11.199999809265137,11.199999809265137,10602
2017-10-19,11.399999618530273,13.399999618530273,11.399999618530273,13.300000190734863,13.300000190734863,8355
2017-10-23,14.449999809265137,14.600000381469727,12.350000381469727,14.25,14.25,17880
2017-10-24,13.649999618530273,14.649999618530273,12.850000381469727,12.949999809265137,12.949999809265137,15213
2017-10-25,13.949999809265137,13.949999809265137,11.699999809265137,11.699999809265137,11.699999809265137,14367
2017-10-26,11.149999618530273,11.149999618530273,11.149999618530273,11.149999618530273,11.149999618530273,220
2017-10-27,10.600000381469727,11.300000190734863,10.600000381469727,10.949999809265137,10.949999809265137,310
2017-10-30,10.600000381469727,10.600000381469727,10.5,10.5,10.5,1736
2017-10-31,10.050000190734863,10.949999809265137,10.0,10.050000190734863,10.050000190734863,4004
2017-11-01,10.0,10.0,9.550000190734863,9.850000381469727,9.850000381469727,2415
2017-11-02,9.850000381469727,10.300000190734863,9.399999618530273,9.850000381469727,9.850000381469727,4566
2017-11-03,9.850000381469727,9.850000381469727,9.399999618530273,9.800000190734863,9.800000190734863,2210
2017-11-06,9.800000190734863,10.25,9.649999618530273,9.649999618530273,9.649999618530273,11660
2017-11-07,9.449999809265137,9.449999809265137,9.25,9.399999618530273,9.399999618530273,1517
2017-11-08,9.350000381469727,9.350000381469727,8.949999809265137,9.350000381469727,9.350000381469727,125
2017-11-09,8.899999618530273,9.199999809265137,8.899999618530273,8.899999618530273,8.899999618530273,1359
2017-11-10,8.5,8.850000381469727,8.5,8.850000381469727,8.850000381469727,800
2017-11-13,8.449999809265137,8.5,8.449999809265137,8.449999809265137,8.449999809265137,1821
2017-11-14,8.050000190734863,8.850000381469727,8.050000190734863,8.800000190734863,8.800000190734863,1135
2017-11-15,8.699999809265137,8.699999809265137,8.399999618530273,8.449999809265137,8.449999809265137,530
2017-11-16,8.350000381469727,8.350000381469727,8.350000381469727,8.350000381469727,8.350000381469727,52
2017-11-17,7.949999809265137,8.75,7.949999809265137,8.199999809265137,8.199999809265137,406
2017-11-20,8.199999809265137,8.199999809265137,8.0,8.050000190734863,8.050000190734863,1713
2017-11-21,8.0,8.050000190734863,7.650000095367432,7.949999809265137,7.949999809265137,1253
2017-11-22,7.849999904632568,7.949999809265137,7.599999904632568,7.900000095367432,7.900000095367432,3707
2017-11-23,7.800000190734863,8.25,7.800000190734863,8.25,8.25,7544
2017-11-24,8.0,8.649999618530273,7.849999904632568,8.600000381469727,8.600000381469727,3846
2017-11-27,8.600000381469727,8.600000381469727,8.600000381469727,8.600000381469727,8.600000381469727,0
2017-11-28,8.199999809265137,8.199999809265137,8.199999809265137,8.199999809265137,8.199999809265137,3130
2017-11-29,8.0,8.550000190734863,7.800000190734863,8.550000190734863,8.550000190734863,10199
2017-11-30,8.149999618530273,8.550000190734863,8.149999618530273,8.199999809265137,8.199999809265137,5453
2017-12-01,8.199999809265137,8.199999809265137,8.050000190734863,8.050000190734863,8.050000190734863,552
2017-12-04,8.050000190734863,8.050000190734863,7.650000095367432,7.699999809265137,7.699999809265137,2905
2017-12-05,7.699999809265137,7.75,7.699999809265137,7.75,7.75,300
2017-12-06,7.75,7.75,7.75,7.75,7.75,1350
2017-12-07,7.75,7.75,7.75,7.75,7.75,0
2017-12-08,7.650000095367432,7.75,7.550000190734863,7.75,7.75,1069
2017-12-11,7.75,7.75,7.75,7.75,7.75,0
2017-12-12,7.75,7.75,7.75,7.75,7.75,0
2017-12-13,7.400000095367432,7.400000095367432,7.400000095367432,7.400000095367432,7.400000095367432,1529
2017-12-14,7.400000095367432,7.400000095367432,7.400000095367432,7.400000095367432,7.400000095367432,0
2017-12-15,7.050000190734863,7.25,7.050000190734863,7.25,7.25,4539
2017-12-18,7.25,7.25,6.949999809265137,7.0,7.0,633
2017-12-19,7.050000190734863,7.349999904632568,7.050000190734863,7.349999904632568,7.349999904632568,380
2017-12-20,7.150000095367432,7.349999904632568,7.150000095367432,7.349999904632568,7.349999904632568,401
2017-12-21,7.349999904632568,7.349999904632568,7.25,7.25,7.25,1250
2017-12-22,7.300000190734863,7.300000190734863,7.300000190734863,7.300000190734863,7.300000190734863,1082
2017-12-26,6.949999809265137,7.650000095367432,6.949999809265137,7.650000095367432,7.650000095367432,1327
2017-12-27,7.650000095367432,8.0,7.650000095367432,8.0,8.0,4560
2017-12-28,8.399999618530273,8.399999618530273,7.599999904632568,8.399999618530273,8.399999618530273,11223
2017-12-29,8.5,8.5,8.0,8.100000381469727,8.100000381469727,4552
2018-01-01,8.100000381469727,8.5,7.75,8.5,8.5,3973
2018-01-02,8.5,8.5,8.199999809265137,8.199999809265137,8.199999809265137,1958
2018-01-03,8.199999809265137,8.600000381469727,8.199999809265137,8.600000381469727,8.600000381469727,6112
2018-01-04,8.600000381469727,9.0,8.600000381469727,9.0,9.0,6488
2018-01-05,8.600000381469727,8.949999809265137,8.600000381469727,8.899999618530273,8.899999618530273,675
2018-01-08,8.899999618530273,8.899999618530273,8.5,8.899999618530273,8.899999618530273,2150
2018-01-09,8.850000381469727,9.300000190734863,8.850000381469727,9.300000190734863,9.300000190734863,3066
2018-01-10,9.449999809265137,9.550000190734863,9.449999809265137,9.550000190734863,9.550000190734863,1410
2018-01-11,9.550000190734863,10.0,9.100000381469727,9.449999809265137,9.449999809265137,7792
2018-01-12,9.449999809265137,9.5,9.0,9.050000190734863,9.050000190734863,6180
2018-01-15,9.5,9.5,8.800000190734863,8.899999618530273,8.899999618530273,2151
2018-01-16,8.550000190734863,8.899999618530273,8.550000190734863,8.699999809265137,8.699999809265137,302
2018-01-17,8.699999809265137,9.100000381469727,8.699999809265137,9.100000381469727,9.100000381469727,3782
2018-01-18,8.75,9.550000190734863,8.75,8.850000381469727,8.850000381469727,6667
2018-01-19,8.850000381469727,8.850000381469727,8.850000381469727,8.850000381469727,8.850000381469727,4456
2018-01-22,8.5,8.649999618530273,8.449999809265137,8.449999809265137,8.449999809265137,2828
2018-01-23,8.100000381469727,8.850000381469727,8.100000381469727,8.800000190734863,8.800000190734863,7605
2018-01-24,8.399999618530273,8.800000190734863,8.399999618530273,8.449999809265137,8.449999809265137,1093
2018-01-25,8.050000190734863,8.050000190734863,8.050000190734863,8.050000190734863,8.050000190734863,164
2018-01-29,8.050000190734863,8.050000190734863,8.0,8.0,8.0,210
2018-01-30,8.0,8.0,8.0,8.0,8.0,340
2018-01-31,8.0,8.0,8.0,8.0,8.0,0
2018-02-01,8.0,8.0,7.650000095367432,7.650000095367432,7.650000095367432,640
2018-02-02,7.650000095367432,7.650000095367432,7.650000095367432,7.650000095367432,7.650000095367432,0
2018-02-05,7.349999904632568,7.349999904632568,7.349999904632568,7.349999904632568,7.349999904632568,2556
2018-02-06,7.349999904632568,7.349999904632568,7.0,7.349999904632568,7.349999904632568,292
2018-02-07,7.349999904632568,7.349999904632568,7.349999904632568,7.349999904632568,7.349999904632568,0
2018-02-08,7.0,7.349999904632568,7.0,7.349999904632568,7.349999904632568,40
2018-02-09,7.349999904632568,7.349999904632568,7.349999904632568,7.349999904632568,7.349999904632568,0
2018-02-12,7.699999809265137,7.699999809265137,7.699999809265137,7.699999809265137,7.699999809265137,1000
2018-02-14,7.699999809265137,7.699999809265137,7.699999809265137,7.699999809265137,7.699999809265137,0
2018-02-15,7.699999809265137,7.699999809265137,7.699999809265137,7.699999809265137,7.699999809265137,180
2018-02-16,7.699999809265137,7.699999809265137,7.699999809265137,7.699999809265137,7.699999809265137,18
2018-02-19,7.349999904632568,7.349999904632568,7.349999904632568,7.349999904632568,7.349999904632568,24
2018-02-20,7.349999904632568,7.349999904632568,7.349999904632568,7.349999904632568,7.349999904632568,0
2018-02-21,7.349999904632568,7.349999904632568,7.349999904632568,7.349999904632568,7.349999904632568,0
2018-02-22,7.300000190734863,7.349999904632568,7.300000190734863,7.349999904632568,7.349999904632568,600
2018-02-23,7.349999904632568,7.349999904632568,7.349999904632568,7.349999904632568,7.349999904632568,0
2018-02-26,7.0,7.349999904632568,7.0,7.349999904632568,7.349999904632568,853
2018-02-27,7.0,7.0,7.0,7.0,7.0,274
2018-02-28,6.650000095367432,6.650000095367432,6.650000095367432,6.650000095367432,6.650000095367432,500
2018-03-01,6.650000095367432,6.650000095367432,6.650000095367432,6.650000095367432,6.650000095367432,250
2018-03-05,6.650000095367432,6.650000095367432,6.650000095367432,6.650000095367432,6.650000095367432,0
2018-03-06,6.650000095367432,6.650000095367432,6.650000095367432,6.650000095367432,6.650000095367432,3070
2018-03-07,6.949999809265137,6.949999809265137,6.949999809265137,6.949999809265137,6.949999809265137,15
2018-03-08,6.949999809265137,6.949999809265137,6.650000095367432,6.949999809265137,6.949999809265137,974
2018-03-09,6.949999809265137,6.949999809265137,6.949999809265137,6.949999809265137,6.949999809265137,0
2018-03-12,6.900000095367432,6.900000095367432,6.900000095367432,6.900000095367432,6.900000095367432,5
2018-03-13,6.900000095367432,6.900000095367432,6.900000095367432,6.900000095367432,6.900000095367432,10
2018-03-14,6.900000095367432,6.900000095367432,6.900000095367432,6.900000095367432,6.900000095367432,50
2018-03-15,6.599999904632568,6.900000095367432,6.599999904632568,6.900000095367432,6.900000095367432,905
2018-03-16,6.900000095367432,6.900000095367432,6.900000095367432,6.900000095367432,6.900000095367432,0
2018-03-19,6.900000095367432,6.900000095367432,6.900000095367432,6.900000095367432,6.900000095367432,0
2018-03-20,6.900000095367432,6.900000095367432,6.900000095367432,6.900000095367432,6.900000095367432,0
2018-03-21,6.900000095367432,6.900000095367432,6.599999904632568,6.599999904632568,6.599999904632568,1024
2018-03-22,6.300000190734863,6.300000190734863,6.300000190734863,6.300000190734863,6.300000190734863,250
2018-03-23,6.25,6.25,6.0,6.0,6.0,731
2018-03-26,5.699999809265137,5.699999809265137,5.699999809265137,5.699999809265137,5.699999809265137,100
2018-03-27,5.449999809265137,5.5,5.449999809265137,5.5,5.5,2535
2018-03-28,5.25,5.5,5.25,5.5,5.5,217
2018-04-02,5.5,5.5,5.5,5.5,5.5,470
2018-04-03,5.5,5.5,5.5,5.5,5.5,1000
2018-04-04,5.300000190734863,5.349999904632568,5.25,5.25,5.25,5210
2018-04-05,5.25,5.25,5.25,5.25,5.25,3
2018-04-06,5.25,5.25,5.0,5.0,5.0,5124
2018-04-09,5.0,5.0,5.0,5.0,5.0,0
2018-04-10,5.0,5.0,5.0,5.0,5.0,0
2018-04-11,5.050000190734863,5.050000190734863,5.050000190734863,5.050000190734863,5.050000190734863,50
2018-04-12,5.050000190734863,5.050000190734863,5.0,5.0,5.0,1010
2018-04-13,4.75,4.75,4.75,4.75,4.75,225
2018-04-16,4.650000095367432,4.650000095367432,4.650000095367432,4.650000095367432,4.650000095367432,7
2018-04-17,4.75,4.75,4.75,4.75,4.75,1
2018-04-18,4.75,4.75,4.75,4.75,4.75,0
2018-04-19,4.75,4.75,4.75,4.75,4.75,11
2018-04-20,4.949999809265137,4.949999809265137,4.550000190734863,4.550000190734863,4.550000190734863,1935
2018-04-23,4.550000190734863,4.550000190734863,4.550000190734863,4.550000190734863,4.550000190734863,101
2018-04-24,4.349999904632568,4.349999904632568,4.349999904632568,4.349999904632568,4.349999904632568,350
2018-04-25,4.150000095367432,4.150000095367432,4.150000095367432,4.150000095367432,4.150000095367432,735
2018-04-26,4.150000095367432,4.150000095367432,4.150000095367432,4.150000095367432,4.150000095367432,0
2018-04-27,4.150000095367432,4.150000095367432,4.150000095367432,4.150000095367432,4.150000095367432,0
2018-04-30,4.150000095367432,4.150000095367432,4.150000095367432,4.150000095367432,4.150000095367432,1604
2018-05-02,4.150000095367432,4.150000095367432,3.950000047683716,3.950000047683716,3.950000047683716,2772
2018-05-03,3.950000047683716,3.950000047683716,3.950000047683716,3.950000047683716,3.950000047683716,1000
2018-05-04,3.950000047683716,3.950000047683716,3.950000047683716,3.950000047683716,3.950000047683716,65
2018-05-07,3.950000047683716,4.099999904632568,3.950000047683716,4.099999904632568,4.099999904632568,1080
2018-05-08,3.9000000953674316,4.099999904632568,3.9000000953674316,4.099999904632568,4.099999904632568,601
2018-05-09,4.099999904632568,4.099999904632568,4.099999904632568,4.099999904632568,4.099999904632568,21
2018-05-10,4.099999904632568,4.099999904632568,4.099999904632568,4.099999904632568,4.099999904632568,1000
2018-05-11,4.099999904632568,4.099999904632568,3.9000000953674316,3.9000000953674316,3.9000000953674316,494
2018-05-14,3.9000000953674316,3.9000000953674316,3.9000000953674316,3.9000000953674316,3.9000000953674316,0
2018-05-15,3.9000000953674316,3.9000000953674316,3.9000000953674316,3.9000000953674316,3.9000000953674316,500
2018-05-16,4.0,4.0,4.0,4.0,4.0,13
2018-05-17,4.0,4.0,4.0,4.0,4.0,0
2018-05-18,4.0,4.0,4.0,4.0,4.0,0
2018-05-21,3.799999952316284,4.0,3.799999952316284,4.0,4.0,3223
2018-05-22,4.0,4.199999809265137,3.799999952316284,3.799999952316284,3.799999952316284,346
2018-05-23,3.700000047683716,3.950000047683716,3.700000047683716,3.950000047683716,3.950000047683716,320
2018-05-24,3.950000047683716,3.950000047683716,3.950000047683716,3.950000047683716,3.950000047683716,50
2018-05-25,3.950000047683716,3.950000047683716,3.799999952316284,3.950000047683716,3.950000047683716,1658
2018-05-28,4.099999904632568,4.099999904632568,3.9000000953674316,3.9000000953674316,3.9000000953674316,526
2018-05-29,3.9000000953674316,3.9000000953674316,3.9000000953674316,3.9000000953674316,3.9000000953674316,0
2018-05-30,3.9000000953674316,3.9000000953674316,3.9000000953674316,3.9000000953674316,3.9000000953674316,0
2018-05-31,3.799999952316284,3.799999952316284,3.75,3.75,3.75,1301
2018-06-01,3.75,3.75,3.75,3.75,3.75,1612
2018-06-04,3.75,3.75,3.5999999046325684,3.75,3.75,1655
2018-06-05,3.75,3.75,3.75,3.75,3.75,250
2018-06-06,3.9000000953674316,3.9000000953674316,3.5999999046325684,3.5999999046325684,3.5999999046325684,490
2018-06-07,3.5999999046325684,3.5999999046325684,3.5999999046325684,3.5999999046325684,3.5999999046325684,0
2018-06-08,3.5999999046325684,3.5999999046325684,3.5999999046325684,3.5999999046325684,3.5999999046325684,10
2018-06-11,3.5999999046325684,3.5999999046325684,3.5999999046325684,3.5999999046325684,3.5999999046325684,2
2018-06-12,3.5999999046325684,3.5999999046325684,3.5999999046325684,3.5999999046325684,3.5999999046325684,50
2018-06-13,3.450000047683716,3.450000047683716,3.450000047683716,3.450000047683716,3.450000047683716,299
2018-06-14,3.450000047683716,3.5999999046325684,3.450000047683716,3.5999999046325684,3.5999999046325684,38
2018-06-15,3.450000047683716,3.450000047683716,3.450000047683716,3.450000047683716,3.450000047683716,1
2018-06-18,3.450000047683716,3.450000047683716,3.3499999046325684,3.3499999046325684,3.3499999046325684,892
2018-06-19,3.299999952316284,3.299999952316284,3.299999952316284,3.299999952316284,3.299999952316284,99
2018-06-20,3.299999952316284,3.299999952316284,3.1500000953674316,3.1500000953674316,3.1500000953674316,600
2018-06-21,3.1500000953674316,3.1500000953674316,3.0,3.0,3.0,741
2018-06-22,2.8499999046325684,2.8499999046325684,2.8499999046325684,2.8499999046325684,2.8499999046325684,4
2018-06-25,2.950000047683716,2.950000047683716,2.950000047683716,2.950000047683716,2.950000047683716,200
2018-06-26,2.950000047683716,2.950000047683716,2.950000047683716,2.950000047683716,2.950000047683716,0
2018-06-27,2.950000047683716,2.950000047683716,2.950000047683716,2.950000047683716,2.950000047683716,0
2018-06-28,3.3499999046325684,3.3499999046325684,3.3499999046325684,3.3499999046325684,3.3499999046325684,242
2018-06-29,3.3499999046325684,3.3499999046325684,3.3499999046325684,3.3499999046325684,3.3499999046325684,0
2018-07-02,3.3499999046325684,3.3499999046325684,3.3499999046325684,3.3499999046325684,3.3499999046325684,0
2018-07-03,3.5,3.5,3.5,3.5,3.5,201
2018-07-04,3.3499999046325684,3.3499999046325684,3.3499999046325684,3.3499999046325684,3.3499999046325684,3000
2018-07-05,3.3499999046325684,3.4000000953674316,3.3499999046325684,3.4000000953674316,3.4000000953674316,7182
2018-07-06,3.25,3.549999952316284,3.25,3.5,3.5,7031
2018-07-09,3.5,3.5,3.5,3.5,3.5,0
2018-07-10,3.5,3.5,3.5,3.5,3.5,0
2018-07-11,3.5,3.5,3.5,3.5,3.5,0
2018-07-12,3.5,3.5,3.5,3.5,3.5,0
2018-07-13,3.5,3.5,3.5,3.5,3.5,232
2018-07-16,3.5,3.5,3.5,3.5,3.5,0
2018-07-17,3.5,3.5,3.5,3.5,3.5,0
2018-07-18,3.5,3.5,3.5,3.5,3.5,0
2018-07-19,3.5,3.5,3.5,3.5,3.5,0
2018-07-20,3.5,3.5,3.5,3.5,3.5,0
2018-07-23,3.5,3.5,3.5,3.5,3.5,0
2018-07-24,3.5,3.5,3.5,3.5,3.5,0
2018-07-25,3.5,3.5,3.5,3.5,3.5,100
2018-07-26,3.5,3.5,3.5,3.5,3.5,105
2018-07-27,3.549999952316284,3.549999952316284,3.549999952316284,3.549999952316284,3.549999952316284,2
2018-07-30,3.549999952316284,3.549999952316284,3.549999952316284,3.549999952316284,3.549999952316284,0
2018-07-31,3.549999952316284,3.549999952316284,3.549999952316284,3.549999952316284,3.549999952316284,0
2018-08-01,3.549999952316284,3.549999952316284,3.549999952316284,3.549999952316284,3.549999952316284,0
2018-08-02,3.549999952316284,3.549999952316284,3.549999952316284,3.549999952316284,3.549999952316284,160
2018-08-03,3.549999952316284,3.549999952316284,3.549999952316284,3.549999952316284,3.549999952316284,0
2018-08-06,3.549999952316284,3.549999952316284,3.549999952316284,3.549999952316284,3.549999952316284,121
2018-08-07,3.549999952316284,3.549999952316284,3.549999952316284,3.549999952316284,3.549999952316284,0
2018-08-08,3.549999952316284,3.549999952316284,3.549999952316284,3.549999952316284,3.549999952316284,3
2018-08-09,3.549999952316284,3.549999952316284,3.549999952316284,3.549999952316284,3.549999952316284,0
2018-08-10,3.549999952316284,3.549999952316284,3.549999952316284,3.549999952316284,3.549999952316284,0
2018-08-13,3.4000000953674316,3.4000000953674316,3.4000000953674316,3.4000000953674316,3.4000000953674316,400
2018-08-14,3.299999952316284,3.299999952316284,3.299999952316284,3.299999952316284,3.299999952316284,100
2018-08-16,3.299999952316284,3.299999952316284,3.299999952316284,3.299999952316284,3.299999952316284,0
2018-08-17,3.1500000953674316,3.1500000953674316,3.1500000953674316,3.1500000953674316,3.1500000953674316,250
2018-08-20,3.1500000953674316,3.1500000953674316,3.1500000953674316,3.1500000953674316,3.1500000953674316,0
2018-08-21,3.0,3.0,3.0,3.0,3.0,400
2018-08-23,3.0,3.0,3.0,3.0,3.0,0
2018-08-24,3.0,3.0,3.0,3.0,3.0,0
2018-08-27,3.0,3.0,3.0,3.0,3.0,0
2018-08-28,2.8499999046325684,2.8499999046325684,2.8499999046325684,2.8499999046325684,2.8499999046325684,375
2018-08-29,2.8499999046325684,2.8499999046325684,2.8499999046325684,2.8499999046325684,2.8499999046325684,0
2018-08-30,2.8499999046325684,2.8499999046325684,2.8499999046325684,2.8499999046325684,2.8499999046325684,0
2018-08-31,2.8499999046325684,2.8499999046325684,2.8499999046325684,2.8499999046325684,2.8499999046325684,0
2018-09-03,2.8499999046325684,2.8499999046325684,2.8499999046325684,2.8499999046325684,2.8499999046325684,0
2018-09-04,2.75,2.75,2.75,2.75,2.75,250
2018-09-05,2.75,2.75,2.75,2.75,2.75,0
2018-09-06,2.75,2.75,2.75,2.75,2.75,0
2018-09-07,2.75,2.75,2.75,2.75,2.75,0
2018-09-10,2.75,2.75,2.75,2.75,2.75,100
2018-09-11,2.6500000953674316,2.700000047683716,2.6500000953674316,2.6500000953674316,2.6500000953674316,998
2018-09-12,2.6500000953674316,2.6500000953674316,2.6500000953674316,2.6500000953674316,2.6500000953674316,5000
2018-09-14,2.6500000953674316,2.6500000953674316,2.6500000953674316,2.6500000953674316,2.6500000953674316,0
2018-09-17,2.549999952316284,2.549999952316284,2.549999952316284,2.549999952316284,2.549999952316284,147
2018-09-18,2.549999952316284,2.549999952316284,2.549999952316284,2.549999952316284,2.549999952316284,0
2018-09-19,2.450000047683716,2.450000047683716,2.450000047683716,2.450000047683716,2.450000047683716,575
2018-09-21,2.450000047683716,2.450000047683716,2.450000047683716,2.450000047683716,2.450000047683716,0
2018-09-24,2.450000047683716,2.450000047683716,2.450000047683716,2.450000047683716,2.450000047683716,0
2018-09-25,2.450000047683716,2.450000047683716,2.450000047683716,2.450000047683716,2.450000047683716,0
2018-09-26,2.450000047683716,2.450000047683716,2.450000047683716,2.450000047683716,2.450000047683716,0
2018-09-27,2.450000047683716,2.450000047683716,2.450000047683716,2.450000047683716,2.450000047683716,1
2018-09-28,2.450000047683716,2.450000047683716,2.450000047683716,2.450000047683716,2.450000047683716,0
2018-10-01,2.450000047683716,2.450000047683716,2.450000047683716,2.450000047683716,2.450000047683716,0
2018-10-03,2.450000047683716,2.450000047683716,2.450000047683716,2.450000047683716,2.450000047683716,0
2018-10-04,2.450000047683716,2.450000047683716,2.450000047683716,2.450000047683716,2.450000047683716,0
2018-10-05,2.549999952316284,2.549999952316284,2.549999952316284,2.549999952316284,2.549999952316284,2
2018-10-08,2.3499999046325684,2.3499999046325684,2.3499999046325684,2.3499999046325684,2.3499999046325684,1
2018-10-09,2.3499999046325684,2.3499999046325684,2.3499999046325684,2.3499999046325684,2.3499999046325684,0
2018-10-10,2.3499999046325684,2.3499999046325684,2.3499999046325684,2.3499999046325684,2.3499999046325684,0
2018-10-11,2.3499999046325684,2.3499999046325684,2.3499999046325684,2.3499999046325684,2.3499999046325684,0
2018-10-12,2.3499999046325684,2.3499999046325684,2.3499999046325684,2.3499999046325684,2.3499999046325684,0
2018-10-15,2.3499999046325684,2.3499999046325684,2.3499999046325684,2.3499999046325684,2.3499999046325684,0
2018-10-16,2.3499999046325684,2.3499999046325684,2.3499999046325684,2.3499999046325684,2.3499999046325684,232
2018-10-17,2.3499999046325684,2.3499999046325684,2.3499999046325684,2.3499999046325684,2.3499999046325684,0
2018-10-19,2.3499999046325684,2.3499999046325684,2.3499999046325684,2.3499999046325684,2.3499999046325684,0
2018-10-22,2.3499999046325684,2.3499999046325684,2.3499999046325684,2.3499999046325684,2.3499999046325684,0
2018-10-23,2.3499999046325684,2.3499999046325684,2.3499999046325684,2.3499999046325684,2.3499999046325684,0
2018-10-24,2.3499999046325684,2.3499999046325684,2.3499999046325684,2.3499999046325684,2.3499999046325684,0
2018-10-25,2.3499999046325684,2.3499999046325684,2.3499999046325684,2.3499999046325684,2.3499999046325684,0
2018-10-26,2.25,2.25,2.25,2.25,2.25,1000
2018-10-29,2.25,2.25,2.25,2.25,2.25,0
2018-10-30,2.25,2.25,2.25,2.25,2.25,304
2018-10-31,2.25,2.25,2.25,2.25,2.25,0
2018-11-01,2.25,2.25,2.25,2.25,2.25,0
2018-11-02,2.25,2.25,2.25,2.25,2.25,0
2018-11-05,2.25,2.25,2.25,2.25,2.25,0
2018-11-06,2.25,2.25,2.25,2.25,2.25,0
2018-11-07,2.25,2.25,2.25,2.25,2.25,0
2018-11-09,2.25,2.25,2.25,2.25,2.25,0
2018-11-12,2.200000047683716,2.200000047683716,2.200000047683716,2.200000047683716,2.200000047683716,800
2018-11-13,2.200000047683716,2.200000047683716,2.200000047683716,2.200000047683716,2.200000047683716,500
2018-11-14,2.200000047683716,2.200000047683716,2.200000047683716,2.200000047683716,2.200000047683716,0
2018-11-15,2.25,2.25,2.25,2.25,2.25,142
2018-11-16,2.450000047683716,2.450000047683716,2.450000047683716,2.450000047683716,2.450000047683716,500
2018-11-19,2.5,2.5,2.5,2.5,2.5,400
2018-11-20,2.5,2.5,2.5,2.5,2.5,300
2018-11-21,2.5,2.5,2.5,2.5,2.5,0
2018-11-22,2.5,2.5,2.5,2.5,2.5,400
2018-11-26,2.5,2.5,2.5,2.5,2.5,0
2018-11-27,2.5,2.5,2.5,2.5,2.5,0
2018-11-28,2.5,2.5,2.5,2.5,2.5,0
2018-11-29,2.5,2.5,2.5,2.5,2.5,0
2018-11-30,2.5999999046325684,2.5999999046325684,2.5999999046325684,2.5999999046325684,2.5999999046325684,300
2018-12-03,2.5999999046325684,2.5999999046325684,2.5999999046325684,2.5999999046325684,2.5999999046325684,100
2018-12-04,2.5999999046325684,2.5999999046325684,2.5999999046325684,2.5999999046325684,2.5999999046325684,0
2018-12-05,2.5999999046325684,2.5999999046325684,2.5999999046325684,2.5999999046325684,2.5999999046325684,0
2018-12-06,2.5,2.5,2.5,2.5,2.5,150
2018-12-07,2.5,2.5,2.5,2.5,2.5,0
2018-12-10,2.5,2.5,2.5,2.5,2.5,0
2018-12-11,2.5,2.5,2.5,2.5,2.5,0
2018-12-12,2.5,2.5,2.5,2.5,2.5,0
2018-12-13,2.5999999046325684,2.5999999046325684,2.5999999046325684,2.5999999046325684,2.5999999046325684,150
2018-12-14,2.5999999046325684,2.5999999046325684,2.5999999046325684,2.5999999046325684,2.5999999046325684,0
2018-12-17,2.549999952316284,2.549999952316284,2.549999952316284,2.549999952316284,2.549999952316284,50
2018-12-18,2.549999952316284,2.549999952316284,2.549999952316284,2.549999952316284,2.549999952316284,0
2018-12-19,2.5,2.5,2.5,2.5,2.5,9
2018-12-20,2.5,2.5,2.5,2.5,2.5,0
2018-12-21,2.5,2.5,2.5,2.5,2.5,0
2018-12-24,2.450000047683716,2.450000047683716,2.450000047683716,2.450000047683716,2.450000047683716,7
2018-12-26,2.450000047683716,2.450000047683716,2.450000047683716,2.450000047683716,2.450000047683716,0
2018-12-27,2.450000047683716,2.450000047683716,2.450000047683716,2.450000047683716,2.450000047683716,0
2018-12-28,2.3499999046325684,2.3499999046325684,2.3499999046325684,2.3499999046325684,2.3499999046325684,475
2018-12-31,2.299999952316284,2.299999952316284,2.299999952316284,2.299999952316284,2.299999952316284,40
2019-01-01,2.299999952316284,2.299999952316284,2.299999952316284,2.299999952316284,2.299999952316284,0
2019-01-02,2.299999952316284,2.299999952316284,2.299999952316284,2.299999952316284,2.299999952316284,0
2019-01-03,2.299999952316284,2.299999952316284,2.299999952316284,2.299999952316284,2.299999952316284,0
2019-01-04,2.299999952316284,2.299999952316284,2.299999952316284,2.299999952316284,2.299999952316284,0
2019-01-07,2.299999952316284,2.299999952316284,2.299999952316284,2.299999952316284,2.299999952316284,0
2019-01-08,2.299999952316284,2.299999952316284,2.299999952316284,2.299999952316284,2.299999952316284,0
2019-01-09,2.4000000953674316,2.4000000953674316,2.4000000953674316,2.4000000953674316,2.4000000953674316,100
2019-01-10,2.4000000953674316,2.4000000953674316,2.4000000953674316,2.4000000953674316,2.4000000953674316,0
2019-01-11,2.4000000953674316,2.4000000953674316,2.4000000953674316,2.4000000953674316,2.4000000953674316,0
2019-01-14,2.4000000953674316,2.4000000953674316,2.4000000953674316,2.4000000953674316,2.4000000953674316,0
2019-01-15,2.4000000953674316,2.4000000953674316,2.4000000953674316,2.4000000953674316,2.4000000953674316,0
2019-01-16,2.4000000953674316,2.4000000953674316,2.4000000953674316,2.4000000953674316,2.4000000953674316,0
2019-01-17,2.4000000953674316,2.4000000953674316,2.4000000953674316,2.4000000953674316,2.4000000953674316,0
2019-01-18,2.3499999046325684,2.3499999046325684,2.3499999046325684,2.3499999046325684,2.3499999046325684,175
2019-01-21,2.3499999046325684,2.3499999046325684,2.3499999046325684,2.3499999046325684,2.3499999046325684,0
2019-01-22,2.3499999046325684,2.3499999046325684,2.3499999046325684,2.3499999046325684,2.3499999046325684,0
2019-01-23,2.3499999046325684,2.3499999046325684,2.3499999046325684,2.3499999046325684,2.3499999046325684,0
2019-01-24,2.299999952316284,2.299999952316284,2.299999952316284,2.299999952316284,2.299999952316284,25
2019-01-25,2.25,2.25,2.25,2.25,2.25,90
2019-01-28,2.25,2.25,2.25,2.25,2.25,0
2019-01-29,2.25,2.25,2.25,2.25,2.25,0
2019-01-30,2.25,2.25,2.25,2.25,2.25,0
2019-01-31,2.25,2.25,2.25,2.25,2.25,0
2019-02-01,2.200000047683716,2.200000047683716,2.200000047683716,2.200000047683716,2.200000047683716,150
2019-02-04,2.200000047683716,2.200000047683716,2.200000047683716,2.200000047683716,2.200000047683716,0
2019-02-05,2.1500000953674316,2.1500000953674316,2.1500000953674316,2.1500000953674316,2.1500000953674316,7
2019-02-06,2.1500000953674316,2.1500000953674316,2.1500000953674316,2.1500000953674316,2.1500000953674316,0
2019-02-07,2.1500000953674316,2.1500000953674316,2.1500000953674316,2.1500000953674316,2.1500000953674316,0
2019-02-08,2.1500000953674316,2.1500000953674316,2.1500000953674316,2.1500000953674316,2.1500000953674316,0
2019-02-11,2.1500000953674316,2.1500000953674316,2.1500000953674316,2.1500000953674316,2.1500000953674316,0
2019-02-12,2.1500000953674316,2.1500000953674316,2.1500000953674316,2.1500000953674316,2.1500000953674316,0
2019-02-14,2.1500000953674316,2.1500000953674316,2.1500000953674316,2.1500000953674316,2.1500000953674316,0
2019-02-15,2.1500000953674316,2.1500000953674316,2.1500000953674316,2.1500000953674316,2.1500000953674316,0
2019-02-18,2.1500000953674316,2.1500000953674316,2.1500000953674316,2.1500000953674316,2.1500000953674316,0
2019-02-19,2.1500000953674316,2.1500000953674316,2.1500000953674316,2.1500000953674316,2.1500000953674316,0
2019-02-20,2.1500000953674316,2.1500000953674316,2.1500000953674316,2.1500000953674316,2.1500000953674316,0
2019-02-21,2.1500000953674316,2.1500000953674316,2.1500000953674316,2.1500000953674316,2.1500000953674316,0
2019-02-22,2.1500000953674316,2.1500000953674316,2.1500000953674316,2.1500000953674316,2.1500000953674316,0
2019-02-25,2.1500000953674316,2.1500000953674316,2.1500000953674316,2.1500000953674316,2.1500000953674316,0
2019-02-26,2.1500000953674316,2.1500000953674316,2.1500000953674316,2.1500000953674316,2.1500000953674316,0
2019-02-27,2.1500000953674316,2.1500000953674316,2.1500000953674316,2.1500000953674316,2.1500000953674316,0
2019-02-28,2.1500000953674316,2.1500000953674316,2.1500000953674316,2.1500000953674316,2.1500000953674316,0
2019-03-01,2.1500000953674316,2.1500000953674316,2.1500000953674316,2.1500000953674316,2.1500000953674316,0
2019-03-05,2.1500000953674316,2.1500000953674316,2.1500000953674316,2.1500000953674316,2.1500000953674316,0
2019-03-06,2.1500000953674316,2.1500000953674316,2.1500000953674316,2.1500000953674316,2.1500000953674316,0
2019-03-07,2.1500000953674316,2.1500000953674316,2.1500000953674316,2.1500000953674316,2.1500000953674316,0
2019-03-08,2.1500000953674316,2.1500000953674316,2.1500000953674316,2.1500000953674316,2.1500000953674316,0
2019-03-11,2.1500000953674316,2.1500000953674316,2.1500000953674316,2.1500000953674316,2.1500000953674316,34
2019-03-12,2.049999952316284,2.049999952316284,2.049999952316284,2.049999952316284,2.049999952316284,500
2019-03-13,2.049999952316284,2.049999952316284,2.049999952316284,2.049999952316284,2.049999952316284,0
2019-03-14,2.049999952316284,2.049999952316284,2.049999952316284,2.049999952316284,2.049999952316284,0
2019-03-15,2.049999952316284,2.049999952316284,2.049999952316284,2.049999952316284,2.049999952316284,0
2019-03-18,2.1500000953674316,2.1500000953674316,2.1500000953674316,2.1500000953674316,2.1500000953674316,628
2019-03-19,2.25,2.25,2.25,2.25,2.25,62
2019-03-20,2.25,2.25,2.25,2.25,2.25,0
2019-03-22,2.25,2.25,2.25,2.25,2.25,500
2019-03-25,2.3499999046325684,2.3499999046325684,2.3499999046325684,2.3499999046325684,2.3499999046325684,100
2019-03-26,2.3499999046325684,2.3499999046325684,2.3499999046325684,2.3499999046325684,2.3499999046325684,0
2019-03-27,2.450000047683716,2.450000047683716,2.4000000953674316,2.450000047683716,2.450000047683716,1944
2019-03-28,2.450000047683716,2.450000047683716,2.450000047683716,2.450000047683716,2.450000047683716,0
2019-04-01,2.25,2.25,2.25,2.25,2.25,950
2019-04-02,2.25,2.25,2.25,2.25,2.25,0
2019-04-03,2.25,2.25,2.25,2.25,2.25,0
2019-04-04,2.25,2.25,2.25,2.25,2.25,0
2019-04-05,2.25,2.25,2.25,2.25,2.25,0
2019-04-08,2.25,2.25,2.25,2.25,2.25,0
2019-04-09,2.25,2.25,2.25,2.25,2.25,0
2019-04-10,2.25,2.25,2.25,2.25,2.25,0
2019-04-11,2.25,2.25,2.25,2.25,2.25,0
2019-04-12,2.25,2.25,2.25,2.25,2.25,0
2019-04-15,2.25,2.25,2.25,2.25,2.25,0
2019-04-16,2.25,2.25,2.25,2.25,2.25,1200
2019-04-18,2.25,2.25,2.25,2.25,2.25,455
2019-04-22,2.25,2.25,2.25,2.25,2.25,10
2019-04-23,2.25,2.25,2.25,2.25,2.25,0
2019-04-24,2.25,2.25,2.25,2.25,2.25,0
2019-04-25,2.25,2.25,2.25,2.25,2.25,2582
2019-04-26,2.25,2.25,2.25,2.25,2.25,10
2019-04-30,2.25,2.25,2.25,2.25,2.25,0
2019-05-02,2.25,2.25,2.25,2.25,2.25,302
2019-05-03,2.25,2.25,2.25,2.25,2.25,0
2019-05-06,2.25,2.25,2.25,2.25,2.25,0
2019-05-07,2.25,2.25,2.25,2.25,2.25,0
2019-05-08,2.25,2.25,2.25,2.25,2.25,0
2019-05-09,2.25,2.25,2.25,2.25,2.25,0
2019-05-10,2.25,2.25,2.25,2.25,2.25,0
2019-05-13,2.25,2.25,2.25,2.25,2.25,0
2019-05-14,2.25,2.25,2.25,2.25,2.25,0
2019-05-15,2.200000047683716,2.200000047683716,2.1500000953674316,2.200000047683716,2.200000047683716,2364
2019-05-16,2.200000047683716,2.200000047683716,2.200000047683716,2.200000047683716,2.200000047683716,0
2019-05-17,2.200000047683716,2.200000047683716,2.200000047683716,2.200000047683716,2.200000047683716,0
2019-05-20,2.200000047683716,2.200000047683716,2.200000047683716,2.200000047683716,2.200000047683716,0
2019-05-21,2.200000047683716,2.200000047683716,2.200000047683716,2.200000047683716,2.200000047683716,0
2019-05-22,2.299999952316284,2.299999952316284,2.299999952316284,2.299999952316284,2.299999952316284,200
2019-05-23,2.299999952316284,2.299999952316284,2.299999952316284,2.299999952316284,2.299999952316284,120
2019-05-24,2.4000000953674316,2.4000000953674316,2.4000000953674316,2.4000000953674316,2.4000000953674316,232
2019-05-27,2.4000000953674316,2.4000000953674316,2.4000000953674316,2.4000000953674316,2.4000000953674316,0
2019-05-28,2.4000000953674316,2.4000000953674316,2.4000000953674316,2.4000000953674316,2.4000000953674316,250
2019-05-29,2.4000000953674316,2.4000000953674316,2.4000000953674316,2.4000000953674316,2.4000000953674316,0
2019-05-30,2.4000000953674316,2.4000000953674316,2.4000000953674316,2.4000000953674316,2.4000000953674316,0
2019-05-31,2.4000000953674316,2.4000000953674316,2.4000000953674316,2.4000000953674316,2.4000000953674316,0
2019-06-03,2.4000000953674316,2.4000000953674316,2.4000000953674316,2.4000000953674316,2.4000000953674316,136
2019-06-04,2.4000000953674316,2.4000000953674316,2.4000000953674316,2.4000000953674316,2.4000000953674316,0
2019-06-06,2.4000000953674316,2.4000000953674316,2.4000000953674316,2.4000000953674316,2.4000000953674316,0
2019-06-07,2.4000000953674316,2.4000000953674316,2.4000000953674316,2.4000000953674316,2.4000000953674316,160
2019-06-10,2.4000000953674316,2.4000000953674316,2.4000000953674316,2.4000000953674316,2.4000000953674316,100
2019-06-11,2.4000000953674316,2.4000000953674316,2.4000000953674316,2.4000000953674316,2.4000000953674316,0
2019-06-12,2.4000000953674316,2.4000000953674316,2.4000000953674316,2.4000000953674316,2.4000000953674316,0
2019-06-13,2.4000000953674316,2.4000000953674316,2.4000000953674316,2.4000000953674316,2.4000000953674316,45
2019-06-14,2.4000000953674316,2.4000000953674316,2.4000000953674316,2.4000000953674316,2.4000000953674316,0
2019-06-17,2.4000000953674316,2.4000000953674316,2.4000000953674316,2.4000000953674316,2.4000000953674316,0
2019-06-18,2.4000000953674316,2.4000000953674316,2.4000000953674316,2.4000000953674316,2.4000000953674316,0
2019-06-19,2.4000000953674316,2.4000000953674316,2.4000000953674316,2.4000000953674316,2.4000000953674316,15
2019-06-20,2.4000000953674316,2.4000000953674316,2.4000000953674316,2.4000000953674316,2.4000000953674316,0
2019-06-21,2.4000000953674316,2.4000000953674316,2.4000000953674316,2.4000000953674316,2.4000000953674316,0
2019-06-24,2.4000000953674316,2.4000000953674316,2.4000000953674316,2.4000000953674316,2.4000000953674316,0
2019-06-25,2.4000000953674316,2.4000000953674316,2.4000000953674316,2.4000000953674316,2.4000000953674316,0
2019-06-26,2.4000000953674316,2.4000000953674316,2.4000000953674316,2.4000000953674316,2.4000000953674316,0
2019-06-27,2.4000000953674316,2.4000000953674316,2.4000000953674316,2.4000000953674316,2.4000000953674316,300
2019-06-28,2.4000000953674316,2.4000000953674316,2.4000000953674316,2.4000000953674316,2.4000000953674316,0
2019-07-01,2.4000000953674316,2.4000000953674316,2.4000000953674316,2.4000000953674316,2.4000000953674316,0
2019-07-02,2.4000000953674316,2.4000000953674316,2.4000000953674316,2.4000000953674316,2.4000000953674316,0
2019-07-03,2.4000000953674316,2.4000000953674316,2.4000000953674316,2.4000000953674316,2.4000000953674316,0
2019-07-04,2.4000000953674316,2.4000000953674316,2.4000000953674316,2.4000000953674316,2.4000000953674316,0
2019-07-05,2.4000000953674316,2.4000000953674316,2.4000000953674316,2.4000000953674316,2.4000000953674316,0
2019-07-08,2.4000000953674316,2.4000000953674316,2.4000000953674316,2.4000000953674316,2.4000000953674316,225
2019-07-09,2.4000000953674316,2.4000000953674316,2.4000000953674316,2.4000000953674316,2.4000000953674316,0
2019-07-10,2.4000000953674316,2.4000000953674316,2.4000000953674316,2.4000000953674316,2.4000000953674316,0
2019-07-11,2.4000000953674316,2.4000000953674316,2.4000000953674316,2.4000000953674316,2.4000000953674316,0
2019-07-12,2.4000000953674316,2.4000000953674316,2.4000000953674316,2.4000000953674316,2.4000000953674316,0
2019-07-15,2.4000000953674316,2.4000000953674316,2.4000000953674316,2.4000000953674316,2.4000000953674316,0
2019-07-16,2.4000000953674316,2.4000000953674316,2.4000000953674316,2.4000000953674316,2.4000000953674316,0
2019-07-17,2.4000000953674316,2.4000000953674316,2.4000000953674316,2.4000000953674316,2.4000000953674316,0
2019-07-18,2.4000000953674316,2.4000000953674316,2.4000000953674316,2.4000000953674316,2.4000000953674316,0
2019-07-19,2.4000000953674316,2.4000000953674316,2.4000000953674316,2.4000000953674316,2.4000000953674316,0
2019-07-22,2.299999952316284,2.299999952316284,2.299999952316284,2.299999952316284,2.299999952316284,120
2019-07-23,2.299999952316284,2.299999952316284,2.299999952316284,2.299999952316284,2.299999952316284,0
2019-07-24,2.4000000953674316,2.4000000953674316,2.200000047683716,2.4000000953674316,2.4000000953674316,3570
2019-07-25,2.4000000953674316,2.4000000953674316,2.299999952316284,2.4000000953674316,2.4000000953674316,355
2019-07-26,2.5,2.5,2.4000000953674316,2.5,2.5,145
2019-07-29,2.5,2.5,2.5,2.5,2.5,241
2019-07-30,2.5999999046325684,2.5999999046325684,2.5999999046325684,2.5999999046325684,2.5999999046325684,25
2019-07-31,2.5999999046325684,2.5999999046325684,2.5999999046325684,2.5999999046325684,2.5999999046325684,0
2019-08-01,2.5999999046325684,2.5999999046325684,2.5999999046325684,2.5999999046325684,2.5999999046325684,0
2019-08-02,2.5999999046325684,2.5999999046325684,2.5999999046325684,2.5999999046325684,2.5999999046325684,0
2019-08-05,2.5,2.5,2.5,2.5,2.5,300
2019-08-06,2.5,2.5,2.5,2.5,2.5,0
2019-08-07,2.4000000953674316,2.4000000953674316,2.4000000953674316,2.4000000953674316,2.4000000953674316,200
2019-08-08,2.5,2.5,2.299999952316284,2.5,2.5,232
2019-08-09,2.5,2.5,2.5,2.5,2.5,0
2019-08-13,2.5,2.5,2.5,2.5,2.5,15
2019-08-14,2.5,2.5,2.5,2.5,2.5,30
2019-08-16,2.5,2.5,2.5,2.5,2.5,0
2019-08-19,2.5,2.5,2.5,2.5,2.5,200
2019-08-20,2.5,2.5,2.5,2.5,2.5,0
2019-08-21,2.5,2.5,2.5,2.5,2.5,0
2019-08-22,2.5,2.5,2.5,2.5,2.5,0
2019-08-23,2.5,2.5,2.5,2.5,2.5,0
2019-08-26,2.5,2.5,2.5,2.5,2.5,0
2019-08-27,2.450000047683716,2.450000047683716,2.450000047683716,2.450000047683716,2.450000047683716,30
2019-08-28,2.450000047683716,2.450000047683716,2.450000047683716,2.450000047683716,2.450000047683716,0
2019-08-29,2.450000047683716,2.450000047683716,2.450000047683716,2.450000047683716,2.450000047683716,0
2019-08-30,2.450000047683716,2.450000047683716,2.450000047683716,2.450000047683716,2.450000047683716,0
2019-09-03,2.450000047683716,2.450000047683716,2.450000047683716,2.450000047683716,2.450000047683716,0
2019-09-04,2.450000047683716,2.450000047683716,2.450000047683716,2.450000047683716,2.450000047683716,0
2019-09-05,2.450000047683716,2.450000047683716,2.450000047683716,2.450000047683716,2.450000047683716,0
2019-09-06,2.3499999046325684,2.3499999046325684,2.3499999046325684,2.3499999046325684,2.3499999046325684,150
2019-09-09,2.3499999046325684,2.3499999046325684,2.3499999046325684,2.3499999046325684,2.3499999046325684,400
2019-09-11,2.3499999046325684,2.3499999046325684,2.3499999046325684,2.3499999046325684,2.3499999046325684,0
2019-09-12,2.3499999046325684,2.3499999046325684,2.3499999046325684,2.3499999046325684,2.3499999046325684,0
2019-09-13,2.450000047683716,2.450000047683716,2.450000047683716,2.450000047683716,2.450000047683716,9723
2019-09-16,2.450000047683716,2.450000047683716,2.450000047683716,2.450000047683716,2.450000047683716,0
2019-09-17,2.450000047683716,2.450000047683716,2.450000047683716,2.450000047683716,2.450000047683716,0
2019-09-18,2.450000047683716,2.450000047683716,2.450000047683716,2.450000047683716,2.450000047683716,0
2019-09-19,2.450000047683716,2.450000047683716,2.450000047683716,2.450000047683716,2.450000047683716,0
2019-09-20,2.549999952316284,2.549999952316284,2.4000000953674316,2.549999952316284,2.549999952316284,666
2019-09-23,2.549999952316284,2.549999952316284,2.549999952316284,2.549999952316284,2.549999952316284,0
2019-09-24,2.549999952316284,2.549999952316284,2.549999952316284,2.549999952316284,2.549999952316284,0
2019-09-25,2.549999952316284,2.549999952316284,2.549999952316284,2.549999952316284,2.549999952316284,0
2019-09-26,2.549999952316284,2.549999952316284,2.549999952316284,2.549999952316284,2.549999952316284,0
2019-09-27,2.549999952316284,2.549999952316284,2.549999952316284,2.549999952316284,2.549999952316284,0
2019-09-30,2.549999952316284,2.549999952316284,2.549999952316284,2.549999952316284,2.549999952316284,0
2019-10-01,2.549999952316284,2.549999952316284,2.549999952316284,2.549999952316284,2.549999952316284,0
2019-10-03,2.549999952316284,2.549999952316284,2.549999952316284,2.549999952316284,2.549999952316284,0
2019-10-04,2.549999952316284,2.549999952316284,2.549999952316284,2.549999952316284,2.549999952316284,20
2019-10-07,2.5999999046325684,2.5999999046325684,2.5999999046325684,2.5999999046325684,2.5999999046325684,200
2019-10-09,2.5999999046325684,2.5999999046325684,2.5999999046325684,2.5999999046325684,2.5999999046325684,0
2019-10-10,2.5999999046325684,2.5999999046325684,2.5999999046325684,2.5999999046325684,2.5999999046325684,0
2019-10-11,2.5999999046325684,2.5999999046325684,2.5999999046325684,2.5999999046325684,2.5999999046325684,0
2019-10-14,2.5999999046325684,2.5999999046325684,2.5999999046325684,2.5999999046325684,2.5999999046325684,0
2019-10-15,2.5999999046325684,2.700000047683716,2.5999999046325684,2.700000047683716,2.700000047683716,810
2019-10-16,2.799999952316284,2.799999952316284,2.799999952316284,2.799999952316284,2.799999952316284,8397
2019-10-17,2.9000000953674316,2.9000000953674316,2.9000000953674316,2.9000000953674316,2.9000000953674316,509
2019-10-18,3.0,3.0,3.0,3.0,3.0,164
2019-10-22,3.1500000953674316,3.1500000953674316,3.0,3.0999999046325684,3.0999999046325684,4035
2019-10-23,3.0999999046325684,3.0999999046325684,2.950000047683716,3.0,3.0,2789
2019-10-24,3.0,3.1500000953674316,2.8499999046325684,2.8499999046325684,2.8499999046325684,12358
2019-10-25,2.8499999046325684,2.950000047683716,2.8499999046325684,2.950000047683716,2.950000047683716,1298
2019-10-29,3.200000047683716,3.200000047683716,3.049999952316284,3.200000047683716,3.200000047683716,1066
2019-10-30,3.3499999046325684,3.3499999046325684,3.299999952316284,3.3499999046325684,3.3499999046325684,8447
2019-10-31,3.5,3.5,3.5,3.5,3.5,1693
2019-11-01,3.6500000953674316,3.6500000953674316,3.6500000953674316,3.6500000953674316,3.6500000953674316,2350
2019-11-04,3.75,3.799999952316284,3.75,3.799999952316284,3.799999952316284,7910
2019-11-05,3.950000047683716,3.950000047683716,3.9000000953674316,3.950000047683716,3.950000047683716,6397
2019-11-06,4.050000190734863,4.050000190734863,3.799999952316284,3.799999952316284,3.799999952316284,21347
2019-11-07,3.6500000953674316,3.6500000953674316,3.6500000953674316,3.6500000953674316,3.6500000953674316,2427
2019-11-08,3.5,3.5,3.5,3.5,3.5,1620
2019-11-11,3.3499999046325684,3.3499999046325684,3.3499999046325684,3.3499999046325684,3.3499999046325684,220
2019-11-13,3.299999952316284,3.299999952316284,3.200000047683716,3.200000047683716,3.200000047683716,2245
2019-11-14,3.049999952316284,3.049999952316284,3.049999952316284,3.049999952316284,3.049999952316284,175
2019-11-15,2.9000000953674316,2.9000000953674316,2.9000000953674316,2.9000000953674316,2.9000000953674316,988
2019-11-18,2.799999952316284,2.799999952316284,2.799999952316284,2.799999952316284,2.799999952316284,2192
2019-11-19,2.700000047683716,2.9000000953674316,2.700000047683716,2.9000000953674316,2.9000000953674316,19915
2019-11-20,2.9000000953674316,3.0,2.799999952316284,2.950000047683716,2.950000047683716,11237
2019-11-21,2.950000047683716,3.049999952316284,2.8499999046325684,2.8499999046325684,2.8499999046325684,3520
2019-11-22,2.8499999046325684,2.950000047683716,2.75,2.950000047683716,2.950000047683716,16400
2019-11-25,2.950000047683716,2.950000047683716,2.8499999046325684,2.8499999046325684,2.8499999046325684,316
2019-11-26,2.75,2.8499999046325684,2.75,2.8499999046325684,2.8499999046325684,5359
2019-11-27,2.950000047683716,2.950000047683716,2.75,2.75,2.75,7871
2019-11-28,2.75,2.8499999046325684,2.75,2.8499999046325684,2.8499999046325684,4987
2019-11-29,2.950000047683716,2.950000047683716,2.75,2.950000047683716,2.950000047683716,15007
2019-12-02,2.9000000953674316,3.049999952316284,2.9000000953674316,3.049999952316284,3.049999952316284,2712
2019-12-03,3.200000047683716,3.200000047683716,2.9000000953674316,3.1500000953674316,3.1500000953674316,12953
2019-12-04,3.1500000953674316,3.299999952316284,3.0,3.299999952316284,3.299999952316284,6100
2019-12-05,3.4000000953674316,3.450000047683716,3.200000047683716,3.450000047683716,3.450000047683716,5027
2019-12-06,3.5999999046325684,3.5999999046325684,3.450000047683716,3.450000047683716,3.450000047683716,3373
2019-12-09,3.5999999046325684,3.5999999046325684,3.299999952316284,3.3499999046325684,3.3499999046325684,616
2019-12-10,3.299999952316284,3.299999952316284,3.200000047683716,3.299999952316284,3.299999952316284,106
2019-12-11,3.299999952316284,3.3499999046325684,3.200000047683716,3.200000047683716,3.200000047683716,1987
2019-12-12,3.25,3.25,3.1500000953674316,3.1500000953674316,3.1500000953674316,3
2019-12-13,3.1500000953674316,3.299999952316284,3.1500000953674316,3.299999952316284,3.299999952316284,131
2019-12-16,3.299999952316284,3.299999952316284,3.200000047683716,3.200000047683716,3.200000047683716,325
2019-12-17,3.299999952316284,3.299999952316284,3.0999999046325684,3.0999999046325684,3.0999999046325684,631
2019-12-18,3.0999999046325684,3.25,2.950000047683716,3.25,3.25,1532
2019-12-19,3.25,3.4000000953674316,3.1500000953674316,3.4000000953674316,3.4000000953674316,8858
2019-12-20,3.4000000953674316,3.549999952316284,3.4000000953674316,3.549999952316284,3.549999952316284,8576
2019-12-23,3.5999999046325684,3.700000047683716,3.549999952316284,3.6500000953674316,3.6500000953674316,12249
2019-12-24,3.799999952316284,3.799999952316284,3.5,3.799999952316284,3.799999952316284,3972
2019-12-26,3.950000047683716,3.950000047683716,3.6500000953674316,3.9000000953674316,3.9000000953674316,6384
2019-12-27,4.050000190734863,4.050000190734863,3.75,3.8499999046325684,3.8499999046325684,7780
2019-12-30,4.0,4.0,3.700000047683716,3.9000000953674316,3.9000000953674316,3949
2019-12-31,4.0,4.050000190734863,3.75,3.950000047683716,3.950000047683716,5576
2020-01-01,4.050000190734863,4.099999904632568,3.799999952316284,4.0,4.0,5003
2020-01-02,3.799999952316284,4.199999809265137,3.799999952316284,4.099999904632568,4.099999904632568,21414
2020-01-03,4.300000190734863,4.300000190734863,3.9000000953674316,4.050000190734863,4.050000190734863,1632
2020-01-06,4.199999809265137,4.199999809265137,3.8499999046325684,4.050000190734863,4.050000190734863,2743
2020-01-07,4.199999809265137,4.199999809265137,3.8499999046325684,3.950000047683716,3.950000047683716,7933
2020-01-08,3.799999952316284,3.9000000953674316,3.799999952316284,3.8499999046325684,3.8499999046325684,255
2020-01-09,4.0,4.0,3.700000047683716,3.700000047683716,3.700000047683716,5197
2020-01-10,3.549999952316284,3.549999952316284,3.549999952316284,3.549999952316284,3.549999952316284,780
2020-01-13,3.4000000953674316,3.4000000953674316,3.4000000953674316,3.4000000953674316,3.4000000953674316,2240
2020-01-14,3.25,3.25,3.25,3.25,3.25,13668
2020-01-15,3.0999999046325684,3.0999999046325684,3.0999999046325684,3.0999999046325684,3.0999999046325684,212
2020-01-16,3.0,3.25,2.950000047683716,3.0,3.0,6970
2020-01-17,3.1500000953674316,3.1500000953674316,2.8499999046325684,3.0999999046325684,3.0999999046325684,1170
2020-01-20,2.950000047683716,3.25,2.950000047683716,3.25,3.25,10325
2020-01-21,3.4000000953674316,3.4000000953674316,3.0999999046325684,3.0999999046325684,3.0999999046325684,446
2020-01-22,3.200000047683716,3.200000047683716,2.950000047683716,3.0999999046325684,3.0999999046325684,3745
2020-01-23,2.950000047683716,3.049999952316284,2.950000047683716,3.049999952316284,3.049999952316284,32040
2020-01-24,3.0,3.1500000953674316,2.9000000953674316,2.9000000953674316,2.9000000953674316,1674
2020-01-27,2.799999952316284,2.9000000953674316,2.799999952316284,2.9000000953674316,2.9000000953674316,15777
2020-01-28,2.799999952316284,2.9000000953674316,2.799999952316284,2.9000000953674316,2.9000000953674316,12451
2020-01-29,2.799999952316284,2.950000047683716,2.799999952316284,2.9000000953674316,2.9000000953674316,2561
2020-01-30,2.799999952316284,3.0,2.799999952316284,3.0,3.0,3223
2020-01-31,3.0,3.0,2.8499999046325684,3.0,3.0,7787
2020-02-03,2.8499999046325684,3.1500000953674316,2.8499999046325684,3.0999999046325684,3.0999999046325684,1484
2020-02-04,3.0999999046325684,3.0999999046325684,3.0999999046325684,3.0999999046325684,3.0999999046325684,0
2020-02-05,2.950000047683716,2.950000047683716,2.950000047683716,2.950000047683716,2.950000047683716,3725
2020-02-06,2.950000047683716,2.950000047683716,2.8499999046325684,2.8499999046325684,2.8499999046325684,2189
2020-02-07,2.799999952316284,2.8499999046325684,2.75,2.75,2.75,1208
2020-02-10,2.75,2.75,2.75,2.75,2.75,1618
2020-02-11,2.75,2.75,2.6500000953674316,2.6500000953674316,2.6500000953674316,5465
2020-02-12,2.6500000953674316,2.6500000953674316,2.5999999046325684,2.6500000953674316,2.6500000953674316,1223
2020-02-13,2.6500000953674316,2.75,2.549999952316284,2.6500000953674316,2.6500000953674316,5328
2020-02-14,2.5999999046325684,2.5999999046325684,2.5999999046325684,2.5999999046325684,2.5999999046325684,169
2020-02-17,2.5999999046325684,2.700000047683716,2.5999999046325684,2.700000047683716,2.700000047683716,717
2020-02-18,2.700000047683716,2.700000047683716,2.700000047683716,2.700000047683716,2.700000047683716,3
2020-02-19,2.6500000953674316,2.6500000953674316,2.5999999046325684,2.6500000953674316,2.6500000953674316,198
2020-02-20,2.549999952316284,2.549999952316284,2.549999952316284,2.549999952316284,2.549999952316284,2687
2020-02-24,2.450000047683716,2.450000047683716,2.450000047683716,2.450000047683716,2.450000047683716,149
2020-02-25,2.3499999046325684,2.3499999046325684,2.3499999046325684,2.3499999046325684,2.3499999046325684,1855
2020-02-26,2.25,2.25,2.25,2.25,2.25,12
2020-02-27,2.25,2.25,2.25,2.25,2.25,0
2020-02-28,2.200000047683716,2.200000047683716,2.200000047683716,2.200000047683716,2.200000047683716,149
2020-03-02,2.200000047683716,2.200000047683716,2.200000047683716,2.200000047683716,2.200000047683716,50
2020-03-03,2.0999999046325684,2.0999999046325684,2.0999999046325684,2.0999999046325684,2.0999999046325684,450
2020-03-04,2.0999999046325684,2.200000047683716,2.0,2.0,2.0,3731
2020-03-05,2.0,2.0,2.0,2.0,2.0,211
2020-03-06,2.0999999046325684,2.0999999046325684,2.0,2.0,2.0,270
2020-03-09,2.0,2.0,2.0,2.0,2.0,0
2020-03-11,1.899999976158142,2.0,1.899999976158142,2.0,2.0,643
2020-03-12,2.0,2.0,2.0,2.0,2.0,50
2020-03-13,1.9500000476837158,2.0,1.899999976158142,1.899999976158142,1.899999976158142,10015
2020-03-16,1.9500000476837158,1.9500000476837158,1.850000023841858,1.9500000476837158,1.9500000476837158,1964
2020-03-17,1.899999976158142,1.899999976158142,1.899999976158142,1.899999976158142,1.899999976158142,382
2020-03-18,1.899999976158142,1.899999976158142,1.899999976158142,1.899999976158142,1.899999976158142,1
2020-03-19,1.899999976158142,1.899999976158142,1.850000023841858,1.899999976158142,1.899999976158142,121
2020-03-20,1.850000023841858,1.899999976158142,1.850000023841858,1.899999976158142,1.899999976158142,12
2020-03-23,1.850000023841858,1.850000023841858,1.850000023841858,1.850000023841858,1.850000023841858,10
2020-03-24,1.850000023841858,1.899999976158142,1.7999999523162842,1.850000023841858,1.850000023841858,606
2020-03-25,1.7999999523162842,1.7999999523162842,1.7999999523162842,1.7999999523162842,1.7999999523162842,108
2020-03-26,1.7999999523162842,1.850000023841858,1.7999999523162842,1.7999999523162842,1.7999999523162842,2218
2020-03-27,1.7999999523162842,1.850000023841858,1.7999999523162842,1.7999999523162842,1.7999999523162842,2480
2020-03-30,1.7999999523162842,1.7999999523162842,1.7999999523162842,1.7999999523162842,1.7999999523162842,10
2020-03-31,1.7999999523162842,1.7999999523162842,1.75,1.75,1.75,380
2020-04-01,1.7999999523162842,1.7999999523162842,1.7999999523162842,1.7999999523162842,1.7999999523162842,500
2020-04-03,1.7999999523162842,1.7999999523162842,1.7999999523162842,1.7999999523162842,1.7999999523162842,31
2020-04-07,1.7999999523162842,1.7999999523162842,1.7999999523162842,1.7999999523162842,1.7999999523162842,60
2020-04-08,1.850000023841858,1.850000023841858,1.7999999523162842,1.850000023841858,1.850000023841858,616
2020-04-09,1.899999976158142,1.899999976158142,1.7999999523162842,1.7999999523162842,1.7999999523162842,403
2020-04-13,1.7999999523162842,1.7999999523162842,1.7999999523162842,1.7999999523162842,1.7999999523162842,5
2020-04-15,1.850000023841858,1.850000023841858,1.850000023841858,1.850000023841858,1.850000023841858,90
2020-04-16,1.7999999523162842,1.850000023841858,1.850000023841858,1.850000023841858,1.850000023841858,1
2020-04-17,1.850000023841858,1.850000023841858,1.850000023841858,1.850000023841858,1.850000023841858,100
2020-04-20,1.850000023841858,1.850000023841858,1.850000023841858,1.850000023841858,1.850000023841858,25
2020-04-21,1.850000023841858,1.850000023841858,1.850000023841858,1.850000023841858,1.850000023841858,11
2020-04-22,1.899999976158142,1.899999976158142,1.899999976158142,1.899999976158142,1.899999976158142,694
2020-04-23,1.850000023841858,1.899999976158142,1.850000023841858,1.850000023841858,1.850000023841858,110
2020-04-24,1.850000023841858,1.850000023841858,1.850000023841858,1.850000023841858,1.850000023841858,0
2020-04-27,1.850000023841858,1.850000023841858,1.850000023841858,1.850000023841858,1.850000023841858,0
2020-04-28,1.850000023841858,1.850000023841858,1.850000023841858,1.850000023841858,1.850000023841858,47
2020-04-29,1.850000023841858,1.850000023841858,1.850000023841858,1.850000023841858,1.850000023841858,100
2020-04-30,1.7999999523162842,1.7999999523162842,1.7999999523162842,1.7999999523162842,1.7999999523162842,262
2020-05-04,1.850000023841858,1.850000023841858,1.850000023841858,1.850000023841858,1.850000023841858,2000
2020-05-05,1.850000023841858,1.850000023841858,1.850000023841858,1.850000023841858,1.850000023841858,590
2020-05-06,1.850000023841858,1.850000023841858,1.850000023841858,1.850000023841858,1.850000023841858,0
2020-05-07,1.899999976158142,1.899999976158142,1.850000023841858,1.899999976158142,1.899999976158142,603
2020-05-08,1.899999976158142,1.899999976158142,1.899999976158142,1.899999976158142,1.899999976158142,0
2020-05-11,1.899999976158142,1.899999976158142,1.899999976158142,1.899999976158142,1.899999976158142,0
2020-05-12,1.899999976158142,1.899999976158142,1.899999976158142,1.899999976158142,1.899999976158142,500
2020-05-13,1.899999976158142,1.899999976158142,1.899999976158142,1.899999976158142,1.899999976158142,13
2020-05-14,1.899999976158142,1.899999976158142,1.899999976158142,1.899999976158142,1.899999976158142,0
2020-05-15,1.899999976158142,1.899999976158142,1.899999976158142,1.899999976158142,1.899999976158142,0
2020-05-18,1.899999976158142,1.899999976158142,1.899999976158142,1.899999976158142,1.899999976158142,0
2020-05-19,1.899999976158142,1.899999976158142,1.899999976158142,1.899999976158142,1.899999976158142,25
2020-05-20,1.899999976158142,1.899999976158142,1.899999976158142,1.899999976158142,1.899999976158142,100
2020-05-21,1.899999976158142,1.899999976158142,1.899999976158142,1.899999976158142,1.899999976158142,0
2020-05-22,1.899999976158142,1.899999976158142,1.899999976158142,1.899999976158142,1.899999976158142,0
2020-05-26,1.899999976158142,1.899999976158142,1.899999976158142,1.899999976158142,1.899999976158142,0
2020-05-27,1.899999976158142,1.899999976158142,1.899999976158142,1.899999976158142,1.899999976158142,0
2020-05-28,1.899999976158142,1.899999976158142,1.899999976158142,1.899999976158142,1.899999976158142,0
2020-05-29,1.899999976158142,1.899999976158142,1.899999976158142,1.899999976158142,1.899999976158142,0
2020-06-01,1.899999976158142,1.899999976158142,1.899999976158142,1.899999976158142,1.899999976158142,0
2020-06-02,1.899999976158142,1.899999976158142,1.899999976158142,1.899999976158142,1.899999976158142,100
2020-06-03,1.899999976158142,1.899999976158142,1.899999976158142,1.899999976158142,1.899999976158142,0
2020-06-04,1.899999976158142,1.899999976158142,1.899999976158142,1.899999976158142,1.899999976158142,5
2020-06-05,1.850000023841858,1.850000023841858,1.850000023841858,1.850000023841858,1.850000023841858,500
